INFO:     Will watch for changes in these directories: ['/Users/sachinmishra/Desktop/MCP/health-monitor/backend']
INFO:     Uvicorn running on http://0.0.0.0:8000 (Press CTRL+C to quit)
INFO:     Started reloader process [29069] using WatchFiles
INFO:     Started server process [29130]
INFO:     Waiting for application startup.
INFO:     Application startup complete.
INFO:     127.0.0.1:57225 - "POST /auth/register HTTP/1.1" 400 Bad Request
INFO:     127.0.0.1:57225 - "POST /auth/token HTTP/1.1" 200 OK
INFO:     127.0.0.1:57227 - "POST /vitals HTTP/1.1" 500 Internal Server Error
ERROR:    Exception in ASGI application
Traceback (most recent call last):
  File "/Users/sachinmishra/Desktop/MCP/.venv/lib/python3.12/site-packages/uvicorn/protocols/http/httptools_impl.py", line 416, in run_asgi
    result = await app(  # type: ignore[func-returns-value]
             ^^^^^^^^^^^^^^^^^^^^^^^^^^^^^^^^^^^^^^^^^^^^^^
  File "/Users/sachinmishra/Desktop/MCP/.venv/lib/python3.12/site-packages/uvicorn/middleware/proxy_headers.py", line 60, in __call__
    return await self.app(scope, receive, send)
           ^^^^^^^^^^^^^^^^^^^^^^^^^^^^^^^^^^^^
  File "/Users/sachinmishra/Desktop/MCP/.venv/lib/python3.12/site-packages/fastapi/applications.py", line 1138, in __call__
    await super().__call__(scope, receive, send)
  File "/Users/sachinmishra/Desktop/MCP/.venv/lib/python3.12/site-packages/starlette/applications.py", line 107, in __call__
    await self.middleware_stack(scope, receive, send)
  File "/Users/sachinmishra/Desktop/MCP/.venv/lib/python3.12/site-packages/starlette/middleware/errors.py", line 186, in __call__
    raise exc
  File "/Users/sachinmishra/Desktop/MCP/.venv/lib/python3.12/site-packages/starlette/middleware/errors.py", line 164, in __call__
    await self.app(scope, receive, _send)
  File "/Users/sachinmishra/Desktop/MCP/.venv/lib/python3.12/site-packages/starlette/middleware/exceptions.py", line 63, in __call__
    await wrap_app_handling_exceptions(self.app, conn)(scope, receive, send)
  File "/Users/sachinmishra/Desktop/MCP/.venv/lib/python3.12/site-packages/starlette/_exception_handler.py", line 53, in wrapped_app
    raise exc
  File "/Users/sachinmishra/Desktop/MCP/.venv/lib/python3.12/site-packages/starlette/_exception_handler.py", line 42, in wrapped_app
    await app(scope, receive, sender)
  File "/Users/sachinmishra/Desktop/MCP/.venv/lib/python3.12/site-packages/fastapi/middleware/asyncexitstack.py", line 18, in __call__
    await self.app(scope, receive, send)
  File "/Users/sachinmishra/Desktop/MCP/.venv/lib/python3.12/site-packages/starlette/routing.py", line 716, in __call__
    await self.middleware_stack(scope, receive, send)
  File "/Users/sachinmishra/Desktop/MCP/.venv/lib/python3.12/site-packages/starlette/routing.py", line 736, in app
    await route.handle(scope, receive, send)
  File "/Users/sachinmishra/Desktop/MCP/.venv/lib/python3.12/site-packages/starlette/routing.py", line 290, in handle
    await self.app(scope, receive, send)
  File "/Users/sachinmishra/Desktop/MCP/.venv/lib/python3.12/site-packages/fastapi/routing.py", line 121, in app
    await wrap_app_handling_exceptions(app, request)(scope, receive, send)
  File "/Users/sachinmishra/Desktop/MCP/.venv/lib/python3.12/site-packages/starlette/_exception_handler.py", line 53, in wrapped_app
    raise exc
  File "/Users/sachinmishra/Desktop/MCP/.venv/lib/python3.12/site-packages/starlette/_exception_handler.py", line 42, in wrapped_app
    await app(scope, receive, sender)
  File "/Users/sachinmishra/Desktop/MCP/.venv/lib/python3.12/site-packages/fastapi/routing.py", line 107, in app
    response = await f(request)
               ^^^^^^^^^^^^^^^^
  File "/Users/sachinmishra/Desktop/MCP/.venv/lib/python3.12/site-packages/fastapi/routing.py", line 426, in app
    raw_response = await run_endpoint_function(
                   ^^^^^^^^^^^^^^^^^^^^^^^^^^^^
  File "/Users/sachinmishra/Desktop/MCP/.venv/lib/python3.12/site-packages/fastapi/routing.py", line 314, in run_endpoint_function
    return await dependant.call(**values)
           ^^^^^^^^^^^^^^^^^^^^^^^^^^^^^^
  File "/Users/sachinmishra/Desktop/MCP/health-monitor/backend/main.py", line 36, in ingest_vital
    vital = Vital.model_validate(vital_in)
            ^^^^^^^^^^^^^^^^^^^^^^^^^^^^^^
  File "/Users/sachinmishra/Desktop/MCP/.venv/lib/python3.12/site-packages/sqlmodel/main.py", line 880, in model_validate
    return sqlmodel_validate(
           ^^^^^^^^^^^^^^^^^^
  File "/Users/sachinmishra/Desktop/MCP/.venv/lib/python3.12/site-packages/sqlmodel/_compat.py", line 300, in sqlmodel_validate
    cls.__pydantic_validator__.validate_python(
pydantic_core._pydantic_core.ValidationError: 2 validation errors for Vital
user_id
  Field required [type=missing, input_value=VitalCreate(metric='heart...id=None, timestamp=None), input_type=VitalCreate]
    For further information visit https://errors.pydantic.dev/2.12/v/missing
timestamp
  Input should be a valid datetime [type=datetime_type, input_value=None, input_type=NoneType]
    For further information visit https://errors.pydantic.dev/2.12/v/datetime_type
INFO:     127.0.0.1:57229 - "POST /vitals HTTP/1.1" 500 Internal Server Error
ERROR:    Exception in ASGI application
Traceback (most recent call last):
  File "/Users/sachinmishra/Desktop/MCP/.venv/lib/python3.12/site-packages/uvicorn/protocols/http/httptools_impl.py", line 416, in run_asgi
    result = await app(  # type: ignore[func-returns-value]
             ^^^^^^^^^^^^^^^^^^^^^^^^^^^^^^^^^^^^^^^^^^^^^^
  File "/Users/sachinmishra/Desktop/MCP/.venv/lib/python3.12/site-packages/uvicorn/middleware/proxy_headers.py", line 60, in __call__
    return await self.app(scope, receive, send)
           ^^^^^^^^^^^^^^^^^^^^^^^^^^^^^^^^^^^^
  File "/Users/sachinmishra/Desktop/MCP/.venv/lib/python3.12/site-packages/fastapi/applications.py", line 1138, in __call__
    await super().__call__(scope, receive, send)
  File "/Users/sachinmishra/Desktop/MCP/.venv/lib/python3.12/site-packages/starlette/applications.py", line 107, in __call__
    await self.middleware_stack(scope, receive, send)
  File "/Users/sachinmishra/Desktop/MCP/.venv/lib/python3.12/site-packages/starlette/middleware/errors.py", line 186, in __call__
    raise exc
  File "/Users/sachinmishra/Desktop/MCP/.venv/lib/python3.12/site-packages/starlette/middleware/errors.py", line 164, in __call__
    await self.app(scope, receive, _send)
  File "/Users/sachinmishra/Desktop/MCP/.venv/lib/python3.12/site-packages/starlette/middleware/exceptions.py", line 63, in __call__
    await wrap_app_handling_exceptions(self.app, conn)(scope, receive, send)
  File "/Users/sachinmishra/Desktop/MCP/.venv/lib/python3.12/site-packages/starlette/_exception_handler.py", line 53, in wrapped_app
    raise exc
  File "/Users/sachinmishra/Desktop/MCP/.venv/lib/python3.12/site-packages/starlette/_exception_handler.py", line 42, in wrapped_app
    await app(scope, receive, sender)
  File "/Users/sachinmishra/Desktop/MCP/.venv/lib/python3.12/site-packages/fastapi/middleware/asyncexitstack.py", line 18, in __call__
    await self.app(scope, receive, send)
  File "/Users/sachinmishra/Desktop/MCP/.venv/lib/python3.12/site-packages/starlette/routing.py", line 716, in __call__
    await self.middleware_stack(scope, receive, send)
  File "/Users/sachinmishra/Desktop/MCP/.venv/lib/python3.12/site-packages/starlette/routing.py", line 736, in app
    await route.handle(scope, receive, send)
  File "/Users/sachinmishra/Desktop/MCP/.venv/lib/python3.12/site-packages/starlette/routing.py", line 290, in handle
    await self.app(scope, receive, send)
  File "/Users/sachinmishra/Desktop/MCP/.venv/lib/python3.12/site-packages/fastapi/routing.py", line 121, in app
    await wrap_app_handling_exceptions(app, request)(scope, receive, send)
  File "/Users/sachinmishra/Desktop/MCP/.venv/lib/python3.12/site-packages/starlette/_exception_handler.py", line 53, in wrapped_app
    raise exc
  File "/Users/sachinmishra/Desktop/MCP/.venv/lib/python3.12/site-packages/starlette/_exception_handler.py", line 42, in wrapped_app
    await app(scope, receive, sender)
  File "/Users/sachinmishra/Desktop/MCP/.venv/lib/python3.12/site-packages/fastapi/routing.py", line 107, in app
    response = await f(request)
               ^^^^^^^^^^^^^^^^
  File "/Users/sachinmishra/Desktop/MCP/.venv/lib/python3.12/site-packages/fastapi/routing.py", line 426, in app
    raw_response = await run_endpoint_function(
                   ^^^^^^^^^^^^^^^^^^^^^^^^^^^^
  File "/Users/sachinmishra/Desktop/MCP/.venv/lib/python3.12/site-packages/fastapi/routing.py", line 314, in run_endpoint_function
    return await dependant.call(**values)
           ^^^^^^^^^^^^^^^^^^^^^^^^^^^^^^
  File "/Users/sachinmishra/Desktop/MCP/health-monitor/backend/main.py", line 36, in ingest_vital
    vital = Vital.model_validate(vital_in)
            ^^^^^^^^^^^^^^^^^^^^^^^^^^^^^^
  File "/Users/sachinmishra/Desktop/MCP/.venv/lib/python3.12/site-packages/sqlmodel/main.py", line 880, in model_validate
    return sqlmodel_validate(
           ^^^^^^^^^^^^^^^^^^
  File "/Users/sachinmishra/Desktop/MCP/.venv/lib/python3.12/site-packages/sqlmodel/_compat.py", line 300, in sqlmodel_validate
    cls.__pydantic_validator__.validate_python(
pydantic_core._pydantic_core.ValidationError: 2 validation errors for Vital
user_id
  Field required [type=missing, input_value=VitalCreate(metric='spo2'...id=None, timestamp=None), input_type=VitalCreate]
    For further information visit https://errors.pydantic.dev/2.12/v/missing
timestamp
  Input should be a valid datetime [type=datetime_type, input_value=None, input_type=NoneType]
    For further information visit https://errors.pydantic.dev/2.12/v/datetime_type
INFO:     127.0.0.1:57233 - "POST /vitals HTTP/1.1" 500 Internal Server Error
ERROR:    Exception in ASGI application
Traceback (most recent call last):
  File "/Users/sachinmishra/Desktop/MCP/.venv/lib/python3.12/site-packages/uvicorn/protocols/http/httptools_impl.py", line 416, in run_asgi
    result = await app(  # type: ignore[func-returns-value]
             ^^^^^^^^^^^^^^^^^^^^^^^^^^^^^^^^^^^^^^^^^^^^^^
  File "/Users/sachinmishra/Desktop/MCP/.venv/lib/python3.12/site-packages/uvicorn/middleware/proxy_headers.py", line 60, in __call__
    return await self.app(scope, receive, send)
           ^^^^^^^^^^^^^^^^^^^^^^^^^^^^^^^^^^^^
  File "/Users/sachinmishra/Desktop/MCP/.venv/lib/python3.12/site-packages/fastapi/applications.py", line 1138, in __call__
    await super().__call__(scope, receive, send)
  File "/Users/sachinmishra/Desktop/MCP/.venv/lib/python3.12/site-packages/starlette/applications.py", line 107, in __call__
    await self.middleware_stack(scope, receive, send)
  File "/Users/sachinmishra/Desktop/MCP/.venv/lib/python3.12/site-packages/starlette/middleware/errors.py", line 186, in __call__
    raise exc
  File "/Users/sachinmishra/Desktop/MCP/.venv/lib/python3.12/site-packages/starlette/middleware/errors.py", line 164, in __call__
    await self.app(scope, receive, _send)
  File "/Users/sachinmishra/Desktop/MCP/.venv/lib/python3.12/site-packages/starlette/middleware/exceptions.py", line 63, in __call__
    await wrap_app_handling_exceptions(self.app, conn)(scope, receive, send)
  File "/Users/sachinmishra/Desktop/MCP/.venv/lib/python3.12/site-packages/starlette/_exception_handler.py", line 53, in wrapped_app
    raise exc
  File "/Users/sachinmishra/Desktop/MCP/.venv/lib/python3.12/site-packages/starlette/_exception_handler.py", line 42, in wrapped_app
    await app(scope, receive, sender)
  File "/Users/sachinmishra/Desktop/MCP/.venv/lib/python3.12/site-packages/fastapi/middleware/asyncexitstack.py", line 18, in __call__
    await self.app(scope, receive, send)
  File "/Users/sachinmishra/Desktop/MCP/.venv/lib/python3.12/site-packages/starlette/routing.py", line 716, in __call__
    await self.middleware_stack(scope, receive, send)
  File "/Users/sachinmishra/Desktop/MCP/.venv/lib/python3.12/site-packages/starlette/routing.py", line 736, in app
    await route.handle(scope, receive, send)
  File "/Users/sachinmishra/Desktop/MCP/.venv/lib/python3.12/site-packages/starlette/routing.py", line 290, in handle
    await self.app(scope, receive, send)
  File "/Users/sachinmishra/Desktop/MCP/.venv/lib/python3.12/site-packages/fastapi/routing.py", line 121, in app
    await wrap_app_handling_exceptions(app, request)(scope, receive, send)
  File "/Users/sachinmishra/Desktop/MCP/.venv/lib/python3.12/site-packages/starlette/_exception_handler.py", line 53, in wrapped_app
    raise exc
  File "/Users/sachinmishra/Desktop/MCP/.venv/lib/python3.12/site-packages/starlette/_exception_handler.py", line 42, in wrapped_app
    await app(scope, receive, sender)
  File "/Users/sachinmishra/Desktop/MCP/.venv/lib/python3.12/site-packages/fastapi/routing.py", line 107, in app
    response = await f(request)
               ^^^^^^^^^^^^^^^^
  File "/Users/sachinmishra/Desktop/MCP/.venv/lib/python3.12/site-packages/fastapi/routing.py", line 426, in app
    raw_response = await run_endpoint_function(
                   ^^^^^^^^^^^^^^^^^^^^^^^^^^^^
  File "/Users/sachinmishra/Desktop/MCP/.venv/lib/python3.12/site-packages/fastapi/routing.py", line 314, in run_endpoint_function
    return await dependant.call(**values)
           ^^^^^^^^^^^^^^^^^^^^^^^^^^^^^^
  File "/Users/sachinmishra/Desktop/MCP/health-monitor/backend/main.py", line 36, in ingest_vital
    vital = Vital.model_validate(vital_in)
            ^^^^^^^^^^^^^^^^^^^^^^^^^^^^^^
  File "/Users/sachinmishra/Desktop/MCP/.venv/lib/python3.12/site-packages/sqlmodel/main.py", line 880, in model_validate
    return sqlmodel_validate(
           ^^^^^^^^^^^^^^^^^^
  File "/Users/sachinmishra/Desktop/MCP/.venv/lib/python3.12/site-packages/sqlmodel/_compat.py", line 300, in sqlmodel_validate
    cls.__pydantic_validator__.validate_python(
pydantic_core._pydantic_core.ValidationError: 2 validation errors for Vital
user_id
  Field required [type=missing, input_value=VitalCreate(metric='spo2'...id=None, timestamp=None), input_type=VitalCreate]
    For further information visit https://errors.pydantic.dev/2.12/v/missing
timestamp
  Input should be a valid datetime [type=datetime_type, input_value=None, input_type=NoneType]
    For further information visit https://errors.pydantic.dev/2.12/v/datetime_type
INFO:     127.0.0.1:57235 - "POST /vitals HTTP/1.1" 500 Internal Server Error
ERROR:    Exception in ASGI application
Traceback (most recent call last):
  File "/Users/sachinmishra/Desktop/MCP/.venv/lib/python3.12/site-packages/uvicorn/protocols/http/httptools_impl.py", line 416, in run_asgi
    result = await app(  # type: ignore[func-returns-value]
             ^^^^^^^^^^^^^^^^^^^^^^^^^^^^^^^^^^^^^^^^^^^^^^
  File "/Users/sachinmishra/Desktop/MCP/.venv/lib/python3.12/site-packages/uvicorn/middleware/proxy_headers.py", line 60, in __call__
    return await self.app(scope, receive, send)
           ^^^^^^^^^^^^^^^^^^^^^^^^^^^^^^^^^^^^
  File "/Users/sachinmishra/Desktop/MCP/.venv/lib/python3.12/site-packages/fastapi/applications.py", line 1138, in __call__
    await super().__call__(scope, receive, send)
  File "/Users/sachinmishra/Desktop/MCP/.venv/lib/python3.12/site-packages/starlette/applications.py", line 107, in __call__
    await self.middleware_stack(scope, receive, send)
  File "/Users/sachinmishra/Desktop/MCP/.venv/lib/python3.12/site-packages/starlette/middleware/errors.py", line 186, in __call__
    raise exc
  File "/Users/sachinmishra/Desktop/MCP/.venv/lib/python3.12/site-packages/starlette/middleware/errors.py", line 164, in __call__
    await self.app(scope, receive, _send)
  File "/Users/sachinmishra/Desktop/MCP/.venv/lib/python3.12/site-packages/starlette/middleware/exceptions.py", line 63, in __call__
    await wrap_app_handling_exceptions(self.app, conn)(scope, receive, send)
  File "/Users/sachinmishra/Desktop/MCP/.venv/lib/python3.12/site-packages/starlette/_exception_handler.py", line 53, in wrapped_app
    raise exc
  File "/Users/sachinmishra/Desktop/MCP/.venv/lib/python3.12/site-packages/starlette/_exception_handler.py", line 42, in wrapped_app
    await app(scope, receive, sender)
  File "/Users/sachinmishra/Desktop/MCP/.venv/lib/python3.12/site-packages/fastapi/middleware/asyncexitstack.py", line 18, in __call__
    await self.app(scope, receive, send)
  File "/Users/sachinmishra/Desktop/MCP/.venv/lib/python3.12/site-packages/starlette/routing.py", line 716, in __call__
    await self.middleware_stack(scope, receive, send)
  File "/Users/sachinmishra/Desktop/MCP/.venv/lib/python3.12/site-packages/starlette/routing.py", line 736, in app
    await route.handle(scope, receive, send)
  File "/Users/sachinmishra/Desktop/MCP/.venv/lib/python3.12/site-packages/starlette/routing.py", line 290, in handle
    await self.app(scope, receive, send)
  File "/Users/sachinmishra/Desktop/MCP/.venv/lib/python3.12/site-packages/fastapi/routing.py", line 121, in app
    await wrap_app_handling_exceptions(app, request)(scope, receive, send)
  File "/Users/sachinmishra/Desktop/MCP/.venv/lib/python3.12/site-packages/starlette/_exception_handler.py", line 53, in wrapped_app
    raise exc
  File "/Users/sachinmishra/Desktop/MCP/.venv/lib/python3.12/site-packages/starlette/_exception_handler.py", line 42, in wrapped_app
    await app(scope, receive, sender)
  File "/Users/sachinmishra/Desktop/MCP/.venv/lib/python3.12/site-packages/fastapi/routing.py", line 107, in app
    response = await f(request)
               ^^^^^^^^^^^^^^^^
  File "/Users/sachinmishra/Desktop/MCP/.venv/lib/python3.12/site-packages/fastapi/routing.py", line 426, in app
    raw_response = await run_endpoint_function(
                   ^^^^^^^^^^^^^^^^^^^^^^^^^^^^
  File "/Users/sachinmishra/Desktop/MCP/.venv/lib/python3.12/site-packages/fastapi/routing.py", line 314, in run_endpoint_function
    return await dependant.call(**values)
           ^^^^^^^^^^^^^^^^^^^^^^^^^^^^^^
  File "/Users/sachinmishra/Desktop/MCP/health-monitor/backend/main.py", line 36, in ingest_vital
    vital = Vital.model_validate(vital_in)
            ^^^^^^^^^^^^^^^^^^^^^^^^^^^^^^
  File "/Users/sachinmishra/Desktop/MCP/.venv/lib/python3.12/site-packages/sqlmodel/main.py", line 880, in model_validate
    return sqlmodel_validate(
           ^^^^^^^^^^^^^^^^^^
  File "/Users/sachinmishra/Desktop/MCP/.venv/lib/python3.12/site-packages/sqlmodel/_compat.py", line 300, in sqlmodel_validate
    cls.__pydantic_validator__.validate_python(
pydantic_core._pydantic_core.ValidationError: 2 validation errors for Vital
user_id
  Field required [type=missing, input_value=VitalCreate(metric='gluco...id=None, timestamp=None), input_type=VitalCreate]
    For further information visit https://errors.pydantic.dev/2.12/v/missing
timestamp
  Input should be a valid datetime [type=datetime_type, input_value=None, input_type=NoneType]
    For further information visit https://errors.pydantic.dev/2.12/v/datetime_type
INFO:     127.0.0.1:57239 - "POST /vitals HTTP/1.1" 500 Internal Server Error
ERROR:    Exception in ASGI application
Traceback (most recent call last):
  File "/Users/sachinmishra/Desktop/MCP/.venv/lib/python3.12/site-packages/uvicorn/protocols/http/httptools_impl.py", line 416, in run_asgi
    result = await app(  # type: ignore[func-returns-value]
             ^^^^^^^^^^^^^^^^^^^^^^^^^^^^^^^^^^^^^^^^^^^^^^
  File "/Users/sachinmishra/Desktop/MCP/.venv/lib/python3.12/site-packages/uvicorn/middleware/proxy_headers.py", line 60, in __call__
    return await self.app(scope, receive, send)
           ^^^^^^^^^^^^^^^^^^^^^^^^^^^^^^^^^^^^
  File "/Users/sachinmishra/Desktop/MCP/.venv/lib/python3.12/site-packages/fastapi/applications.py", line 1138, in __call__
    await super().__call__(scope, receive, send)
  File "/Users/sachinmishra/Desktop/MCP/.venv/lib/python3.12/site-packages/starlette/applications.py", line 107, in __call__
    await self.middleware_stack(scope, receive, send)
  File "/Users/sachinmishra/Desktop/MCP/.venv/lib/python3.12/site-packages/starlette/middleware/errors.py", line 186, in __call__
    raise exc
  File "/Users/sachinmishra/Desktop/MCP/.venv/lib/python3.12/site-packages/starlette/middleware/errors.py", line 164, in __call__
    await self.app(scope, receive, _send)
  File "/Users/sachinmishra/Desktop/MCP/.venv/lib/python3.12/site-packages/starlette/middleware/exceptions.py", line 63, in __call__
    await wrap_app_handling_exceptions(self.app, conn)(scope, receive, send)
  File "/Users/sachinmishra/Desktop/MCP/.venv/lib/python3.12/site-packages/starlette/_exception_handler.py", line 53, in wrapped_app
    raise exc
  File "/Users/sachinmishra/Desktop/MCP/.venv/lib/python3.12/site-packages/starlette/_exception_handler.py", line 42, in wrapped_app
    await app(scope, receive, sender)
  File "/Users/sachinmishra/Desktop/MCP/.venv/lib/python3.12/site-packages/fastapi/middleware/asyncexitstack.py", line 18, in __call__
    await self.app(scope, receive, send)
  File "/Users/sachinmishra/Desktop/MCP/.venv/lib/python3.12/site-packages/starlette/routing.py", line 716, in __call__
    await self.middleware_stack(scope, receive, send)
  File "/Users/sachinmishra/Desktop/MCP/.venv/lib/python3.12/site-packages/starlette/routing.py", line 736, in app
    await route.handle(scope, receive, send)
  File "/Users/sachinmishra/Desktop/MCP/.venv/lib/python3.12/site-packages/starlette/routing.py", line 290, in handle
    await self.app(scope, receive, send)
  File "/Users/sachinmishra/Desktop/MCP/.venv/lib/python3.12/site-packages/fastapi/routing.py", line 121, in app
    await wrap_app_handling_exceptions(app, request)(scope, receive, send)
  File "/Users/sachinmishra/Desktop/MCP/.venv/lib/python3.12/site-packages/starlette/_exception_handler.py", line 53, in wrapped_app
    raise exc
  File "/Users/sachinmishra/Desktop/MCP/.venv/lib/python3.12/site-packages/starlette/_exception_handler.py", line 42, in wrapped_app
    await app(scope, receive, sender)
  File "/Users/sachinmishra/Desktop/MCP/.venv/lib/python3.12/site-packages/fastapi/routing.py", line 107, in app
    response = await f(request)
               ^^^^^^^^^^^^^^^^
  File "/Users/sachinmishra/Desktop/MCP/.venv/lib/python3.12/site-packages/fastapi/routing.py", line 426, in app
    raw_response = await run_endpoint_function(
                   ^^^^^^^^^^^^^^^^^^^^^^^^^^^^
  File "/Users/sachinmishra/Desktop/MCP/.venv/lib/python3.12/site-packages/fastapi/routing.py", line 314, in run_endpoint_function
    return await dependant.call(**values)
           ^^^^^^^^^^^^^^^^^^^^^^^^^^^^^^
  File "/Users/sachinmishra/Desktop/MCP/health-monitor/backend/main.py", line 36, in ingest_vital
    vital = Vital.model_validate(vital_in)
            ^^^^^^^^^^^^^^^^^^^^^^^^^^^^^^
  File "/Users/sachinmishra/Desktop/MCP/.venv/lib/python3.12/site-packages/sqlmodel/main.py", line 880, in model_validate
    return sqlmodel_validate(
           ^^^^^^^^^^^^^^^^^^
  File "/Users/sachinmishra/Desktop/MCP/.venv/lib/python3.12/site-packages/sqlmodel/_compat.py", line 300, in sqlmodel_validate
    cls.__pydantic_validator__.validate_python(
pydantic_core._pydantic_core.ValidationError: 2 validation errors for Vital
user_id
  Field required [type=missing, input_value=VitalCreate(metric='spo2'...id=None, timestamp=None), input_type=VitalCreate]
    For further information visit https://errors.pydantic.dev/2.12/v/missing
timestamp
  Input should be a valid datetime [type=datetime_type, input_value=None, input_type=NoneType]
    For further information visit https://errors.pydantic.dev/2.12/v/datetime_type
INFO:     127.0.0.1:57241 - "POST /vitals HTTP/1.1" 500 Internal Server Error
ERROR:    Exception in ASGI application
Traceback (most recent call last):
  File "/Users/sachinmishra/Desktop/MCP/.venv/lib/python3.12/site-packages/uvicorn/protocols/http/httptools_impl.py", line 416, in run_asgi
    result = await app(  # type: ignore[func-returns-value]
             ^^^^^^^^^^^^^^^^^^^^^^^^^^^^^^^^^^^^^^^^^^^^^^
  File "/Users/sachinmishra/Desktop/MCP/.venv/lib/python3.12/site-packages/uvicorn/middleware/proxy_headers.py", line 60, in __call__
    return await self.app(scope, receive, send)
           ^^^^^^^^^^^^^^^^^^^^^^^^^^^^^^^^^^^^
  File "/Users/sachinmishra/Desktop/MCP/.venv/lib/python3.12/site-packages/fastapi/applications.py", line 1138, in __call__
    await super().__call__(scope, receive, send)
  File "/Users/sachinmishra/Desktop/MCP/.venv/lib/python3.12/site-packages/starlette/applications.py", line 107, in __call__
    await self.middleware_stack(scope, receive, send)
  File "/Users/sachinmishra/Desktop/MCP/.venv/lib/python3.12/site-packages/starlette/middleware/errors.py", line 186, in __call__
    raise exc
  File "/Users/sachinmishra/Desktop/MCP/.venv/lib/python3.12/site-packages/starlette/middleware/errors.py", line 164, in __call__
    await self.app(scope, receive, _send)
  File "/Users/sachinmishra/Desktop/MCP/.venv/lib/python3.12/site-packages/starlette/middleware/exceptions.py", line 63, in __call__
    await wrap_app_handling_exceptions(self.app, conn)(scope, receive, send)
  File "/Users/sachinmishra/Desktop/MCP/.venv/lib/python3.12/site-packages/starlette/_exception_handler.py", line 53, in wrapped_app
    raise exc
  File "/Users/sachinmishra/Desktop/MCP/.venv/lib/python3.12/site-packages/starlette/_exception_handler.py", line 42, in wrapped_app
    await app(scope, receive, sender)
  File "/Users/sachinmishra/Desktop/MCP/.venv/lib/python3.12/site-packages/fastapi/middleware/asyncexitstack.py", line 18, in __call__
    await self.app(scope, receive, send)
  File "/Users/sachinmishra/Desktop/MCP/.venv/lib/python3.12/site-packages/starlette/routing.py", line 716, in __call__
    await self.middleware_stack(scope, receive, send)
  File "/Users/sachinmishra/Desktop/MCP/.venv/lib/python3.12/site-packages/starlette/routing.py", line 736, in app
    await route.handle(scope, receive, send)
  File "/Users/sachinmishra/Desktop/MCP/.venv/lib/python3.12/site-packages/starlette/routing.py", line 290, in handle
    await self.app(scope, receive, send)
  File "/Users/sachinmishra/Desktop/MCP/.venv/lib/python3.12/site-packages/fastapi/routing.py", line 121, in app
    await wrap_app_handling_exceptions(app, request)(scope, receive, send)
  File "/Users/sachinmishra/Desktop/MCP/.venv/lib/python3.12/site-packages/starlette/_exception_handler.py", line 53, in wrapped_app
    raise exc
  File "/Users/sachinmishra/Desktop/MCP/.venv/lib/python3.12/site-packages/starlette/_exception_handler.py", line 42, in wrapped_app
    await app(scope, receive, sender)
  File "/Users/sachinmishra/Desktop/MCP/.venv/lib/python3.12/site-packages/fastapi/routing.py", line 107, in app
    response = await f(request)
               ^^^^^^^^^^^^^^^^
  File "/Users/sachinmishra/Desktop/MCP/.venv/lib/python3.12/site-packages/fastapi/routing.py", line 426, in app
    raw_response = await run_endpoint_function(
                   ^^^^^^^^^^^^^^^^^^^^^^^^^^^^
  File "/Users/sachinmishra/Desktop/MCP/.venv/lib/python3.12/site-packages/fastapi/routing.py", line 314, in run_endpoint_function
    return await dependant.call(**values)
           ^^^^^^^^^^^^^^^^^^^^^^^^^^^^^^
  File "/Users/sachinmishra/Desktop/MCP/health-monitor/backend/main.py", line 36, in ingest_vital
    vital = Vital.model_validate(vital_in)
            ^^^^^^^^^^^^^^^^^^^^^^^^^^^^^^
  File "/Users/sachinmishra/Desktop/MCP/.venv/lib/python3.12/site-packages/sqlmodel/main.py", line 880, in model_validate
    return sqlmodel_validate(
           ^^^^^^^^^^^^^^^^^^
  File "/Users/sachinmishra/Desktop/MCP/.venv/lib/python3.12/site-packages/sqlmodel/_compat.py", line 300, in sqlmodel_validate
    cls.__pydantic_validator__.validate_python(
pydantic_core._pydantic_core.ValidationError: 2 validation errors for Vital
user_id
  Field required [type=missing, input_value=VitalCreate(metric='gluco...id=None, timestamp=None), input_type=VitalCreate]
    For further information visit https://errors.pydantic.dev/2.12/v/missing
timestamp
  Input should be a valid datetime [type=datetime_type, input_value=None, input_type=NoneType]
    For further information visit https://errors.pydantic.dev/2.12/v/datetime_type
INFO:     127.0.0.1:57245 - "POST /vitals HTTP/1.1" 500 Internal Server Error
ERROR:    Exception in ASGI application
Traceback (most recent call last):
  File "/Users/sachinmishra/Desktop/MCP/.venv/lib/python3.12/site-packages/uvicorn/protocols/http/httptools_impl.py", line 416, in run_asgi
    result = await app(  # type: ignore[func-returns-value]
             ^^^^^^^^^^^^^^^^^^^^^^^^^^^^^^^^^^^^^^^^^^^^^^
  File "/Users/sachinmishra/Desktop/MCP/.venv/lib/python3.12/site-packages/uvicorn/middleware/proxy_headers.py", line 60, in __call__
    return await self.app(scope, receive, send)
           ^^^^^^^^^^^^^^^^^^^^^^^^^^^^^^^^^^^^
  File "/Users/sachinmishra/Desktop/MCP/.venv/lib/python3.12/site-packages/fastapi/applications.py", line 1138, in __call__
    await super().__call__(scope, receive, send)
  File "/Users/sachinmishra/Desktop/MCP/.venv/lib/python3.12/site-packages/starlette/applications.py", line 107, in __call__
    await self.middleware_stack(scope, receive, send)
  File "/Users/sachinmishra/Desktop/MCP/.venv/lib/python3.12/site-packages/starlette/middleware/errors.py", line 186, in __call__
    raise exc
  File "/Users/sachinmishra/Desktop/MCP/.venv/lib/python3.12/site-packages/starlette/middleware/errors.py", line 164, in __call__
    await self.app(scope, receive, _send)
  File "/Users/sachinmishra/Desktop/MCP/.venv/lib/python3.12/site-packages/starlette/middleware/exceptions.py", line 63, in __call__
    await wrap_app_handling_exceptions(self.app, conn)(scope, receive, send)
  File "/Users/sachinmishra/Desktop/MCP/.venv/lib/python3.12/site-packages/starlette/_exception_handler.py", line 53, in wrapped_app
    raise exc
  File "/Users/sachinmishra/Desktop/MCP/.venv/lib/python3.12/site-packages/starlette/_exception_handler.py", line 42, in wrapped_app
    await app(scope, receive, sender)
  File "/Users/sachinmishra/Desktop/MCP/.venv/lib/python3.12/site-packages/fastapi/middleware/asyncexitstack.py", line 18, in __call__
    await self.app(scope, receive, send)
  File "/Users/sachinmishra/Desktop/MCP/.venv/lib/python3.12/site-packages/starlette/routing.py", line 716, in __call__
    await self.middleware_stack(scope, receive, send)
  File "/Users/sachinmishra/Desktop/MCP/.venv/lib/python3.12/site-packages/starlette/routing.py", line 736, in app
    await route.handle(scope, receive, send)
  File "/Users/sachinmishra/Desktop/MCP/.venv/lib/python3.12/site-packages/starlette/routing.py", line 290, in handle
    await self.app(scope, receive, send)
  File "/Users/sachinmishra/Desktop/MCP/.venv/lib/python3.12/site-packages/fastapi/routing.py", line 121, in app
    await wrap_app_handling_exceptions(app, request)(scope, receive, send)
  File "/Users/sachinmishra/Desktop/MCP/.venv/lib/python3.12/site-packages/starlette/_exception_handler.py", line 53, in wrapped_app
    raise exc
  File "/Users/sachinmishra/Desktop/MCP/.venv/lib/python3.12/site-packages/starlette/_exception_handler.py", line 42, in wrapped_app
    await app(scope, receive, sender)
  File "/Users/sachinmishra/Desktop/MCP/.venv/lib/python3.12/site-packages/fastapi/routing.py", line 107, in app
    response = await f(request)
               ^^^^^^^^^^^^^^^^
  File "/Users/sachinmishra/Desktop/MCP/.venv/lib/python3.12/site-packages/fastapi/routing.py", line 426, in app
    raw_response = await run_endpoint_function(
                   ^^^^^^^^^^^^^^^^^^^^^^^^^^^^
  File "/Users/sachinmishra/Desktop/MCP/.venv/lib/python3.12/site-packages/fastapi/routing.py", line 314, in run_endpoint_function
    return await dependant.call(**values)
           ^^^^^^^^^^^^^^^^^^^^^^^^^^^^^^
  File "/Users/sachinmishra/Desktop/MCP/health-monitor/backend/main.py", line 36, in ingest_vital
    vital = Vital.model_validate(vital_in)
            ^^^^^^^^^^^^^^^^^^^^^^^^^^^^^^
  File "/Users/sachinmishra/Desktop/MCP/.venv/lib/python3.12/site-packages/sqlmodel/main.py", line 880, in model_validate
    return sqlmodel_validate(
           ^^^^^^^^^^^^^^^^^^
  File "/Users/sachinmishra/Desktop/MCP/.venv/lib/python3.12/site-packages/sqlmodel/_compat.py", line 300, in sqlmodel_validate
    cls.__pydantic_validator__.validate_python(
pydantic_core._pydantic_core.ValidationError: 2 validation errors for Vital
user_id
  Field required [type=missing, input_value=VitalCreate(metric='gluco...id=None, timestamp=None), input_type=VitalCreate]
    For further information visit https://errors.pydantic.dev/2.12/v/missing
timestamp
  Input should be a valid datetime [type=datetime_type, input_value=None, input_type=NoneType]
    For further information visit https://errors.pydantic.dev/2.12/v/datetime_type
INFO:     127.0.0.1:57248 - "POST /vitals HTTP/1.1" 500 Internal Server Error
ERROR:    Exception in ASGI application
Traceback (most recent call last):
  File "/Users/sachinmishra/Desktop/MCP/.venv/lib/python3.12/site-packages/uvicorn/protocols/http/httptools_impl.py", line 416, in run_asgi
    result = await app(  # type: ignore[func-returns-value]
             ^^^^^^^^^^^^^^^^^^^^^^^^^^^^^^^^^^^^^^^^^^^^^^
  File "/Users/sachinmishra/Desktop/MCP/.venv/lib/python3.12/site-packages/uvicorn/middleware/proxy_headers.py", line 60, in __call__
    return await self.app(scope, receive, send)
           ^^^^^^^^^^^^^^^^^^^^^^^^^^^^^^^^^^^^
  File "/Users/sachinmishra/Desktop/MCP/.venv/lib/python3.12/site-packages/fastapi/applications.py", line 1138, in __call__
    await super().__call__(scope, receive, send)
  File "/Users/sachinmishra/Desktop/MCP/.venv/lib/python3.12/site-packages/starlette/applications.py", line 107, in __call__
    await self.middleware_stack(scope, receive, send)
  File "/Users/sachinmishra/Desktop/MCP/.venv/lib/python3.12/site-packages/starlette/middleware/errors.py", line 186, in __call__
    raise exc
  File "/Users/sachinmishra/Desktop/MCP/.venv/lib/python3.12/site-packages/starlette/middleware/errors.py", line 164, in __call__
    await self.app(scope, receive, _send)
  File "/Users/sachinmishra/Desktop/MCP/.venv/lib/python3.12/site-packages/starlette/middleware/exceptions.py", line 63, in __call__
    await wrap_app_handling_exceptions(self.app, conn)(scope, receive, send)
  File "/Users/sachinmishra/Desktop/MCP/.venv/lib/python3.12/site-packages/starlette/_exception_handler.py", line 53, in wrapped_app
    raise exc
  File "/Users/sachinmishra/Desktop/MCP/.venv/lib/python3.12/site-packages/starlette/_exception_handler.py", line 42, in wrapped_app
    await app(scope, receive, sender)
  File "/Users/sachinmishra/Desktop/MCP/.venv/lib/python3.12/site-packages/fastapi/middleware/asyncexitstack.py", line 18, in __call__
    await self.app(scope, receive, send)
  File "/Users/sachinmishra/Desktop/MCP/.venv/lib/python3.12/site-packages/starlette/routing.py", line 716, in __call__
    await self.middleware_stack(scope, receive, send)
  File "/Users/sachinmishra/Desktop/MCP/.venv/lib/python3.12/site-packages/starlette/routing.py", line 736, in app
    await route.handle(scope, receive, send)
  File "/Users/sachinmishra/Desktop/MCP/.venv/lib/python3.12/site-packages/starlette/routing.py", line 290, in handle
    await self.app(scope, receive, send)
  File "/Users/sachinmishra/Desktop/MCP/.venv/lib/python3.12/site-packages/fastapi/routing.py", line 121, in app
    await wrap_app_handling_exceptions(app, request)(scope, receive, send)
  File "/Users/sachinmishra/Desktop/MCP/.venv/lib/python3.12/site-packages/starlette/_exception_handler.py", line 53, in wrapped_app
    raise exc
  File "/Users/sachinmishra/Desktop/MCP/.venv/lib/python3.12/site-packages/starlette/_exception_handler.py", line 42, in wrapped_app
    await app(scope, receive, sender)
  File "/Users/sachinmishra/Desktop/MCP/.venv/lib/python3.12/site-packages/fastapi/routing.py", line 107, in app
    response = await f(request)
               ^^^^^^^^^^^^^^^^
  File "/Users/sachinmishra/Desktop/MCP/.venv/lib/python3.12/site-packages/fastapi/routing.py", line 426, in app
    raw_response = await run_endpoint_function(
                   ^^^^^^^^^^^^^^^^^^^^^^^^^^^^
  File "/Users/sachinmishra/Desktop/MCP/.venv/lib/python3.12/site-packages/fastapi/routing.py", line 314, in run_endpoint_function
    return await dependant.call(**values)
           ^^^^^^^^^^^^^^^^^^^^^^^^^^^^^^
  File "/Users/sachinmishra/Desktop/MCP/health-monitor/backend/main.py", line 36, in ingest_vital
    vital = Vital.model_validate(vital_in)
            ^^^^^^^^^^^^^^^^^^^^^^^^^^^^^^
  File "/Users/sachinmishra/Desktop/MCP/.venv/lib/python3.12/site-packages/sqlmodel/main.py", line 880, in model_validate
    return sqlmodel_validate(
           ^^^^^^^^^^^^^^^^^^
  File "/Users/sachinmishra/Desktop/MCP/.venv/lib/python3.12/site-packages/sqlmodel/_compat.py", line 300, in sqlmodel_validate
    cls.__pydantic_validator__.validate_python(
pydantic_core._pydantic_core.ValidationError: 2 validation errors for Vital
user_id
  Field required [type=missing, input_value=VitalCreate(metric='gluco...id=None, timestamp=None), input_type=VitalCreate]
    For further information visit https://errors.pydantic.dev/2.12/v/missing
timestamp
  Input should be a valid datetime [type=datetime_type, input_value=None, input_type=NoneType]
    For further information visit https://errors.pydantic.dev/2.12/v/datetime_type
INFO:     127.0.0.1:57252 - "POST /vitals HTTP/1.1" 500 Internal Server Error
ERROR:    Exception in ASGI application
Traceback (most recent call last):
  File "/Users/sachinmishra/Desktop/MCP/.venv/lib/python3.12/site-packages/uvicorn/protocols/http/httptools_impl.py", line 416, in run_asgi
    result = await app(  # type: ignore[func-returns-value]
             ^^^^^^^^^^^^^^^^^^^^^^^^^^^^^^^^^^^^^^^^^^^^^^
  File "/Users/sachinmishra/Desktop/MCP/.venv/lib/python3.12/site-packages/uvicorn/middleware/proxy_headers.py", line 60, in __call__
    return await self.app(scope, receive, send)
           ^^^^^^^^^^^^^^^^^^^^^^^^^^^^^^^^^^^^
  File "/Users/sachinmishra/Desktop/MCP/.venv/lib/python3.12/site-packages/fastapi/applications.py", line 1138, in __call__
    await super().__call__(scope, receive, send)
  File "/Users/sachinmishra/Desktop/MCP/.venv/lib/python3.12/site-packages/starlette/applications.py", line 107, in __call__
    await self.middleware_stack(scope, receive, send)
  File "/Users/sachinmishra/Desktop/MCP/.venv/lib/python3.12/site-packages/starlette/middleware/errors.py", line 186, in __call__
    raise exc
  File "/Users/sachinmishra/Desktop/MCP/.venv/lib/python3.12/site-packages/starlette/middleware/errors.py", line 164, in __call__
    await self.app(scope, receive, _send)
  File "/Users/sachinmishra/Desktop/MCP/.venv/lib/python3.12/site-packages/starlette/middleware/exceptions.py", line 63, in __call__
    await wrap_app_handling_exceptions(self.app, conn)(scope, receive, send)
  File "/Users/sachinmishra/Desktop/MCP/.venv/lib/python3.12/site-packages/starlette/_exception_handler.py", line 53, in wrapped_app
    raise exc
  File "/Users/sachinmishra/Desktop/MCP/.venv/lib/python3.12/site-packages/starlette/_exception_handler.py", line 42, in wrapped_app
    await app(scope, receive, sender)
  File "/Users/sachinmishra/Desktop/MCP/.venv/lib/python3.12/site-packages/fastapi/middleware/asyncexitstack.py", line 18, in __call__
    await self.app(scope, receive, send)
  File "/Users/sachinmishra/Desktop/MCP/.venv/lib/python3.12/site-packages/starlette/routing.py", line 716, in __call__
    await self.middleware_stack(scope, receive, send)
  File "/Users/sachinmishra/Desktop/MCP/.venv/lib/python3.12/site-packages/starlette/routing.py", line 736, in app
    await route.handle(scope, receive, send)
  File "/Users/sachinmishra/Desktop/MCP/.venv/lib/python3.12/site-packages/starlette/routing.py", line 290, in handle
    await self.app(scope, receive, send)
  File "/Users/sachinmishra/Desktop/MCP/.venv/lib/python3.12/site-packages/fastapi/routing.py", line 121, in app
    await wrap_app_handling_exceptions(app, request)(scope, receive, send)
  File "/Users/sachinmishra/Desktop/MCP/.venv/lib/python3.12/site-packages/starlette/_exception_handler.py", line 53, in wrapped_app
    raise exc
  File "/Users/sachinmishra/Desktop/MCP/.venv/lib/python3.12/site-packages/starlette/_exception_handler.py", line 42, in wrapped_app
    await app(scope, receive, sender)
  File "/Users/sachinmishra/Desktop/MCP/.venv/lib/python3.12/site-packages/fastapi/routing.py", line 107, in app
    response = await f(request)
               ^^^^^^^^^^^^^^^^
  File "/Users/sachinmishra/Desktop/MCP/.venv/lib/python3.12/site-packages/fastapi/routing.py", line 426, in app
    raw_response = await run_endpoint_function(
                   ^^^^^^^^^^^^^^^^^^^^^^^^^^^^
  File "/Users/sachinmishra/Desktop/MCP/.venv/lib/python3.12/site-packages/fastapi/routing.py", line 314, in run_endpoint_function
    return await dependant.call(**values)
           ^^^^^^^^^^^^^^^^^^^^^^^^^^^^^^
  File "/Users/sachinmishra/Desktop/MCP/health-monitor/backend/main.py", line 36, in ingest_vital
    vital = Vital.model_validate(vital_in)
            ^^^^^^^^^^^^^^^^^^^^^^^^^^^^^^
  File "/Users/sachinmishra/Desktop/MCP/.venv/lib/python3.12/site-packages/sqlmodel/main.py", line 880, in model_validate
    return sqlmodel_validate(
           ^^^^^^^^^^^^^^^^^^
  File "/Users/sachinmishra/Desktop/MCP/.venv/lib/python3.12/site-packages/sqlmodel/_compat.py", line 300, in sqlmodel_validate
    cls.__pydantic_validator__.validate_python(
pydantic_core._pydantic_core.ValidationError: 2 validation errors for Vital
user_id
  Field required [type=missing, input_value=VitalCreate(metric='gluco...id=None, timestamp=None), input_type=VitalCreate]
    For further information visit https://errors.pydantic.dev/2.12/v/missing
timestamp
  Input should be a valid datetime [type=datetime_type, input_value=None, input_type=NoneType]
    For further information visit https://errors.pydantic.dev/2.12/v/datetime_type
INFO:     127.0.0.1:57254 - "POST /vitals HTTP/1.1" 500 Internal Server Error
ERROR:    Exception in ASGI application
Traceback (most recent call last):
  File "/Users/sachinmishra/Desktop/MCP/.venv/lib/python3.12/site-packages/uvicorn/protocols/http/httptools_impl.py", line 416, in run_asgi
    result = await app(  # type: ignore[func-returns-value]
             ^^^^^^^^^^^^^^^^^^^^^^^^^^^^^^^^^^^^^^^^^^^^^^
  File "/Users/sachinmishra/Desktop/MCP/.venv/lib/python3.12/site-packages/uvicorn/middleware/proxy_headers.py", line 60, in __call__
    return await self.app(scope, receive, send)
           ^^^^^^^^^^^^^^^^^^^^^^^^^^^^^^^^^^^^
  File "/Users/sachinmishra/Desktop/MCP/.venv/lib/python3.12/site-packages/fastapi/applications.py", line 1138, in __call__
    await super().__call__(scope, receive, send)
  File "/Users/sachinmishra/Desktop/MCP/.venv/lib/python3.12/site-packages/starlette/applications.py", line 107, in __call__
    await self.middleware_stack(scope, receive, send)
  File "/Users/sachinmishra/Desktop/MCP/.venv/lib/python3.12/site-packages/starlette/middleware/errors.py", line 186, in __call__
    raise exc
  File "/Users/sachinmishra/Desktop/MCP/.venv/lib/python3.12/site-packages/starlette/middleware/errors.py", line 164, in __call__
    await self.app(scope, receive, _send)
  File "/Users/sachinmishra/Desktop/MCP/.venv/lib/python3.12/site-packages/starlette/middleware/exceptions.py", line 63, in __call__
    await wrap_app_handling_exceptions(self.app, conn)(scope, receive, send)
  File "/Users/sachinmishra/Desktop/MCP/.venv/lib/python3.12/site-packages/starlette/_exception_handler.py", line 53, in wrapped_app
    raise exc
  File "/Users/sachinmishra/Desktop/MCP/.venv/lib/python3.12/site-packages/starlette/_exception_handler.py", line 42, in wrapped_app
    await app(scope, receive, sender)
  File "/Users/sachinmishra/Desktop/MCP/.venv/lib/python3.12/site-packages/fastapi/middleware/asyncexitstack.py", line 18, in __call__
    await self.app(scope, receive, send)
  File "/Users/sachinmishra/Desktop/MCP/.venv/lib/python3.12/site-packages/starlette/routing.py", line 716, in __call__
    await self.middleware_stack(scope, receive, send)
  File "/Users/sachinmishra/Desktop/MCP/.venv/lib/python3.12/site-packages/starlette/routing.py", line 736, in app
    await route.handle(scope, receive, send)
  File "/Users/sachinmishra/Desktop/MCP/.venv/lib/python3.12/site-packages/starlette/routing.py", line 290, in handle
    await self.app(scope, receive, send)
  File "/Users/sachinmishra/Desktop/MCP/.venv/lib/python3.12/site-packages/fastapi/routing.py", line 121, in app
    await wrap_app_handling_exceptions(app, request)(scope, receive, send)
  File "/Users/sachinmishra/Desktop/MCP/.venv/lib/python3.12/site-packages/starlette/_exception_handler.py", line 53, in wrapped_app
    raise exc
  File "/Users/sachinmishra/Desktop/MCP/.venv/lib/python3.12/site-packages/starlette/_exception_handler.py", line 42, in wrapped_app
    await app(scope, receive, sender)
  File "/Users/sachinmishra/Desktop/MCP/.venv/lib/python3.12/site-packages/fastapi/routing.py", line 107, in app
    response = await f(request)
               ^^^^^^^^^^^^^^^^
  File "/Users/sachinmishra/Desktop/MCP/.venv/lib/python3.12/site-packages/fastapi/routing.py", line 426, in app
    raw_response = await run_endpoint_function(
                   ^^^^^^^^^^^^^^^^^^^^^^^^^^^^
  File "/Users/sachinmishra/Desktop/MCP/.venv/lib/python3.12/site-packages/fastapi/routing.py", line 314, in run_endpoint_function
    return await dependant.call(**values)
           ^^^^^^^^^^^^^^^^^^^^^^^^^^^^^^
  File "/Users/sachinmishra/Desktop/MCP/health-monitor/backend/main.py", line 36, in ingest_vital
    vital = Vital.model_validate(vital_in)
            ^^^^^^^^^^^^^^^^^^^^^^^^^^^^^^
  File "/Users/sachinmishra/Desktop/MCP/.venv/lib/python3.12/site-packages/sqlmodel/main.py", line 880, in model_validate
    return sqlmodel_validate(
           ^^^^^^^^^^^^^^^^^^
  File "/Users/sachinmishra/Desktop/MCP/.venv/lib/python3.12/site-packages/sqlmodel/_compat.py", line 300, in sqlmodel_validate
    cls.__pydantic_validator__.validate_python(
pydantic_core._pydantic_core.ValidationError: 2 validation errors for Vital
user_id
  Field required [type=missing, input_value=VitalCreate(metric='heart...id=None, timestamp=None), input_type=VitalCreate]
    For further information visit https://errors.pydantic.dev/2.12/v/missing
timestamp
  Input should be a valid datetime [type=datetime_type, input_value=None, input_type=NoneType]
    For further information visit https://errors.pydantic.dev/2.12/v/datetime_type
INFO:     127.0.0.1:57258 - "POST /vitals HTTP/1.1" 500 Internal Server Error
ERROR:    Exception in ASGI application
Traceback (most recent call last):
  File "/Users/sachinmishra/Desktop/MCP/.venv/lib/python3.12/site-packages/uvicorn/protocols/http/httptools_impl.py", line 416, in run_asgi
    result = await app(  # type: ignore[func-returns-value]
             ^^^^^^^^^^^^^^^^^^^^^^^^^^^^^^^^^^^^^^^^^^^^^^
  File "/Users/sachinmishra/Desktop/MCP/.venv/lib/python3.12/site-packages/uvicorn/middleware/proxy_headers.py", line 60, in __call__
    return await self.app(scope, receive, send)
           ^^^^^^^^^^^^^^^^^^^^^^^^^^^^^^^^^^^^
  File "/Users/sachinmishra/Desktop/MCP/.venv/lib/python3.12/site-packages/fastapi/applications.py", line 1138, in __call__
    await super().__call__(scope, receive, send)
  File "/Users/sachinmishra/Desktop/MCP/.venv/lib/python3.12/site-packages/starlette/applications.py", line 107, in __call__
    await self.middleware_stack(scope, receive, send)
  File "/Users/sachinmishra/Desktop/MCP/.venv/lib/python3.12/site-packages/starlette/middleware/errors.py", line 186, in __call__
    raise exc
  File "/Users/sachinmishra/Desktop/MCP/.venv/lib/python3.12/site-packages/starlette/middleware/errors.py", line 164, in __call__
    await self.app(scope, receive, _send)
  File "/Users/sachinmishra/Desktop/MCP/.venv/lib/python3.12/site-packages/starlette/middleware/exceptions.py", line 63, in __call__
    await wrap_app_handling_exceptions(self.app, conn)(scope, receive, send)
  File "/Users/sachinmishra/Desktop/MCP/.venv/lib/python3.12/site-packages/starlette/_exception_handler.py", line 53, in wrapped_app
    raise exc
  File "/Users/sachinmishra/Desktop/MCP/.venv/lib/python3.12/site-packages/starlette/_exception_handler.py", line 42, in wrapped_app
    await app(scope, receive, sender)
  File "/Users/sachinmishra/Desktop/MCP/.venv/lib/python3.12/site-packages/fastapi/middleware/asyncexitstack.py", line 18, in __call__
    await self.app(scope, receive, send)
  File "/Users/sachinmishra/Desktop/MCP/.venv/lib/python3.12/site-packages/starlette/routing.py", line 716, in __call__
    await self.middleware_stack(scope, receive, send)
  File "/Users/sachinmishra/Desktop/MCP/.venv/lib/python3.12/site-packages/starlette/routing.py", line 736, in app
    await route.handle(scope, receive, send)
  File "/Users/sachinmishra/Desktop/MCP/.venv/lib/python3.12/site-packages/starlette/routing.py", line 290, in handle
    await self.app(scope, receive, send)
  File "/Users/sachinmishra/Desktop/MCP/.venv/lib/python3.12/site-packages/fastapi/routing.py", line 121, in app
    await wrap_app_handling_exceptions(app, request)(scope, receive, send)
  File "/Users/sachinmishra/Desktop/MCP/.venv/lib/python3.12/site-packages/starlette/_exception_handler.py", line 53, in wrapped_app
    raise exc
  File "/Users/sachinmishra/Desktop/MCP/.venv/lib/python3.12/site-packages/starlette/_exception_handler.py", line 42, in wrapped_app
    await app(scope, receive, sender)
  File "/Users/sachinmishra/Desktop/MCP/.venv/lib/python3.12/site-packages/fastapi/routing.py", line 107, in app
    response = await f(request)
               ^^^^^^^^^^^^^^^^
  File "/Users/sachinmishra/Desktop/MCP/.venv/lib/python3.12/site-packages/fastapi/routing.py", line 426, in app
    raw_response = await run_endpoint_function(
                   ^^^^^^^^^^^^^^^^^^^^^^^^^^^^
  File "/Users/sachinmishra/Desktop/MCP/.venv/lib/python3.12/site-packages/fastapi/routing.py", line 314, in run_endpoint_function
    return await dependant.call(**values)
           ^^^^^^^^^^^^^^^^^^^^^^^^^^^^^^
  File "/Users/sachinmishra/Desktop/MCP/health-monitor/backend/main.py", line 36, in ingest_vital
    vital = Vital.model_validate(vital_in)
            ^^^^^^^^^^^^^^^^^^^^^^^^^^^^^^
  File "/Users/sachinmishra/Desktop/MCP/.venv/lib/python3.12/site-packages/sqlmodel/main.py", line 880, in model_validate
    return sqlmodel_validate(
           ^^^^^^^^^^^^^^^^^^
  File "/Users/sachinmishra/Desktop/MCP/.venv/lib/python3.12/site-packages/sqlmodel/_compat.py", line 300, in sqlmodel_validate
    cls.__pydantic_validator__.validate_python(
pydantic_core._pydantic_core.ValidationError: 2 validation errors for Vital
user_id
  Field required [type=missing, input_value=VitalCreate(metric='spo2'...id=None, timestamp=None), input_type=VitalCreate]
    For further information visit https://errors.pydantic.dev/2.12/v/missing
timestamp
  Input should be a valid datetime [type=datetime_type, input_value=None, input_type=NoneType]
    For further information visit https://errors.pydantic.dev/2.12/v/datetime_type
INFO:     127.0.0.1:57260 - "POST /vitals HTTP/1.1" 500 Internal Server Error
ERROR:    Exception in ASGI application
Traceback (most recent call last):
  File "/Users/sachinmishra/Desktop/MCP/.venv/lib/python3.12/site-packages/uvicorn/protocols/http/httptools_impl.py", line 416, in run_asgi
    result = await app(  # type: ignore[func-returns-value]
             ^^^^^^^^^^^^^^^^^^^^^^^^^^^^^^^^^^^^^^^^^^^^^^
  File "/Users/sachinmishra/Desktop/MCP/.venv/lib/python3.12/site-packages/uvicorn/middleware/proxy_headers.py", line 60, in __call__
    return await self.app(scope, receive, send)
           ^^^^^^^^^^^^^^^^^^^^^^^^^^^^^^^^^^^^
  File "/Users/sachinmishra/Desktop/MCP/.venv/lib/python3.12/site-packages/fastapi/applications.py", line 1138, in __call__
    await super().__call__(scope, receive, send)
  File "/Users/sachinmishra/Desktop/MCP/.venv/lib/python3.12/site-packages/starlette/applications.py", line 107, in __call__
    await self.middleware_stack(scope, receive, send)
  File "/Users/sachinmishra/Desktop/MCP/.venv/lib/python3.12/site-packages/starlette/middleware/errors.py", line 186, in __call__
    raise exc
  File "/Users/sachinmishra/Desktop/MCP/.venv/lib/python3.12/site-packages/starlette/middleware/errors.py", line 164, in __call__
    await self.app(scope, receive, _send)
  File "/Users/sachinmishra/Desktop/MCP/.venv/lib/python3.12/site-packages/starlette/middleware/exceptions.py", line 63, in __call__
    await wrap_app_handling_exceptions(self.app, conn)(scope, receive, send)
  File "/Users/sachinmishra/Desktop/MCP/.venv/lib/python3.12/site-packages/starlette/_exception_handler.py", line 53, in wrapped_app
    raise exc
  File "/Users/sachinmishra/Desktop/MCP/.venv/lib/python3.12/site-packages/starlette/_exception_handler.py", line 42, in wrapped_app
    await app(scope, receive, sender)
  File "/Users/sachinmishra/Desktop/MCP/.venv/lib/python3.12/site-packages/fastapi/middleware/asyncexitstack.py", line 18, in __call__
    await self.app(scope, receive, send)
  File "/Users/sachinmishra/Desktop/MCP/.venv/lib/python3.12/site-packages/starlette/routing.py", line 716, in __call__
    await self.middleware_stack(scope, receive, send)
  File "/Users/sachinmishra/Desktop/MCP/.venv/lib/python3.12/site-packages/starlette/routing.py", line 736, in app
    await route.handle(scope, receive, send)
  File "/Users/sachinmishra/Desktop/MCP/.venv/lib/python3.12/site-packages/starlette/routing.py", line 290, in handle
    await self.app(scope, receive, send)
  File "/Users/sachinmishra/Desktop/MCP/.venv/lib/python3.12/site-packages/fastapi/routing.py", line 121, in app
    await wrap_app_handling_exceptions(app, request)(scope, receive, send)
  File "/Users/sachinmishra/Desktop/MCP/.venv/lib/python3.12/site-packages/starlette/_exception_handler.py", line 53, in wrapped_app
    raise exc
  File "/Users/sachinmishra/Desktop/MCP/.venv/lib/python3.12/site-packages/starlette/_exception_handler.py", line 42, in wrapped_app
    await app(scope, receive, sender)
  File "/Users/sachinmishra/Desktop/MCP/.venv/lib/python3.12/site-packages/fastapi/routing.py", line 107, in app
    response = await f(request)
               ^^^^^^^^^^^^^^^^
  File "/Users/sachinmishra/Desktop/MCP/.venv/lib/python3.12/site-packages/fastapi/routing.py", line 426, in app
    raw_response = await run_endpoint_function(
                   ^^^^^^^^^^^^^^^^^^^^^^^^^^^^
  File "/Users/sachinmishra/Desktop/MCP/.venv/lib/python3.12/site-packages/fastapi/routing.py", line 314, in run_endpoint_function
    return await dependant.call(**values)
           ^^^^^^^^^^^^^^^^^^^^^^^^^^^^^^
  File "/Users/sachinmishra/Desktop/MCP/health-monitor/backend/main.py", line 36, in ingest_vital
    vital = Vital.model_validate(vital_in)
            ^^^^^^^^^^^^^^^^^^^^^^^^^^^^^^
  File "/Users/sachinmishra/Desktop/MCP/.venv/lib/python3.12/site-packages/sqlmodel/main.py", line 880, in model_validate
    return sqlmodel_validate(
           ^^^^^^^^^^^^^^^^^^
  File "/Users/sachinmishra/Desktop/MCP/.venv/lib/python3.12/site-packages/sqlmodel/_compat.py", line 300, in sqlmodel_validate
    cls.__pydantic_validator__.validate_python(
pydantic_core._pydantic_core.ValidationError: 2 validation errors for Vital
user_id
  Field required [type=missing, input_value=VitalCreate(metric='gluco...id=None, timestamp=None), input_type=VitalCreate]
    For further information visit https://errors.pydantic.dev/2.12/v/missing
timestamp
  Input should be a valid datetime [type=datetime_type, input_value=None, input_type=NoneType]
    For further information visit https://errors.pydantic.dev/2.12/v/datetime_type
INFO:     127.0.0.1:57265 - "POST /vitals HTTP/1.1" 500 Internal Server Error
ERROR:    Exception in ASGI application
Traceback (most recent call last):
  File "/Users/sachinmishra/Desktop/MCP/.venv/lib/python3.12/site-packages/uvicorn/protocols/http/httptools_impl.py", line 416, in run_asgi
    result = await app(  # type: ignore[func-returns-value]
             ^^^^^^^^^^^^^^^^^^^^^^^^^^^^^^^^^^^^^^^^^^^^^^
  File "/Users/sachinmishra/Desktop/MCP/.venv/lib/python3.12/site-packages/uvicorn/middleware/proxy_headers.py", line 60, in __call__
    return await self.app(scope, receive, send)
           ^^^^^^^^^^^^^^^^^^^^^^^^^^^^^^^^^^^^
  File "/Users/sachinmishra/Desktop/MCP/.venv/lib/python3.12/site-packages/fastapi/applications.py", line 1138, in __call__
    await super().__call__(scope, receive, send)
  File "/Users/sachinmishra/Desktop/MCP/.venv/lib/python3.12/site-packages/starlette/applications.py", line 107, in __call__
    await self.middleware_stack(scope, receive, send)
  File "/Users/sachinmishra/Desktop/MCP/.venv/lib/python3.12/site-packages/starlette/middleware/errors.py", line 186, in __call__
    raise exc
  File "/Users/sachinmishra/Desktop/MCP/.venv/lib/python3.12/site-packages/starlette/middleware/errors.py", line 164, in __call__
    await self.app(scope, receive, _send)
  File "/Users/sachinmishra/Desktop/MCP/.venv/lib/python3.12/site-packages/starlette/middleware/exceptions.py", line 63, in __call__
    await wrap_app_handling_exceptions(self.app, conn)(scope, receive, send)
  File "/Users/sachinmishra/Desktop/MCP/.venv/lib/python3.12/site-packages/starlette/_exception_handler.py", line 53, in wrapped_app
    raise exc
  File "/Users/sachinmishra/Desktop/MCP/.venv/lib/python3.12/site-packages/starlette/_exception_handler.py", line 42, in wrapped_app
    await app(scope, receive, sender)
  File "/Users/sachinmishra/Desktop/MCP/.venv/lib/python3.12/site-packages/fastapi/middleware/asyncexitstack.py", line 18, in __call__
    await self.app(scope, receive, send)
  File "/Users/sachinmishra/Desktop/MCP/.venv/lib/python3.12/site-packages/starlette/routing.py", line 716, in __call__
    await self.middleware_stack(scope, receive, send)
  File "/Users/sachinmishra/Desktop/MCP/.venv/lib/python3.12/site-packages/starlette/routing.py", line 736, in app
    await route.handle(scope, receive, send)
  File "/Users/sachinmishra/Desktop/MCP/.venv/lib/python3.12/site-packages/starlette/routing.py", line 290, in handle
    await self.app(scope, receive, send)
  File "/Users/sachinmishra/Desktop/MCP/.venv/lib/python3.12/site-packages/fastapi/routing.py", line 121, in app
    await wrap_app_handling_exceptions(app, request)(scope, receive, send)
  File "/Users/sachinmishra/Desktop/MCP/.venv/lib/python3.12/site-packages/starlette/_exception_handler.py", line 53, in wrapped_app
    raise exc
  File "/Users/sachinmishra/Desktop/MCP/.venv/lib/python3.12/site-packages/starlette/_exception_handler.py", line 42, in wrapped_app
    await app(scope, receive, sender)
  File "/Users/sachinmishra/Desktop/MCP/.venv/lib/python3.12/site-packages/fastapi/routing.py", line 107, in app
    response = await f(request)
               ^^^^^^^^^^^^^^^^
  File "/Users/sachinmishra/Desktop/MCP/.venv/lib/python3.12/site-packages/fastapi/routing.py", line 426, in app
    raw_response = await run_endpoint_function(
                   ^^^^^^^^^^^^^^^^^^^^^^^^^^^^
  File "/Users/sachinmishra/Desktop/MCP/.venv/lib/python3.12/site-packages/fastapi/routing.py", line 314, in run_endpoint_function
    return await dependant.call(**values)
           ^^^^^^^^^^^^^^^^^^^^^^^^^^^^^^
  File "/Users/sachinmishra/Desktop/MCP/health-monitor/backend/main.py", line 36, in ingest_vital
    vital = Vital.model_validate(vital_in)
            ^^^^^^^^^^^^^^^^^^^^^^^^^^^^^^
  File "/Users/sachinmishra/Desktop/MCP/.venv/lib/python3.12/site-packages/sqlmodel/main.py", line 880, in model_validate
    return sqlmodel_validate(
           ^^^^^^^^^^^^^^^^^^
  File "/Users/sachinmishra/Desktop/MCP/.venv/lib/python3.12/site-packages/sqlmodel/_compat.py", line 300, in sqlmodel_validate
    cls.__pydantic_validator__.validate_python(
pydantic_core._pydantic_core.ValidationError: 2 validation errors for Vital
user_id
  Field required [type=missing, input_value=VitalCreate(metric='spo2'...id=None, timestamp=None), input_type=VitalCreate]
    For further information visit https://errors.pydantic.dev/2.12/v/missing
timestamp
  Input should be a valid datetime [type=datetime_type, input_value=None, input_type=NoneType]
    For further information visit https://errors.pydantic.dev/2.12/v/datetime_type
INFO:     127.0.0.1:57267 - "POST /vitals HTTP/1.1" 500 Internal Server Error
ERROR:    Exception in ASGI application
Traceback (most recent call last):
  File "/Users/sachinmishra/Desktop/MCP/.venv/lib/python3.12/site-packages/uvicorn/protocols/http/httptools_impl.py", line 416, in run_asgi
    result = await app(  # type: ignore[func-returns-value]
             ^^^^^^^^^^^^^^^^^^^^^^^^^^^^^^^^^^^^^^^^^^^^^^
  File "/Users/sachinmishra/Desktop/MCP/.venv/lib/python3.12/site-packages/uvicorn/middleware/proxy_headers.py", line 60, in __call__
    return await self.app(scope, receive, send)
           ^^^^^^^^^^^^^^^^^^^^^^^^^^^^^^^^^^^^
  File "/Users/sachinmishra/Desktop/MCP/.venv/lib/python3.12/site-packages/fastapi/applications.py", line 1138, in __call__
    await super().__call__(scope, receive, send)
  File "/Users/sachinmishra/Desktop/MCP/.venv/lib/python3.12/site-packages/starlette/applications.py", line 107, in __call__
    await self.middleware_stack(scope, receive, send)
  File "/Users/sachinmishra/Desktop/MCP/.venv/lib/python3.12/site-packages/starlette/middleware/errors.py", line 186, in __call__
    raise exc
  File "/Users/sachinmishra/Desktop/MCP/.venv/lib/python3.12/site-packages/starlette/middleware/errors.py", line 164, in __call__
    await self.app(scope, receive, _send)
  File "/Users/sachinmishra/Desktop/MCP/.venv/lib/python3.12/site-packages/starlette/middleware/exceptions.py", line 63, in __call__
    await wrap_app_handling_exceptions(self.app, conn)(scope, receive, send)
  File "/Users/sachinmishra/Desktop/MCP/.venv/lib/python3.12/site-packages/starlette/_exception_handler.py", line 53, in wrapped_app
    raise exc
  File "/Users/sachinmishra/Desktop/MCP/.venv/lib/python3.12/site-packages/starlette/_exception_handler.py", line 42, in wrapped_app
    await app(scope, receive, sender)
  File "/Users/sachinmishra/Desktop/MCP/.venv/lib/python3.12/site-packages/fastapi/middleware/asyncexitstack.py", line 18, in __call__
    await self.app(scope, receive, send)
  File "/Users/sachinmishra/Desktop/MCP/.venv/lib/python3.12/site-packages/starlette/routing.py", line 716, in __call__
    await self.middleware_stack(scope, receive, send)
  File "/Users/sachinmishra/Desktop/MCP/.venv/lib/python3.12/site-packages/starlette/routing.py", line 736, in app
    await route.handle(scope, receive, send)
  File "/Users/sachinmishra/Desktop/MCP/.venv/lib/python3.12/site-packages/starlette/routing.py", line 290, in handle
    await self.app(scope, receive, send)
  File "/Users/sachinmishra/Desktop/MCP/.venv/lib/python3.12/site-packages/fastapi/routing.py", line 121, in app
    await wrap_app_handling_exceptions(app, request)(scope, receive, send)
  File "/Users/sachinmishra/Desktop/MCP/.venv/lib/python3.12/site-packages/starlette/_exception_handler.py", line 53, in wrapped_app
    raise exc
  File "/Users/sachinmishra/Desktop/MCP/.venv/lib/python3.12/site-packages/starlette/_exception_handler.py", line 42, in wrapped_app
    await app(scope, receive, sender)
  File "/Users/sachinmishra/Desktop/MCP/.venv/lib/python3.12/site-packages/fastapi/routing.py", line 107, in app
    response = await f(request)
               ^^^^^^^^^^^^^^^^
  File "/Users/sachinmishra/Desktop/MCP/.venv/lib/python3.12/site-packages/fastapi/routing.py", line 426, in app
    raw_response = await run_endpoint_function(
                   ^^^^^^^^^^^^^^^^^^^^^^^^^^^^
  File "/Users/sachinmishra/Desktop/MCP/.venv/lib/python3.12/site-packages/fastapi/routing.py", line 314, in run_endpoint_function
    return await dependant.call(**values)
           ^^^^^^^^^^^^^^^^^^^^^^^^^^^^^^
  File "/Users/sachinmishra/Desktop/MCP/health-monitor/backend/main.py", line 36, in ingest_vital
    vital = Vital.model_validate(vital_in)
            ^^^^^^^^^^^^^^^^^^^^^^^^^^^^^^
  File "/Users/sachinmishra/Desktop/MCP/.venv/lib/python3.12/site-packages/sqlmodel/main.py", line 880, in model_validate
    return sqlmodel_validate(
           ^^^^^^^^^^^^^^^^^^
  File "/Users/sachinmishra/Desktop/MCP/.venv/lib/python3.12/site-packages/sqlmodel/_compat.py", line 300, in sqlmodel_validate
    cls.__pydantic_validator__.validate_python(
pydantic_core._pydantic_core.ValidationError: 2 validation errors for Vital
user_id
  Field required [type=missing, input_value=VitalCreate(metric='spo2'...id=None, timestamp=None), input_type=VitalCreate]
    For further information visit https://errors.pydantic.dev/2.12/v/missing
timestamp
  Input should be a valid datetime [type=datetime_type, input_value=None, input_type=NoneType]
    For further information visit https://errors.pydantic.dev/2.12/v/datetime_type
INFO:     127.0.0.1:57271 - "POST /vitals HTTP/1.1" 500 Internal Server Error
ERROR:    Exception in ASGI application
Traceback (most recent call last):
  File "/Users/sachinmishra/Desktop/MCP/.venv/lib/python3.12/site-packages/uvicorn/protocols/http/httptools_impl.py", line 416, in run_asgi
    result = await app(  # type: ignore[func-returns-value]
             ^^^^^^^^^^^^^^^^^^^^^^^^^^^^^^^^^^^^^^^^^^^^^^
  File "/Users/sachinmishra/Desktop/MCP/.venv/lib/python3.12/site-packages/uvicorn/middleware/proxy_headers.py", line 60, in __call__
    return await self.app(scope, receive, send)
           ^^^^^^^^^^^^^^^^^^^^^^^^^^^^^^^^^^^^
  File "/Users/sachinmishra/Desktop/MCP/.venv/lib/python3.12/site-packages/fastapi/applications.py", line 1138, in __call__
    await super().__call__(scope, receive, send)
  File "/Users/sachinmishra/Desktop/MCP/.venv/lib/python3.12/site-packages/starlette/applications.py", line 107, in __call__
    await self.middleware_stack(scope, receive, send)
  File "/Users/sachinmishra/Desktop/MCP/.venv/lib/python3.12/site-packages/starlette/middleware/errors.py", line 186, in __call__
    raise exc
  File "/Users/sachinmishra/Desktop/MCP/.venv/lib/python3.12/site-packages/starlette/middleware/errors.py", line 164, in __call__
    await self.app(scope, receive, _send)
  File "/Users/sachinmishra/Desktop/MCP/.venv/lib/python3.12/site-packages/starlette/middleware/exceptions.py", line 63, in __call__
    await wrap_app_handling_exceptions(self.app, conn)(scope, receive, send)
  File "/Users/sachinmishra/Desktop/MCP/.venv/lib/python3.12/site-packages/starlette/_exception_handler.py", line 53, in wrapped_app
    raise exc
  File "/Users/sachinmishra/Desktop/MCP/.venv/lib/python3.12/site-packages/starlette/_exception_handler.py", line 42, in wrapped_app
    await app(scope, receive, sender)
  File "/Users/sachinmishra/Desktop/MCP/.venv/lib/python3.12/site-packages/fastapi/middleware/asyncexitstack.py", line 18, in __call__
    await self.app(scope, receive, send)
  File "/Users/sachinmishra/Desktop/MCP/.venv/lib/python3.12/site-packages/starlette/routing.py", line 716, in __call__
    await self.middleware_stack(scope, receive, send)
  File "/Users/sachinmishra/Desktop/MCP/.venv/lib/python3.12/site-packages/starlette/routing.py", line 736, in app
    await route.handle(scope, receive, send)
  File "/Users/sachinmishra/Desktop/MCP/.venv/lib/python3.12/site-packages/starlette/routing.py", line 290, in handle
    await self.app(scope, receive, send)
  File "/Users/sachinmishra/Desktop/MCP/.venv/lib/python3.12/site-packages/fastapi/routing.py", line 121, in app
    await wrap_app_handling_exceptions(app, request)(scope, receive, send)
  File "/Users/sachinmishra/Desktop/MCP/.venv/lib/python3.12/site-packages/starlette/_exception_handler.py", line 53, in wrapped_app
    raise exc
  File "/Users/sachinmishra/Desktop/MCP/.venv/lib/python3.12/site-packages/starlette/_exception_handler.py", line 42, in wrapped_app
    await app(scope, receive, sender)
  File "/Users/sachinmishra/Desktop/MCP/.venv/lib/python3.12/site-packages/fastapi/routing.py", line 107, in app
    response = await f(request)
               ^^^^^^^^^^^^^^^^
  File "/Users/sachinmishra/Desktop/MCP/.venv/lib/python3.12/site-packages/fastapi/routing.py", line 426, in app
    raw_response = await run_endpoint_function(
                   ^^^^^^^^^^^^^^^^^^^^^^^^^^^^
  File "/Users/sachinmishra/Desktop/MCP/.venv/lib/python3.12/site-packages/fastapi/routing.py", line 314, in run_endpoint_function
    return await dependant.call(**values)
           ^^^^^^^^^^^^^^^^^^^^^^^^^^^^^^
  File "/Users/sachinmishra/Desktop/MCP/health-monitor/backend/main.py", line 36, in ingest_vital
    vital = Vital.model_validate(vital_in)
            ^^^^^^^^^^^^^^^^^^^^^^^^^^^^^^
  File "/Users/sachinmishra/Desktop/MCP/.venv/lib/python3.12/site-packages/sqlmodel/main.py", line 880, in model_validate
    return sqlmodel_validate(
           ^^^^^^^^^^^^^^^^^^
  File "/Users/sachinmishra/Desktop/MCP/.venv/lib/python3.12/site-packages/sqlmodel/_compat.py", line 300, in sqlmodel_validate
    cls.__pydantic_validator__.validate_python(
pydantic_core._pydantic_core.ValidationError: 2 validation errors for Vital
user_id
  Field required [type=missing, input_value=VitalCreate(metric='heart...id=None, timestamp=None), input_type=VitalCreate]
    For further information visit https://errors.pydantic.dev/2.12/v/missing
timestamp
  Input should be a valid datetime [type=datetime_type, input_value=None, input_type=NoneType]
    For further information visit https://errors.pydantic.dev/2.12/v/datetime_type
INFO:     127.0.0.1:57273 - "POST /vitals HTTP/1.1" 500 Internal Server Error
ERROR:    Exception in ASGI application
Traceback (most recent call last):
  File "/Users/sachinmishra/Desktop/MCP/.venv/lib/python3.12/site-packages/uvicorn/protocols/http/httptools_impl.py", line 416, in run_asgi
    result = await app(  # type: ignore[func-returns-value]
             ^^^^^^^^^^^^^^^^^^^^^^^^^^^^^^^^^^^^^^^^^^^^^^
  File "/Users/sachinmishra/Desktop/MCP/.venv/lib/python3.12/site-packages/uvicorn/middleware/proxy_headers.py", line 60, in __call__
    return await self.app(scope, receive, send)
           ^^^^^^^^^^^^^^^^^^^^^^^^^^^^^^^^^^^^
  File "/Users/sachinmishra/Desktop/MCP/.venv/lib/python3.12/site-packages/fastapi/applications.py", line 1138, in __call__
    await super().__call__(scope, receive, send)
  File "/Users/sachinmishra/Desktop/MCP/.venv/lib/python3.12/site-packages/starlette/applications.py", line 107, in __call__
    await self.middleware_stack(scope, receive, send)
  File "/Users/sachinmishra/Desktop/MCP/.venv/lib/python3.12/site-packages/starlette/middleware/errors.py", line 186, in __call__
    raise exc
  File "/Users/sachinmishra/Desktop/MCP/.venv/lib/python3.12/site-packages/starlette/middleware/errors.py", line 164, in __call__
    await self.app(scope, receive, _send)
  File "/Users/sachinmishra/Desktop/MCP/.venv/lib/python3.12/site-packages/starlette/middleware/exceptions.py", line 63, in __call__
    await wrap_app_handling_exceptions(self.app, conn)(scope, receive, send)
  File "/Users/sachinmishra/Desktop/MCP/.venv/lib/python3.12/site-packages/starlette/_exception_handler.py", line 53, in wrapped_app
    raise exc
  File "/Users/sachinmishra/Desktop/MCP/.venv/lib/python3.12/site-packages/starlette/_exception_handler.py", line 42, in wrapped_app
    await app(scope, receive, sender)
  File "/Users/sachinmishra/Desktop/MCP/.venv/lib/python3.12/site-packages/fastapi/middleware/asyncexitstack.py", line 18, in __call__
    await self.app(scope, receive, send)
  File "/Users/sachinmishra/Desktop/MCP/.venv/lib/python3.12/site-packages/starlette/routing.py", line 716, in __call__
    await self.middleware_stack(scope, receive, send)
  File "/Users/sachinmishra/Desktop/MCP/.venv/lib/python3.12/site-packages/starlette/routing.py", line 736, in app
    await route.handle(scope, receive, send)
  File "/Users/sachinmishra/Desktop/MCP/.venv/lib/python3.12/site-packages/starlette/routing.py", line 290, in handle
    await self.app(scope, receive, send)
  File "/Users/sachinmishra/Desktop/MCP/.venv/lib/python3.12/site-packages/fastapi/routing.py", line 121, in app
    await wrap_app_handling_exceptions(app, request)(scope, receive, send)
  File "/Users/sachinmishra/Desktop/MCP/.venv/lib/python3.12/site-packages/starlette/_exception_handler.py", line 53, in wrapped_app
    raise exc
  File "/Users/sachinmishra/Desktop/MCP/.venv/lib/python3.12/site-packages/starlette/_exception_handler.py", line 42, in wrapped_app
    await app(scope, receive, sender)
  File "/Users/sachinmishra/Desktop/MCP/.venv/lib/python3.12/site-packages/fastapi/routing.py", line 107, in app
    response = await f(request)
               ^^^^^^^^^^^^^^^^
  File "/Users/sachinmishra/Desktop/MCP/.venv/lib/python3.12/site-packages/fastapi/routing.py", line 426, in app
    raw_response = await run_endpoint_function(
                   ^^^^^^^^^^^^^^^^^^^^^^^^^^^^
  File "/Users/sachinmishra/Desktop/MCP/.venv/lib/python3.12/site-packages/fastapi/routing.py", line 314, in run_endpoint_function
    return await dependant.call(**values)
           ^^^^^^^^^^^^^^^^^^^^^^^^^^^^^^
  File "/Users/sachinmishra/Desktop/MCP/health-monitor/backend/main.py", line 36, in ingest_vital
    vital = Vital.model_validate(vital_in)
            ^^^^^^^^^^^^^^^^^^^^^^^^^^^^^^
  File "/Users/sachinmishra/Desktop/MCP/.venv/lib/python3.12/site-packages/sqlmodel/main.py", line 880, in model_validate
    return sqlmodel_validate(
           ^^^^^^^^^^^^^^^^^^
  File "/Users/sachinmishra/Desktop/MCP/.venv/lib/python3.12/site-packages/sqlmodel/_compat.py", line 300, in sqlmodel_validate
    cls.__pydantic_validator__.validate_python(
pydantic_core._pydantic_core.ValidationError: 2 validation errors for Vital
user_id
  Field required [type=missing, input_value=VitalCreate(metric='gluco...id=None, timestamp=None), input_type=VitalCreate]
    For further information visit https://errors.pydantic.dev/2.12/v/missing
timestamp
  Input should be a valid datetime [type=datetime_type, input_value=None, input_type=NoneType]
    For further information visit https://errors.pydantic.dev/2.12/v/datetime_type
INFO:     127.0.0.1:57277 - "POST /vitals HTTP/1.1" 500 Internal Server Error
ERROR:    Exception in ASGI application
Traceback (most recent call last):
  File "/Users/sachinmishra/Desktop/MCP/.venv/lib/python3.12/site-packages/uvicorn/protocols/http/httptools_impl.py", line 416, in run_asgi
    result = await app(  # type: ignore[func-returns-value]
             ^^^^^^^^^^^^^^^^^^^^^^^^^^^^^^^^^^^^^^^^^^^^^^
  File "/Users/sachinmishra/Desktop/MCP/.venv/lib/python3.12/site-packages/uvicorn/middleware/proxy_headers.py", line 60, in __call__
    return await self.app(scope, receive, send)
           ^^^^^^^^^^^^^^^^^^^^^^^^^^^^^^^^^^^^
  File "/Users/sachinmishra/Desktop/MCP/.venv/lib/python3.12/site-packages/fastapi/applications.py", line 1138, in __call__
    await super().__call__(scope, receive, send)
  File "/Users/sachinmishra/Desktop/MCP/.venv/lib/python3.12/site-packages/starlette/applications.py", line 107, in __call__
    await self.middleware_stack(scope, receive, send)
  File "/Users/sachinmishra/Desktop/MCP/.venv/lib/python3.12/site-packages/starlette/middleware/errors.py", line 186, in __call__
    raise exc
  File "/Users/sachinmishra/Desktop/MCP/.venv/lib/python3.12/site-packages/starlette/middleware/errors.py", line 164, in __call__
    await self.app(scope, receive, _send)
  File "/Users/sachinmishra/Desktop/MCP/.venv/lib/python3.12/site-packages/starlette/middleware/exceptions.py", line 63, in __call__
    await wrap_app_handling_exceptions(self.app, conn)(scope, receive, send)
  File "/Users/sachinmishra/Desktop/MCP/.venv/lib/python3.12/site-packages/starlette/_exception_handler.py", line 53, in wrapped_app
    raise exc
  File "/Users/sachinmishra/Desktop/MCP/.venv/lib/python3.12/site-packages/starlette/_exception_handler.py", line 42, in wrapped_app
    await app(scope, receive, sender)
  File "/Users/sachinmishra/Desktop/MCP/.venv/lib/python3.12/site-packages/fastapi/middleware/asyncexitstack.py", line 18, in __call__
    await self.app(scope, receive, send)
  File "/Users/sachinmishra/Desktop/MCP/.venv/lib/python3.12/site-packages/starlette/routing.py", line 716, in __call__
    await self.middleware_stack(scope, receive, send)
  File "/Users/sachinmishra/Desktop/MCP/.venv/lib/python3.12/site-packages/starlette/routing.py", line 736, in app
    await route.handle(scope, receive, send)
  File "/Users/sachinmishra/Desktop/MCP/.venv/lib/python3.12/site-packages/starlette/routing.py", line 290, in handle
    await self.app(scope, receive, send)
  File "/Users/sachinmishra/Desktop/MCP/.venv/lib/python3.12/site-packages/fastapi/routing.py", line 121, in app
    await wrap_app_handling_exceptions(app, request)(scope, receive, send)
  File "/Users/sachinmishra/Desktop/MCP/.venv/lib/python3.12/site-packages/starlette/_exception_handler.py", line 53, in wrapped_app
    raise exc
  File "/Users/sachinmishra/Desktop/MCP/.venv/lib/python3.12/site-packages/starlette/_exception_handler.py", line 42, in wrapped_app
    await app(scope, receive, sender)
  File "/Users/sachinmishra/Desktop/MCP/.venv/lib/python3.12/site-packages/fastapi/routing.py", line 107, in app
    response = await f(request)
               ^^^^^^^^^^^^^^^^
  File "/Users/sachinmishra/Desktop/MCP/.venv/lib/python3.12/site-packages/fastapi/routing.py", line 426, in app
    raw_response = await run_endpoint_function(
                   ^^^^^^^^^^^^^^^^^^^^^^^^^^^^
  File "/Users/sachinmishra/Desktop/MCP/.venv/lib/python3.12/site-packages/fastapi/routing.py", line 314, in run_endpoint_function
    return await dependant.call(**values)
           ^^^^^^^^^^^^^^^^^^^^^^^^^^^^^^
  File "/Users/sachinmishra/Desktop/MCP/health-monitor/backend/main.py", line 36, in ingest_vital
    vital = Vital.model_validate(vital_in)
            ^^^^^^^^^^^^^^^^^^^^^^^^^^^^^^
  File "/Users/sachinmishra/Desktop/MCP/.venv/lib/python3.12/site-packages/sqlmodel/main.py", line 880, in model_validate
    return sqlmodel_validate(
           ^^^^^^^^^^^^^^^^^^
  File "/Users/sachinmishra/Desktop/MCP/.venv/lib/python3.12/site-packages/sqlmodel/_compat.py", line 300, in sqlmodel_validate
    cls.__pydantic_validator__.validate_python(
pydantic_core._pydantic_core.ValidationError: 2 validation errors for Vital
user_id
  Field required [type=missing, input_value=VitalCreate(metric='spo2'...id=None, timestamp=None), input_type=VitalCreate]
    For further information visit https://errors.pydantic.dev/2.12/v/missing
timestamp
  Input should be a valid datetime [type=datetime_type, input_value=None, input_type=NoneType]
    For further information visit https://errors.pydantic.dev/2.12/v/datetime_type
INFO:     127.0.0.1:57279 - "POST /vitals HTTP/1.1" 500 Internal Server Error
ERROR:    Exception in ASGI application
Traceback (most recent call last):
  File "/Users/sachinmishra/Desktop/MCP/.venv/lib/python3.12/site-packages/uvicorn/protocols/http/httptools_impl.py", line 416, in run_asgi
    result = await app(  # type: ignore[func-returns-value]
             ^^^^^^^^^^^^^^^^^^^^^^^^^^^^^^^^^^^^^^^^^^^^^^
  File "/Users/sachinmishra/Desktop/MCP/.venv/lib/python3.12/site-packages/uvicorn/middleware/proxy_headers.py", line 60, in __call__
    return await self.app(scope, receive, send)
           ^^^^^^^^^^^^^^^^^^^^^^^^^^^^^^^^^^^^
  File "/Users/sachinmishra/Desktop/MCP/.venv/lib/python3.12/site-packages/fastapi/applications.py", line 1138, in __call__
    await super().__call__(scope, receive, send)
  File "/Users/sachinmishra/Desktop/MCP/.venv/lib/python3.12/site-packages/starlette/applications.py", line 107, in __call__
    await self.middleware_stack(scope, receive, send)
  File "/Users/sachinmishra/Desktop/MCP/.venv/lib/python3.12/site-packages/starlette/middleware/errors.py", line 186, in __call__
    raise exc
  File "/Users/sachinmishra/Desktop/MCP/.venv/lib/python3.12/site-packages/starlette/middleware/errors.py", line 164, in __call__
    await self.app(scope, receive, _send)
  File "/Users/sachinmishra/Desktop/MCP/.venv/lib/python3.12/site-packages/starlette/middleware/exceptions.py", line 63, in __call__
    await wrap_app_handling_exceptions(self.app, conn)(scope, receive, send)
  File "/Users/sachinmishra/Desktop/MCP/.venv/lib/python3.12/site-packages/starlette/_exception_handler.py", line 53, in wrapped_app
    raise exc
  File "/Users/sachinmishra/Desktop/MCP/.venv/lib/python3.12/site-packages/starlette/_exception_handler.py", line 42, in wrapped_app
    await app(scope, receive, sender)
  File "/Users/sachinmishra/Desktop/MCP/.venv/lib/python3.12/site-packages/fastapi/middleware/asyncexitstack.py", line 18, in __call__
    await self.app(scope, receive, send)
  File "/Users/sachinmishra/Desktop/MCP/.venv/lib/python3.12/site-packages/starlette/routing.py", line 716, in __call__
    await self.middleware_stack(scope, receive, send)
  File "/Users/sachinmishra/Desktop/MCP/.venv/lib/python3.12/site-packages/starlette/routing.py", line 736, in app
    await route.handle(scope, receive, send)
  File "/Users/sachinmishra/Desktop/MCP/.venv/lib/python3.12/site-packages/starlette/routing.py", line 290, in handle
    await self.app(scope, receive, send)
  File "/Users/sachinmishra/Desktop/MCP/.venv/lib/python3.12/site-packages/fastapi/routing.py", line 121, in app
    await wrap_app_handling_exceptions(app, request)(scope, receive, send)
  File "/Users/sachinmishra/Desktop/MCP/.venv/lib/python3.12/site-packages/starlette/_exception_handler.py", line 53, in wrapped_app
    raise exc
  File "/Users/sachinmishra/Desktop/MCP/.venv/lib/python3.12/site-packages/starlette/_exception_handler.py", line 42, in wrapped_app
    await app(scope, receive, sender)
  File "/Users/sachinmishra/Desktop/MCP/.venv/lib/python3.12/site-packages/fastapi/routing.py", line 107, in app
    response = await f(request)
               ^^^^^^^^^^^^^^^^
  File "/Users/sachinmishra/Desktop/MCP/.venv/lib/python3.12/site-packages/fastapi/routing.py", line 426, in app
    raw_response = await run_endpoint_function(
                   ^^^^^^^^^^^^^^^^^^^^^^^^^^^^
  File "/Users/sachinmishra/Desktop/MCP/.venv/lib/python3.12/site-packages/fastapi/routing.py", line 314, in run_endpoint_function
    return await dependant.call(**values)
           ^^^^^^^^^^^^^^^^^^^^^^^^^^^^^^
  File "/Users/sachinmishra/Desktop/MCP/health-monitor/backend/main.py", line 36, in ingest_vital
    vital = Vital.model_validate(vital_in)
            ^^^^^^^^^^^^^^^^^^^^^^^^^^^^^^
  File "/Users/sachinmishra/Desktop/MCP/.venv/lib/python3.12/site-packages/sqlmodel/main.py", line 880, in model_validate
    return sqlmodel_validate(
           ^^^^^^^^^^^^^^^^^^
  File "/Users/sachinmishra/Desktop/MCP/.venv/lib/python3.12/site-packages/sqlmodel/_compat.py", line 300, in sqlmodel_validate
    cls.__pydantic_validator__.validate_python(
pydantic_core._pydantic_core.ValidationError: 2 validation errors for Vital
user_id
  Field required [type=missing, input_value=VitalCreate(metric='gluco...id=None, timestamp=None), input_type=VitalCreate]
    For further information visit https://errors.pydantic.dev/2.12/v/missing
timestamp
  Input should be a valid datetime [type=datetime_type, input_value=None, input_type=NoneType]
    For further information visit https://errors.pydantic.dev/2.12/v/datetime_type
INFO:     127.0.0.1:57283 - "POST /vitals HTTP/1.1" 500 Internal Server Error
ERROR:    Exception in ASGI application
Traceback (most recent call last):
  File "/Users/sachinmishra/Desktop/MCP/.venv/lib/python3.12/site-packages/uvicorn/protocols/http/httptools_impl.py", line 416, in run_asgi
    result = await app(  # type: ignore[func-returns-value]
             ^^^^^^^^^^^^^^^^^^^^^^^^^^^^^^^^^^^^^^^^^^^^^^
  File "/Users/sachinmishra/Desktop/MCP/.venv/lib/python3.12/site-packages/uvicorn/middleware/proxy_headers.py", line 60, in __call__
    return await self.app(scope, receive, send)
           ^^^^^^^^^^^^^^^^^^^^^^^^^^^^^^^^^^^^
  File "/Users/sachinmishra/Desktop/MCP/.venv/lib/python3.12/site-packages/fastapi/applications.py", line 1138, in __call__
    await super().__call__(scope, receive, send)
  File "/Users/sachinmishra/Desktop/MCP/.venv/lib/python3.12/site-packages/starlette/applications.py", line 107, in __call__
    await self.middleware_stack(scope, receive, send)
  File "/Users/sachinmishra/Desktop/MCP/.venv/lib/python3.12/site-packages/starlette/middleware/errors.py", line 186, in __call__
    raise exc
  File "/Users/sachinmishra/Desktop/MCP/.venv/lib/python3.12/site-packages/starlette/middleware/errors.py", line 164, in __call__
    await self.app(scope, receive, _send)
  File "/Users/sachinmishra/Desktop/MCP/.venv/lib/python3.12/site-packages/starlette/middleware/exceptions.py", line 63, in __call__
    await wrap_app_handling_exceptions(self.app, conn)(scope, receive, send)
  File "/Users/sachinmishra/Desktop/MCP/.venv/lib/python3.12/site-packages/starlette/_exception_handler.py", line 53, in wrapped_app
    raise exc
  File "/Users/sachinmishra/Desktop/MCP/.venv/lib/python3.12/site-packages/starlette/_exception_handler.py", line 42, in wrapped_app
    await app(scope, receive, sender)
  File "/Users/sachinmishra/Desktop/MCP/.venv/lib/python3.12/site-packages/fastapi/middleware/asyncexitstack.py", line 18, in __call__
    await self.app(scope, receive, send)
  File "/Users/sachinmishra/Desktop/MCP/.venv/lib/python3.12/site-packages/starlette/routing.py", line 716, in __call__
    await self.middleware_stack(scope, receive, send)
  File "/Users/sachinmishra/Desktop/MCP/.venv/lib/python3.12/site-packages/starlette/routing.py", line 736, in app
    await route.handle(scope, receive, send)
  File "/Users/sachinmishra/Desktop/MCP/.venv/lib/python3.12/site-packages/starlette/routing.py", line 290, in handle
    await self.app(scope, receive, send)
  File "/Users/sachinmishra/Desktop/MCP/.venv/lib/python3.12/site-packages/fastapi/routing.py", line 121, in app
    await wrap_app_handling_exceptions(app, request)(scope, receive, send)
  File "/Users/sachinmishra/Desktop/MCP/.venv/lib/python3.12/site-packages/starlette/_exception_handler.py", line 53, in wrapped_app
    raise exc
  File "/Users/sachinmishra/Desktop/MCP/.venv/lib/python3.12/site-packages/starlette/_exception_handler.py", line 42, in wrapped_app
    await app(scope, receive, sender)
  File "/Users/sachinmishra/Desktop/MCP/.venv/lib/python3.12/site-packages/fastapi/routing.py", line 107, in app
    response = await f(request)
               ^^^^^^^^^^^^^^^^
  File "/Users/sachinmishra/Desktop/MCP/.venv/lib/python3.12/site-packages/fastapi/routing.py", line 426, in app
    raw_response = await run_endpoint_function(
                   ^^^^^^^^^^^^^^^^^^^^^^^^^^^^
  File "/Users/sachinmishra/Desktop/MCP/.venv/lib/python3.12/site-packages/fastapi/routing.py", line 314, in run_endpoint_function
    return await dependant.call(**values)
           ^^^^^^^^^^^^^^^^^^^^^^^^^^^^^^
  File "/Users/sachinmishra/Desktop/MCP/health-monitor/backend/main.py", line 36, in ingest_vital
    vital = Vital.model_validate(vital_in)
            ^^^^^^^^^^^^^^^^^^^^^^^^^^^^^^
  File "/Users/sachinmishra/Desktop/MCP/.venv/lib/python3.12/site-packages/sqlmodel/main.py", line 880, in model_validate
    return sqlmodel_validate(
           ^^^^^^^^^^^^^^^^^^
  File "/Users/sachinmishra/Desktop/MCP/.venv/lib/python3.12/site-packages/sqlmodel/_compat.py", line 300, in sqlmodel_validate
    cls.__pydantic_validator__.validate_python(
pydantic_core._pydantic_core.ValidationError: 2 validation errors for Vital
user_id
  Field required [type=missing, input_value=VitalCreate(metric='spo2'...id=None, timestamp=None), input_type=VitalCreate]
    For further information visit https://errors.pydantic.dev/2.12/v/missing
timestamp
  Input should be a valid datetime [type=datetime_type, input_value=None, input_type=NoneType]
    For further information visit https://errors.pydantic.dev/2.12/v/datetime_type
INFO:     127.0.0.1:57285 - "POST /vitals HTTP/1.1" 500 Internal Server Error
ERROR:    Exception in ASGI application
Traceback (most recent call last):
  File "/Users/sachinmishra/Desktop/MCP/.venv/lib/python3.12/site-packages/uvicorn/protocols/http/httptools_impl.py", line 416, in run_asgi
    result = await app(  # type: ignore[func-returns-value]
             ^^^^^^^^^^^^^^^^^^^^^^^^^^^^^^^^^^^^^^^^^^^^^^
  File "/Users/sachinmishra/Desktop/MCP/.venv/lib/python3.12/site-packages/uvicorn/middleware/proxy_headers.py", line 60, in __call__
    return await self.app(scope, receive, send)
           ^^^^^^^^^^^^^^^^^^^^^^^^^^^^^^^^^^^^
  File "/Users/sachinmishra/Desktop/MCP/.venv/lib/python3.12/site-packages/fastapi/applications.py", line 1138, in __call__
    await super().__call__(scope, receive, send)
  File "/Users/sachinmishra/Desktop/MCP/.venv/lib/python3.12/site-packages/starlette/applications.py", line 107, in __call__
    await self.middleware_stack(scope, receive, send)
  File "/Users/sachinmishra/Desktop/MCP/.venv/lib/python3.12/site-packages/starlette/middleware/errors.py", line 186, in __call__
    raise exc
  File "/Users/sachinmishra/Desktop/MCP/.venv/lib/python3.12/site-packages/starlette/middleware/errors.py", line 164, in __call__
    await self.app(scope, receive, _send)
  File "/Users/sachinmishra/Desktop/MCP/.venv/lib/python3.12/site-packages/starlette/middleware/exceptions.py", line 63, in __call__
    await wrap_app_handling_exceptions(self.app, conn)(scope, receive, send)
  File "/Users/sachinmishra/Desktop/MCP/.venv/lib/python3.12/site-packages/starlette/_exception_handler.py", line 53, in wrapped_app
    raise exc
  File "/Users/sachinmishra/Desktop/MCP/.venv/lib/python3.12/site-packages/starlette/_exception_handler.py", line 42, in wrapped_app
    await app(scope, receive, sender)
  File "/Users/sachinmishra/Desktop/MCP/.venv/lib/python3.12/site-packages/fastapi/middleware/asyncexitstack.py", line 18, in __call__
    await self.app(scope, receive, send)
  File "/Users/sachinmishra/Desktop/MCP/.venv/lib/python3.12/site-packages/starlette/routing.py", line 716, in __call__
    await self.middleware_stack(scope, receive, send)
  File "/Users/sachinmishra/Desktop/MCP/.venv/lib/python3.12/site-packages/starlette/routing.py", line 736, in app
    await route.handle(scope, receive, send)
  File "/Users/sachinmishra/Desktop/MCP/.venv/lib/python3.12/site-packages/starlette/routing.py", line 290, in handle
    await self.app(scope, receive, send)
  File "/Users/sachinmishra/Desktop/MCP/.venv/lib/python3.12/site-packages/fastapi/routing.py", line 121, in app
    await wrap_app_handling_exceptions(app, request)(scope, receive, send)
  File "/Users/sachinmishra/Desktop/MCP/.venv/lib/python3.12/site-packages/starlette/_exception_handler.py", line 53, in wrapped_app
    raise exc
  File "/Users/sachinmishra/Desktop/MCP/.venv/lib/python3.12/site-packages/starlette/_exception_handler.py", line 42, in wrapped_app
    await app(scope, receive, sender)
  File "/Users/sachinmishra/Desktop/MCP/.venv/lib/python3.12/site-packages/fastapi/routing.py", line 107, in app
    response = await f(request)
               ^^^^^^^^^^^^^^^^
  File "/Users/sachinmishra/Desktop/MCP/.venv/lib/python3.12/site-packages/fastapi/routing.py", line 426, in app
    raw_response = await run_endpoint_function(
                   ^^^^^^^^^^^^^^^^^^^^^^^^^^^^
  File "/Users/sachinmishra/Desktop/MCP/.venv/lib/python3.12/site-packages/fastapi/routing.py", line 314, in run_endpoint_function
    return await dependant.call(**values)
           ^^^^^^^^^^^^^^^^^^^^^^^^^^^^^^
  File "/Users/sachinmishra/Desktop/MCP/health-monitor/backend/main.py", line 36, in ingest_vital
    vital = Vital.model_validate(vital_in)
            ^^^^^^^^^^^^^^^^^^^^^^^^^^^^^^
  File "/Users/sachinmishra/Desktop/MCP/.venv/lib/python3.12/site-packages/sqlmodel/main.py", line 880, in model_validate
    return sqlmodel_validate(
           ^^^^^^^^^^^^^^^^^^
  File "/Users/sachinmishra/Desktop/MCP/.venv/lib/python3.12/site-packages/sqlmodel/_compat.py", line 300, in sqlmodel_validate
    cls.__pydantic_validator__.validate_python(
pydantic_core._pydantic_core.ValidationError: 2 validation errors for Vital
user_id
  Field required [type=missing, input_value=VitalCreate(metric='spo2'...id=None, timestamp=None), input_type=VitalCreate]
    For further information visit https://errors.pydantic.dev/2.12/v/missing
timestamp
  Input should be a valid datetime [type=datetime_type, input_value=None, input_type=NoneType]
    For further information visit https://errors.pydantic.dev/2.12/v/datetime_type
WARNING:  WatchFiles detected changes in 'main.py'. Reloading...
INFO:     Shutting down
INFO:     Waiting for application shutdown.
INFO:     Application shutdown complete.
INFO:     Finished server process [29130]
INFO:     Started server process [30351]
INFO:     Waiting for application startup.
INFO:     Application startup complete.
INFO:     127.0.0.1:57324 - "POST /auth/register HTTP/1.1" 400 Bad Request
INFO:     127.0.0.1:57324 - "POST /auth/token HTTP/1.1" 200 OK
INFO:     127.0.0.1:57326 - "POST /vitals HTTP/1.1" 500 Internal Server Error
ERROR:    Exception in ASGI application
Traceback (most recent call last):
  File "/Users/sachinmishra/Desktop/MCP/.venv/lib/python3.12/site-packages/uvicorn/protocols/http/httptools_impl.py", line 416, in run_asgi
    result = await app(  # type: ignore[func-returns-value]
             ^^^^^^^^^^^^^^^^^^^^^^^^^^^^^^^^^^^^^^^^^^^^^^
  File "/Users/sachinmishra/Desktop/MCP/.venv/lib/python3.12/site-packages/uvicorn/middleware/proxy_headers.py", line 60, in __call__
    return await self.app(scope, receive, send)
           ^^^^^^^^^^^^^^^^^^^^^^^^^^^^^^^^^^^^
  File "/Users/sachinmishra/Desktop/MCP/.venv/lib/python3.12/site-packages/fastapi/applications.py", line 1138, in __call__
    await super().__call__(scope, receive, send)
  File "/Users/sachinmishra/Desktop/MCP/.venv/lib/python3.12/site-packages/starlette/applications.py", line 107, in __call__
    await self.middleware_stack(scope, receive, send)
  File "/Users/sachinmishra/Desktop/MCP/.venv/lib/python3.12/site-packages/starlette/middleware/errors.py", line 186, in __call__
    raise exc
  File "/Users/sachinmishra/Desktop/MCP/.venv/lib/python3.12/site-packages/starlette/middleware/errors.py", line 164, in __call__
    await self.app(scope, receive, _send)
  File "/Users/sachinmishra/Desktop/MCP/.venv/lib/python3.12/site-packages/starlette/middleware/exceptions.py", line 63, in __call__
    await wrap_app_handling_exceptions(self.app, conn)(scope, receive, send)
  File "/Users/sachinmishra/Desktop/MCP/.venv/lib/python3.12/site-packages/starlette/_exception_handler.py", line 53, in wrapped_app
    raise exc
  File "/Users/sachinmishra/Desktop/MCP/.venv/lib/python3.12/site-packages/starlette/_exception_handler.py", line 42, in wrapped_app
    await app(scope, receive, sender)
  File "/Users/sachinmishra/Desktop/MCP/.venv/lib/python3.12/site-packages/fastapi/middleware/asyncexitstack.py", line 18, in __call__
    await self.app(scope, receive, send)
  File "/Users/sachinmishra/Desktop/MCP/.venv/lib/python3.12/site-packages/starlette/routing.py", line 716, in __call__
    await self.middleware_stack(scope, receive, send)
  File "/Users/sachinmishra/Desktop/MCP/.venv/lib/python3.12/site-packages/starlette/routing.py", line 736, in app
    await route.handle(scope, receive, send)
  File "/Users/sachinmishra/Desktop/MCP/.venv/lib/python3.12/site-packages/starlette/routing.py", line 290, in handle
    await self.app(scope, receive, send)
  File "/Users/sachinmishra/Desktop/MCP/.venv/lib/python3.12/site-packages/fastapi/routing.py", line 121, in app
    await wrap_app_handling_exceptions(app, request)(scope, receive, send)
  File "/Users/sachinmishra/Desktop/MCP/.venv/lib/python3.12/site-packages/starlette/_exception_handler.py", line 53, in wrapped_app
    raise exc
  File "/Users/sachinmishra/Desktop/MCP/.venv/lib/python3.12/site-packages/starlette/_exception_handler.py", line 42, in wrapped_app
    await app(scope, receive, sender)
  File "/Users/sachinmishra/Desktop/MCP/.venv/lib/python3.12/site-packages/fastapi/routing.py", line 107, in app
    response = await f(request)
               ^^^^^^^^^^^^^^^^
  File "/Users/sachinmishra/Desktop/MCP/.venv/lib/python3.12/site-packages/fastapi/routing.py", line 426, in app
    raw_response = await run_endpoint_function(
                   ^^^^^^^^^^^^^^^^^^^^^^^^^^^^
  File "/Users/sachinmishra/Desktop/MCP/.venv/lib/python3.12/site-packages/fastapi/routing.py", line 314, in run_endpoint_function
    return await dependant.call(**values)
           ^^^^^^^^^^^^^^^^^^^^^^^^^^^^^^
  File "/Users/sachinmishra/Desktop/MCP/health-monitor/backend/main.py", line 40, in ingest_vital
    vital = Vital.model_validate(vital_data)
            ^^^^^^^^^^^^^^^^^^^^^^^^^^^^^^^^
  File "/Users/sachinmishra/Desktop/MCP/.venv/lib/python3.12/site-packages/sqlmodel/main.py", line 880, in model_validate
    return sqlmodel_validate(
           ^^^^^^^^^^^^^^^^^^
  File "/Users/sachinmishra/Desktop/MCP/.venv/lib/python3.12/site-packages/sqlmodel/_compat.py", line 300, in sqlmodel_validate
    cls.__pydantic_validator__.validate_python(
pydantic_core._pydantic_core.ValidationError: 1 validation error for Vital
timestamp
  Input should be a valid datetime [type=datetime_type, input_value=None, input_type=NoneType]
    For further information visit https://errors.pydantic.dev/2.12/v/datetime_type
INFO:     127.0.0.1:57328 - "POST /vitals HTTP/1.1" 500 Internal Server Error
ERROR:    Exception in ASGI application
Traceback (most recent call last):
  File "/Users/sachinmishra/Desktop/MCP/.venv/lib/python3.12/site-packages/uvicorn/protocols/http/httptools_impl.py", line 416, in run_asgi
    result = await app(  # type: ignore[func-returns-value]
             ^^^^^^^^^^^^^^^^^^^^^^^^^^^^^^^^^^^^^^^^^^^^^^
  File "/Users/sachinmishra/Desktop/MCP/.venv/lib/python3.12/site-packages/uvicorn/middleware/proxy_headers.py", line 60, in __call__
    return await self.app(scope, receive, send)
           ^^^^^^^^^^^^^^^^^^^^^^^^^^^^^^^^^^^^
  File "/Users/sachinmishra/Desktop/MCP/.venv/lib/python3.12/site-packages/fastapi/applications.py", line 1138, in __call__
    await super().__call__(scope, receive, send)
  File "/Users/sachinmishra/Desktop/MCP/.venv/lib/python3.12/site-packages/starlette/applications.py", line 107, in __call__
    await self.middleware_stack(scope, receive, send)
  File "/Users/sachinmishra/Desktop/MCP/.venv/lib/python3.12/site-packages/starlette/middleware/errors.py", line 186, in __call__
    raise exc
  File "/Users/sachinmishra/Desktop/MCP/.venv/lib/python3.12/site-packages/starlette/middleware/errors.py", line 164, in __call__
    await self.app(scope, receive, _send)
  File "/Users/sachinmishra/Desktop/MCP/.venv/lib/python3.12/site-packages/starlette/middleware/exceptions.py", line 63, in __call__
    await wrap_app_handling_exceptions(self.app, conn)(scope, receive, send)
  File "/Users/sachinmishra/Desktop/MCP/.venv/lib/python3.12/site-packages/starlette/_exception_handler.py", line 53, in wrapped_app
    raise exc
  File "/Users/sachinmishra/Desktop/MCP/.venv/lib/python3.12/site-packages/starlette/_exception_handler.py", line 42, in wrapped_app
    await app(scope, receive, sender)
  File "/Users/sachinmishra/Desktop/MCP/.venv/lib/python3.12/site-packages/fastapi/middleware/asyncexitstack.py", line 18, in __call__
    await self.app(scope, receive, send)
  File "/Users/sachinmishra/Desktop/MCP/.venv/lib/python3.12/site-packages/starlette/routing.py", line 716, in __call__
    await self.middleware_stack(scope, receive, send)
  File "/Users/sachinmishra/Desktop/MCP/.venv/lib/python3.12/site-packages/starlette/routing.py", line 736, in app
    await route.handle(scope, receive, send)
  File "/Users/sachinmishra/Desktop/MCP/.venv/lib/python3.12/site-packages/starlette/routing.py", line 290, in handle
    await self.app(scope, receive, send)
  File "/Users/sachinmishra/Desktop/MCP/.venv/lib/python3.12/site-packages/fastapi/routing.py", line 121, in app
    await wrap_app_handling_exceptions(app, request)(scope, receive, send)
  File "/Users/sachinmishra/Desktop/MCP/.venv/lib/python3.12/site-packages/starlette/_exception_handler.py", line 53, in wrapped_app
    raise exc
  File "/Users/sachinmishra/Desktop/MCP/.venv/lib/python3.12/site-packages/starlette/_exception_handler.py", line 42, in wrapped_app
    await app(scope, receive, sender)
  File "/Users/sachinmishra/Desktop/MCP/.venv/lib/python3.12/site-packages/fastapi/routing.py", line 107, in app
    response = await f(request)
               ^^^^^^^^^^^^^^^^
  File "/Users/sachinmishra/Desktop/MCP/.venv/lib/python3.12/site-packages/fastapi/routing.py", line 426, in app
    raw_response = await run_endpoint_function(
                   ^^^^^^^^^^^^^^^^^^^^^^^^^^^^
  File "/Users/sachinmishra/Desktop/MCP/.venv/lib/python3.12/site-packages/fastapi/routing.py", line 314, in run_endpoint_function
    return await dependant.call(**values)
           ^^^^^^^^^^^^^^^^^^^^^^^^^^^^^^
  File "/Users/sachinmishra/Desktop/MCP/health-monitor/backend/main.py", line 40, in ingest_vital
    vital = Vital.model_validate(vital_data)
            ^^^^^^^^^^^^^^^^^^^^^^^^^^^^^^^^
  File "/Users/sachinmishra/Desktop/MCP/.venv/lib/python3.12/site-packages/sqlmodel/main.py", line 880, in model_validate
    return sqlmodel_validate(
           ^^^^^^^^^^^^^^^^^^
  File "/Users/sachinmishra/Desktop/MCP/.venv/lib/python3.12/site-packages/sqlmodel/_compat.py", line 300, in sqlmodel_validate
    cls.__pydantic_validator__.validate_python(
pydantic_core._pydantic_core.ValidationError: 1 validation error for Vital
timestamp
  Input should be a valid datetime [type=datetime_type, input_value=None, input_type=NoneType]
    For further information visit https://errors.pydantic.dev/2.12/v/datetime_type
INFO:     127.0.0.1:57332 - "POST /vitals HTTP/1.1" 500 Internal Server Error
ERROR:    Exception in ASGI application
Traceback (most recent call last):
  File "/Users/sachinmishra/Desktop/MCP/.venv/lib/python3.12/site-packages/uvicorn/protocols/http/httptools_impl.py", line 416, in run_asgi
    result = await app(  # type: ignore[func-returns-value]
             ^^^^^^^^^^^^^^^^^^^^^^^^^^^^^^^^^^^^^^^^^^^^^^
  File "/Users/sachinmishra/Desktop/MCP/.venv/lib/python3.12/site-packages/uvicorn/middleware/proxy_headers.py", line 60, in __call__
    return await self.app(scope, receive, send)
           ^^^^^^^^^^^^^^^^^^^^^^^^^^^^^^^^^^^^
  File "/Users/sachinmishra/Desktop/MCP/.venv/lib/python3.12/site-packages/fastapi/applications.py", line 1138, in __call__
    await super().__call__(scope, receive, send)
  File "/Users/sachinmishra/Desktop/MCP/.venv/lib/python3.12/site-packages/starlette/applications.py", line 107, in __call__
    await self.middleware_stack(scope, receive, send)
  File "/Users/sachinmishra/Desktop/MCP/.venv/lib/python3.12/site-packages/starlette/middleware/errors.py", line 186, in __call__
    raise exc
  File "/Users/sachinmishra/Desktop/MCP/.venv/lib/python3.12/site-packages/starlette/middleware/errors.py", line 164, in __call__
    await self.app(scope, receive, _send)
  File "/Users/sachinmishra/Desktop/MCP/.venv/lib/python3.12/site-packages/starlette/middleware/exceptions.py", line 63, in __call__
    await wrap_app_handling_exceptions(self.app, conn)(scope, receive, send)
  File "/Users/sachinmishra/Desktop/MCP/.venv/lib/python3.12/site-packages/starlette/_exception_handler.py", line 53, in wrapped_app
    raise exc
  File "/Users/sachinmishra/Desktop/MCP/.venv/lib/python3.12/site-packages/starlette/_exception_handler.py", line 42, in wrapped_app
    await app(scope, receive, sender)
  File "/Users/sachinmishra/Desktop/MCP/.venv/lib/python3.12/site-packages/fastapi/middleware/asyncexitstack.py", line 18, in __call__
    await self.app(scope, receive, send)
  File "/Users/sachinmishra/Desktop/MCP/.venv/lib/python3.12/site-packages/starlette/routing.py", line 716, in __call__
    await self.middleware_stack(scope, receive, send)
  File "/Users/sachinmishra/Desktop/MCP/.venv/lib/python3.12/site-packages/starlette/routing.py", line 736, in app
    await route.handle(scope, receive, send)
  File "/Users/sachinmishra/Desktop/MCP/.venv/lib/python3.12/site-packages/starlette/routing.py", line 290, in handle
    await self.app(scope, receive, send)
  File "/Users/sachinmishra/Desktop/MCP/.venv/lib/python3.12/site-packages/fastapi/routing.py", line 121, in app
    await wrap_app_handling_exceptions(app, request)(scope, receive, send)
  File "/Users/sachinmishra/Desktop/MCP/.venv/lib/python3.12/site-packages/starlette/_exception_handler.py", line 53, in wrapped_app
    raise exc
  File "/Users/sachinmishra/Desktop/MCP/.venv/lib/python3.12/site-packages/starlette/_exception_handler.py", line 42, in wrapped_app
    await app(scope, receive, sender)
  File "/Users/sachinmishra/Desktop/MCP/.venv/lib/python3.12/site-packages/fastapi/routing.py", line 107, in app
    response = await f(request)
               ^^^^^^^^^^^^^^^^
  File "/Users/sachinmishra/Desktop/MCP/.venv/lib/python3.12/site-packages/fastapi/routing.py", line 426, in app
    raw_response = await run_endpoint_function(
                   ^^^^^^^^^^^^^^^^^^^^^^^^^^^^
  File "/Users/sachinmishra/Desktop/MCP/.venv/lib/python3.12/site-packages/fastapi/routing.py", line 314, in run_endpoint_function
    return await dependant.call(**values)
           ^^^^^^^^^^^^^^^^^^^^^^^^^^^^^^
  File "/Users/sachinmishra/Desktop/MCP/health-monitor/backend/main.py", line 40, in ingest_vital
    vital = Vital.model_validate(vital_data)
            ^^^^^^^^^^^^^^^^^^^^^^^^^^^^^^^^
  File "/Users/sachinmishra/Desktop/MCP/.venv/lib/python3.12/site-packages/sqlmodel/main.py", line 880, in model_validate
    return sqlmodel_validate(
           ^^^^^^^^^^^^^^^^^^
  File "/Users/sachinmishra/Desktop/MCP/.venv/lib/python3.12/site-packages/sqlmodel/_compat.py", line 300, in sqlmodel_validate
    cls.__pydantic_validator__.validate_python(
pydantic_core._pydantic_core.ValidationError: 1 validation error for Vital
timestamp
  Input should be a valid datetime [type=datetime_type, input_value=None, input_type=NoneType]
    For further information visit https://errors.pydantic.dev/2.12/v/datetime_type
INFO:     127.0.0.1:57334 - "POST /vitals HTTP/1.1" 500 Internal Server Error
ERROR:    Exception in ASGI application
Traceback (most recent call last):
  File "/Users/sachinmishra/Desktop/MCP/.venv/lib/python3.12/site-packages/uvicorn/protocols/http/httptools_impl.py", line 416, in run_asgi
    result = await app(  # type: ignore[func-returns-value]
             ^^^^^^^^^^^^^^^^^^^^^^^^^^^^^^^^^^^^^^^^^^^^^^
  File "/Users/sachinmishra/Desktop/MCP/.venv/lib/python3.12/site-packages/uvicorn/middleware/proxy_headers.py", line 60, in __call__
    return await self.app(scope, receive, send)
           ^^^^^^^^^^^^^^^^^^^^^^^^^^^^^^^^^^^^
  File "/Users/sachinmishra/Desktop/MCP/.venv/lib/python3.12/site-packages/fastapi/applications.py", line 1138, in __call__
    await super().__call__(scope, receive, send)
  File "/Users/sachinmishra/Desktop/MCP/.venv/lib/python3.12/site-packages/starlette/applications.py", line 107, in __call__
    await self.middleware_stack(scope, receive, send)
  File "/Users/sachinmishra/Desktop/MCP/.venv/lib/python3.12/site-packages/starlette/middleware/errors.py", line 186, in __call__
    raise exc
  File "/Users/sachinmishra/Desktop/MCP/.venv/lib/python3.12/site-packages/starlette/middleware/errors.py", line 164, in __call__
    await self.app(scope, receive, _send)
  File "/Users/sachinmishra/Desktop/MCP/.venv/lib/python3.12/site-packages/starlette/middleware/exceptions.py", line 63, in __call__
    await wrap_app_handling_exceptions(self.app, conn)(scope, receive, send)
  File "/Users/sachinmishra/Desktop/MCP/.venv/lib/python3.12/site-packages/starlette/_exception_handler.py", line 53, in wrapped_app
    raise exc
  File "/Users/sachinmishra/Desktop/MCP/.venv/lib/python3.12/site-packages/starlette/_exception_handler.py", line 42, in wrapped_app
    await app(scope, receive, sender)
  File "/Users/sachinmishra/Desktop/MCP/.venv/lib/python3.12/site-packages/fastapi/middleware/asyncexitstack.py", line 18, in __call__
    await self.app(scope, receive, send)
  File "/Users/sachinmishra/Desktop/MCP/.venv/lib/python3.12/site-packages/starlette/routing.py", line 716, in __call__
    await self.middleware_stack(scope, receive, send)
  File "/Users/sachinmishra/Desktop/MCP/.venv/lib/python3.12/site-packages/starlette/routing.py", line 736, in app
    await route.handle(scope, receive, send)
  File "/Users/sachinmishra/Desktop/MCP/.venv/lib/python3.12/site-packages/starlette/routing.py", line 290, in handle
    await self.app(scope, receive, send)
  File "/Users/sachinmishra/Desktop/MCP/.venv/lib/python3.12/site-packages/fastapi/routing.py", line 121, in app
    await wrap_app_handling_exceptions(app, request)(scope, receive, send)
  File "/Users/sachinmishra/Desktop/MCP/.venv/lib/python3.12/site-packages/starlette/_exception_handler.py", line 53, in wrapped_app
    raise exc
  File "/Users/sachinmishra/Desktop/MCP/.venv/lib/python3.12/site-packages/starlette/_exception_handler.py", line 42, in wrapped_app
    await app(scope, receive, sender)
  File "/Users/sachinmishra/Desktop/MCP/.venv/lib/python3.12/site-packages/fastapi/routing.py", line 107, in app
    response = await f(request)
               ^^^^^^^^^^^^^^^^
  File "/Users/sachinmishra/Desktop/MCP/.venv/lib/python3.12/site-packages/fastapi/routing.py", line 426, in app
    raw_response = await run_endpoint_function(
                   ^^^^^^^^^^^^^^^^^^^^^^^^^^^^
  File "/Users/sachinmishra/Desktop/MCP/.venv/lib/python3.12/site-packages/fastapi/routing.py", line 314, in run_endpoint_function
    return await dependant.call(**values)
           ^^^^^^^^^^^^^^^^^^^^^^^^^^^^^^
  File "/Users/sachinmishra/Desktop/MCP/health-monitor/backend/main.py", line 40, in ingest_vital
    vital = Vital.model_validate(vital_data)
            ^^^^^^^^^^^^^^^^^^^^^^^^^^^^^^^^
  File "/Users/sachinmishra/Desktop/MCP/.venv/lib/python3.12/site-packages/sqlmodel/main.py", line 880, in model_validate
    return sqlmodel_validate(
           ^^^^^^^^^^^^^^^^^^
  File "/Users/sachinmishra/Desktop/MCP/.venv/lib/python3.12/site-packages/sqlmodel/_compat.py", line 300, in sqlmodel_validate
    cls.__pydantic_validator__.validate_python(
pydantic_core._pydantic_core.ValidationError: 1 validation error for Vital
timestamp
  Input should be a valid datetime [type=datetime_type, input_value=None, input_type=NoneType]
    For further information visit https://errors.pydantic.dev/2.12/v/datetime_type
INFO:     127.0.0.1:57338 - "POST /vitals HTTP/1.1" 500 Internal Server Error
ERROR:    Exception in ASGI application
Traceback (most recent call last):
  File "/Users/sachinmishra/Desktop/MCP/.venv/lib/python3.12/site-packages/uvicorn/protocols/http/httptools_impl.py", line 416, in run_asgi
    result = await app(  # type: ignore[func-returns-value]
             ^^^^^^^^^^^^^^^^^^^^^^^^^^^^^^^^^^^^^^^^^^^^^^
  File "/Users/sachinmishra/Desktop/MCP/.venv/lib/python3.12/site-packages/uvicorn/middleware/proxy_headers.py", line 60, in __call__
    return await self.app(scope, receive, send)
           ^^^^^^^^^^^^^^^^^^^^^^^^^^^^^^^^^^^^
  File "/Users/sachinmishra/Desktop/MCP/.venv/lib/python3.12/site-packages/fastapi/applications.py", line 1138, in __call__
    await super().__call__(scope, receive, send)
  File "/Users/sachinmishra/Desktop/MCP/.venv/lib/python3.12/site-packages/starlette/applications.py", line 107, in __call__
    await self.middleware_stack(scope, receive, send)
  File "/Users/sachinmishra/Desktop/MCP/.venv/lib/python3.12/site-packages/starlette/middleware/errors.py", line 186, in __call__
    raise exc
  File "/Users/sachinmishra/Desktop/MCP/.venv/lib/python3.12/site-packages/starlette/middleware/errors.py", line 164, in __call__
    await self.app(scope, receive, _send)
  File "/Users/sachinmishra/Desktop/MCP/.venv/lib/python3.12/site-packages/starlette/middleware/exceptions.py", line 63, in __call__
    await wrap_app_handling_exceptions(self.app, conn)(scope, receive, send)
  File "/Users/sachinmishra/Desktop/MCP/.venv/lib/python3.12/site-packages/starlette/_exception_handler.py", line 53, in wrapped_app
    raise exc
  File "/Users/sachinmishra/Desktop/MCP/.venv/lib/python3.12/site-packages/starlette/_exception_handler.py", line 42, in wrapped_app
    await app(scope, receive, sender)
  File "/Users/sachinmishra/Desktop/MCP/.venv/lib/python3.12/site-packages/fastapi/middleware/asyncexitstack.py", line 18, in __call__
    await self.app(scope, receive, send)
  File "/Users/sachinmishra/Desktop/MCP/.venv/lib/python3.12/site-packages/starlette/routing.py", line 716, in __call__
    await self.middleware_stack(scope, receive, send)
  File "/Users/sachinmishra/Desktop/MCP/.venv/lib/python3.12/site-packages/starlette/routing.py", line 736, in app
    await route.handle(scope, receive, send)
  File "/Users/sachinmishra/Desktop/MCP/.venv/lib/python3.12/site-packages/starlette/routing.py", line 290, in handle
    await self.app(scope, receive, send)
  File "/Users/sachinmishra/Desktop/MCP/.venv/lib/python3.12/site-packages/fastapi/routing.py", line 121, in app
    await wrap_app_handling_exceptions(app, request)(scope, receive, send)
  File "/Users/sachinmishra/Desktop/MCP/.venv/lib/python3.12/site-packages/starlette/_exception_handler.py", line 53, in wrapped_app
    raise exc
  File "/Users/sachinmishra/Desktop/MCP/.venv/lib/python3.12/site-packages/starlette/_exception_handler.py", line 42, in wrapped_app
    await app(scope, receive, sender)
  File "/Users/sachinmishra/Desktop/MCP/.venv/lib/python3.12/site-packages/fastapi/routing.py", line 107, in app
    response = await f(request)
               ^^^^^^^^^^^^^^^^
  File "/Users/sachinmishra/Desktop/MCP/.venv/lib/python3.12/site-packages/fastapi/routing.py", line 426, in app
    raw_response = await run_endpoint_function(
                   ^^^^^^^^^^^^^^^^^^^^^^^^^^^^
  File "/Users/sachinmishra/Desktop/MCP/.venv/lib/python3.12/site-packages/fastapi/routing.py", line 314, in run_endpoint_function
    return await dependant.call(**values)
           ^^^^^^^^^^^^^^^^^^^^^^^^^^^^^^
  File "/Users/sachinmishra/Desktop/MCP/health-monitor/backend/main.py", line 40, in ingest_vital
    vital = Vital.model_validate(vital_data)
            ^^^^^^^^^^^^^^^^^^^^^^^^^^^^^^^^
  File "/Users/sachinmishra/Desktop/MCP/.venv/lib/python3.12/site-packages/sqlmodel/main.py", line 880, in model_validate
    return sqlmodel_validate(
           ^^^^^^^^^^^^^^^^^^
  File "/Users/sachinmishra/Desktop/MCP/.venv/lib/python3.12/site-packages/sqlmodel/_compat.py", line 300, in sqlmodel_validate
    cls.__pydantic_validator__.validate_python(
pydantic_core._pydantic_core.ValidationError: 1 validation error for Vital
timestamp
  Input should be a valid datetime [type=datetime_type, input_value=None, input_type=NoneType]
    For further information visit https://errors.pydantic.dev/2.12/v/datetime_type
INFO:     127.0.0.1:57340 - "POST /vitals HTTP/1.1" 500 Internal Server Error
ERROR:    Exception in ASGI application
Traceback (most recent call last):
  File "/Users/sachinmishra/Desktop/MCP/.venv/lib/python3.12/site-packages/uvicorn/protocols/http/httptools_impl.py", line 416, in run_asgi
    result = await app(  # type: ignore[func-returns-value]
             ^^^^^^^^^^^^^^^^^^^^^^^^^^^^^^^^^^^^^^^^^^^^^^
  File "/Users/sachinmishra/Desktop/MCP/.venv/lib/python3.12/site-packages/uvicorn/middleware/proxy_headers.py", line 60, in __call__
    return await self.app(scope, receive, send)
           ^^^^^^^^^^^^^^^^^^^^^^^^^^^^^^^^^^^^
  File "/Users/sachinmishra/Desktop/MCP/.venv/lib/python3.12/site-packages/fastapi/applications.py", line 1138, in __call__
    await super().__call__(scope, receive, send)
  File "/Users/sachinmishra/Desktop/MCP/.venv/lib/python3.12/site-packages/starlette/applications.py", line 107, in __call__
    await self.middleware_stack(scope, receive, send)
  File "/Users/sachinmishra/Desktop/MCP/.venv/lib/python3.12/site-packages/starlette/middleware/errors.py", line 186, in __call__
    raise exc
  File "/Users/sachinmishra/Desktop/MCP/.venv/lib/python3.12/site-packages/starlette/middleware/errors.py", line 164, in __call__
    await self.app(scope, receive, _send)
  File "/Users/sachinmishra/Desktop/MCP/.venv/lib/python3.12/site-packages/starlette/middleware/exceptions.py", line 63, in __call__
    await wrap_app_handling_exceptions(self.app, conn)(scope, receive, send)
  File "/Users/sachinmishra/Desktop/MCP/.venv/lib/python3.12/site-packages/starlette/_exception_handler.py", line 53, in wrapped_app
    raise exc
  File "/Users/sachinmishra/Desktop/MCP/.venv/lib/python3.12/site-packages/starlette/_exception_handler.py", line 42, in wrapped_app
    await app(scope, receive, sender)
  File "/Users/sachinmishra/Desktop/MCP/.venv/lib/python3.12/site-packages/fastapi/middleware/asyncexitstack.py", line 18, in __call__
    await self.app(scope, receive, send)
  File "/Users/sachinmishra/Desktop/MCP/.venv/lib/python3.12/site-packages/starlette/routing.py", line 716, in __call__
    await self.middleware_stack(scope, receive, send)
  File "/Users/sachinmishra/Desktop/MCP/.venv/lib/python3.12/site-packages/starlette/routing.py", line 736, in app
    await route.handle(scope, receive, send)
  File "/Users/sachinmishra/Desktop/MCP/.venv/lib/python3.12/site-packages/starlette/routing.py", line 290, in handle
    await self.app(scope, receive, send)
  File "/Users/sachinmishra/Desktop/MCP/.venv/lib/python3.12/site-packages/fastapi/routing.py", line 121, in app
    await wrap_app_handling_exceptions(app, request)(scope, receive, send)
  File "/Users/sachinmishra/Desktop/MCP/.venv/lib/python3.12/site-packages/starlette/_exception_handler.py", line 53, in wrapped_app
    raise exc
  File "/Users/sachinmishra/Desktop/MCP/.venv/lib/python3.12/site-packages/starlette/_exception_handler.py", line 42, in wrapped_app
    await app(scope, receive, sender)
  File "/Users/sachinmishra/Desktop/MCP/.venv/lib/python3.12/site-packages/fastapi/routing.py", line 107, in app
    response = await f(request)
               ^^^^^^^^^^^^^^^^
  File "/Users/sachinmishra/Desktop/MCP/.venv/lib/python3.12/site-packages/fastapi/routing.py", line 426, in app
    raw_response = await run_endpoint_function(
                   ^^^^^^^^^^^^^^^^^^^^^^^^^^^^
  File "/Users/sachinmishra/Desktop/MCP/.venv/lib/python3.12/site-packages/fastapi/routing.py", line 314, in run_endpoint_function
    return await dependant.call(**values)
           ^^^^^^^^^^^^^^^^^^^^^^^^^^^^^^
  File "/Users/sachinmishra/Desktop/MCP/health-monitor/backend/main.py", line 40, in ingest_vital
    vital = Vital.model_validate(vital_data)
            ^^^^^^^^^^^^^^^^^^^^^^^^^^^^^^^^
  File "/Users/sachinmishra/Desktop/MCP/.venv/lib/python3.12/site-packages/sqlmodel/main.py", line 880, in model_validate
    return sqlmodel_validate(
           ^^^^^^^^^^^^^^^^^^
  File "/Users/sachinmishra/Desktop/MCP/.venv/lib/python3.12/site-packages/sqlmodel/_compat.py", line 300, in sqlmodel_validate
    cls.__pydantic_validator__.validate_python(
pydantic_core._pydantic_core.ValidationError: 1 validation error for Vital
timestamp
  Input should be a valid datetime [type=datetime_type, input_value=None, input_type=NoneType]
    For further information visit https://errors.pydantic.dev/2.12/v/datetime_type
INFO:     127.0.0.1:57344 - "POST /vitals HTTP/1.1" 500 Internal Server Error
ERROR:    Exception in ASGI application
Traceback (most recent call last):
  File "/Users/sachinmishra/Desktop/MCP/.venv/lib/python3.12/site-packages/uvicorn/protocols/http/httptools_impl.py", line 416, in run_asgi
    result = await app(  # type: ignore[func-returns-value]
             ^^^^^^^^^^^^^^^^^^^^^^^^^^^^^^^^^^^^^^^^^^^^^^
  File "/Users/sachinmishra/Desktop/MCP/.venv/lib/python3.12/site-packages/uvicorn/middleware/proxy_headers.py", line 60, in __call__
    return await self.app(scope, receive, send)
           ^^^^^^^^^^^^^^^^^^^^^^^^^^^^^^^^^^^^
  File "/Users/sachinmishra/Desktop/MCP/.venv/lib/python3.12/site-packages/fastapi/applications.py", line 1138, in __call__
    await super().__call__(scope, receive, send)
  File "/Users/sachinmishra/Desktop/MCP/.venv/lib/python3.12/site-packages/starlette/applications.py", line 107, in __call__
    await self.middleware_stack(scope, receive, send)
  File "/Users/sachinmishra/Desktop/MCP/.venv/lib/python3.12/site-packages/starlette/middleware/errors.py", line 186, in __call__
    raise exc
  File "/Users/sachinmishra/Desktop/MCP/.venv/lib/python3.12/site-packages/starlette/middleware/errors.py", line 164, in __call__
    await self.app(scope, receive, _send)
  File "/Users/sachinmishra/Desktop/MCP/.venv/lib/python3.12/site-packages/starlette/middleware/exceptions.py", line 63, in __call__
    await wrap_app_handling_exceptions(self.app, conn)(scope, receive, send)
  File "/Users/sachinmishra/Desktop/MCP/.venv/lib/python3.12/site-packages/starlette/_exception_handler.py", line 53, in wrapped_app
    raise exc
  File "/Users/sachinmishra/Desktop/MCP/.venv/lib/python3.12/site-packages/starlette/_exception_handler.py", line 42, in wrapped_app
    await app(scope, receive, sender)
  File "/Users/sachinmishra/Desktop/MCP/.venv/lib/python3.12/site-packages/fastapi/middleware/asyncexitstack.py", line 18, in __call__
    await self.app(scope, receive, send)
  File "/Users/sachinmishra/Desktop/MCP/.venv/lib/python3.12/site-packages/starlette/routing.py", line 716, in __call__
    await self.middleware_stack(scope, receive, send)
  File "/Users/sachinmishra/Desktop/MCP/.venv/lib/python3.12/site-packages/starlette/routing.py", line 736, in app
    await route.handle(scope, receive, send)
  File "/Users/sachinmishra/Desktop/MCP/.venv/lib/python3.12/site-packages/starlette/routing.py", line 290, in handle
    await self.app(scope, receive, send)
  File "/Users/sachinmishra/Desktop/MCP/.venv/lib/python3.12/site-packages/fastapi/routing.py", line 121, in app
    await wrap_app_handling_exceptions(app, request)(scope, receive, send)
  File "/Users/sachinmishra/Desktop/MCP/.venv/lib/python3.12/site-packages/starlette/_exception_handler.py", line 53, in wrapped_app
    raise exc
  File "/Users/sachinmishra/Desktop/MCP/.venv/lib/python3.12/site-packages/starlette/_exception_handler.py", line 42, in wrapped_app
    await app(scope, receive, sender)
  File "/Users/sachinmishra/Desktop/MCP/.venv/lib/python3.12/site-packages/fastapi/routing.py", line 107, in app
    response = await f(request)
               ^^^^^^^^^^^^^^^^
  File "/Users/sachinmishra/Desktop/MCP/.venv/lib/python3.12/site-packages/fastapi/routing.py", line 426, in app
    raw_response = await run_endpoint_function(
                   ^^^^^^^^^^^^^^^^^^^^^^^^^^^^
  File "/Users/sachinmishra/Desktop/MCP/.venv/lib/python3.12/site-packages/fastapi/routing.py", line 314, in run_endpoint_function
    return await dependant.call(**values)
           ^^^^^^^^^^^^^^^^^^^^^^^^^^^^^^
  File "/Users/sachinmishra/Desktop/MCP/health-monitor/backend/main.py", line 40, in ingest_vital
    vital = Vital.model_validate(vital_data)
            ^^^^^^^^^^^^^^^^^^^^^^^^^^^^^^^^
  File "/Users/sachinmishra/Desktop/MCP/.venv/lib/python3.12/site-packages/sqlmodel/main.py", line 880, in model_validate
    return sqlmodel_validate(
           ^^^^^^^^^^^^^^^^^^
  File "/Users/sachinmishra/Desktop/MCP/.venv/lib/python3.12/site-packages/sqlmodel/_compat.py", line 300, in sqlmodel_validate
    cls.__pydantic_validator__.validate_python(
pydantic_core._pydantic_core.ValidationError: 1 validation error for Vital
timestamp
  Input should be a valid datetime [type=datetime_type, input_value=None, input_type=NoneType]
    For further information visit https://errors.pydantic.dev/2.12/v/datetime_type
INFO:     127.0.0.1:57346 - "POST /vitals HTTP/1.1" 500 Internal Server Error
ERROR:    Exception in ASGI application
Traceback (most recent call last):
  File "/Users/sachinmishra/Desktop/MCP/.venv/lib/python3.12/site-packages/uvicorn/protocols/http/httptools_impl.py", line 416, in run_asgi
    result = await app(  # type: ignore[func-returns-value]
             ^^^^^^^^^^^^^^^^^^^^^^^^^^^^^^^^^^^^^^^^^^^^^^
  File "/Users/sachinmishra/Desktop/MCP/.venv/lib/python3.12/site-packages/uvicorn/middleware/proxy_headers.py", line 60, in __call__
    return await self.app(scope, receive, send)
           ^^^^^^^^^^^^^^^^^^^^^^^^^^^^^^^^^^^^
  File "/Users/sachinmishra/Desktop/MCP/.venv/lib/python3.12/site-packages/fastapi/applications.py", line 1138, in __call__
    await super().__call__(scope, receive, send)
  File "/Users/sachinmishra/Desktop/MCP/.venv/lib/python3.12/site-packages/starlette/applications.py", line 107, in __call__
    await self.middleware_stack(scope, receive, send)
  File "/Users/sachinmishra/Desktop/MCP/.venv/lib/python3.12/site-packages/starlette/middleware/errors.py", line 186, in __call__
    raise exc
  File "/Users/sachinmishra/Desktop/MCP/.venv/lib/python3.12/site-packages/starlette/middleware/errors.py", line 164, in __call__
    await self.app(scope, receive, _send)
  File "/Users/sachinmishra/Desktop/MCP/.venv/lib/python3.12/site-packages/starlette/middleware/exceptions.py", line 63, in __call__
    await wrap_app_handling_exceptions(self.app, conn)(scope, receive, send)
  File "/Users/sachinmishra/Desktop/MCP/.venv/lib/python3.12/site-packages/starlette/_exception_handler.py", line 53, in wrapped_app
    raise exc
  File "/Users/sachinmishra/Desktop/MCP/.venv/lib/python3.12/site-packages/starlette/_exception_handler.py", line 42, in wrapped_app
    await app(scope, receive, sender)
  File "/Users/sachinmishra/Desktop/MCP/.venv/lib/python3.12/site-packages/fastapi/middleware/asyncexitstack.py", line 18, in __call__
    await self.app(scope, receive, send)
  File "/Users/sachinmishra/Desktop/MCP/.venv/lib/python3.12/site-packages/starlette/routing.py", line 716, in __call__
    await self.middleware_stack(scope, receive, send)
  File "/Users/sachinmishra/Desktop/MCP/.venv/lib/python3.12/site-packages/starlette/routing.py", line 736, in app
    await route.handle(scope, receive, send)
  File "/Users/sachinmishra/Desktop/MCP/.venv/lib/python3.12/site-packages/starlette/routing.py", line 290, in handle
    await self.app(scope, receive, send)
  File "/Users/sachinmishra/Desktop/MCP/.venv/lib/python3.12/site-packages/fastapi/routing.py", line 121, in app
    await wrap_app_handling_exceptions(app, request)(scope, receive, send)
  File "/Users/sachinmishra/Desktop/MCP/.venv/lib/python3.12/site-packages/starlette/_exception_handler.py", line 53, in wrapped_app
    raise exc
  File "/Users/sachinmishra/Desktop/MCP/.venv/lib/python3.12/site-packages/starlette/_exception_handler.py", line 42, in wrapped_app
    await app(scope, receive, sender)
  File "/Users/sachinmishra/Desktop/MCP/.venv/lib/python3.12/site-packages/fastapi/routing.py", line 107, in app
    response = await f(request)
               ^^^^^^^^^^^^^^^^
  File "/Users/sachinmishra/Desktop/MCP/.venv/lib/python3.12/site-packages/fastapi/routing.py", line 426, in app
    raw_response = await run_endpoint_function(
                   ^^^^^^^^^^^^^^^^^^^^^^^^^^^^
  File "/Users/sachinmishra/Desktop/MCP/.venv/lib/python3.12/site-packages/fastapi/routing.py", line 314, in run_endpoint_function
    return await dependant.call(**values)
           ^^^^^^^^^^^^^^^^^^^^^^^^^^^^^^
  File "/Users/sachinmishra/Desktop/MCP/health-monitor/backend/main.py", line 40, in ingest_vital
    vital = Vital.model_validate(vital_data)
            ^^^^^^^^^^^^^^^^^^^^^^^^^^^^^^^^
  File "/Users/sachinmishra/Desktop/MCP/.venv/lib/python3.12/site-packages/sqlmodel/main.py", line 880, in model_validate
    return sqlmodel_validate(
           ^^^^^^^^^^^^^^^^^^
  File "/Users/sachinmishra/Desktop/MCP/.venv/lib/python3.12/site-packages/sqlmodel/_compat.py", line 300, in sqlmodel_validate
    cls.__pydantic_validator__.validate_python(
pydantic_core._pydantic_core.ValidationError: 1 validation error for Vital
timestamp
  Input should be a valid datetime [type=datetime_type, input_value=None, input_type=NoneType]
    For further information visit https://errors.pydantic.dev/2.12/v/datetime_type
INFO:     127.0.0.1:57351 - "POST /vitals HTTP/1.1" 500 Internal Server Error
ERROR:    Exception in ASGI application
Traceback (most recent call last):
  File "/Users/sachinmishra/Desktop/MCP/.venv/lib/python3.12/site-packages/uvicorn/protocols/http/httptools_impl.py", line 416, in run_asgi
    result = await app(  # type: ignore[func-returns-value]
             ^^^^^^^^^^^^^^^^^^^^^^^^^^^^^^^^^^^^^^^^^^^^^^
  File "/Users/sachinmishra/Desktop/MCP/.venv/lib/python3.12/site-packages/uvicorn/middleware/proxy_headers.py", line 60, in __call__
    return await self.app(scope, receive, send)
           ^^^^^^^^^^^^^^^^^^^^^^^^^^^^^^^^^^^^
  File "/Users/sachinmishra/Desktop/MCP/.venv/lib/python3.12/site-packages/fastapi/applications.py", line 1138, in __call__
    await super().__call__(scope, receive, send)
  File "/Users/sachinmishra/Desktop/MCP/.venv/lib/python3.12/site-packages/starlette/applications.py", line 107, in __call__
    await self.middleware_stack(scope, receive, send)
  File "/Users/sachinmishra/Desktop/MCP/.venv/lib/python3.12/site-packages/starlette/middleware/errors.py", line 186, in __call__
    raise exc
  File "/Users/sachinmishra/Desktop/MCP/.venv/lib/python3.12/site-packages/starlette/middleware/errors.py", line 164, in __call__
    await self.app(scope, receive, _send)
  File "/Users/sachinmishra/Desktop/MCP/.venv/lib/python3.12/site-packages/starlette/middleware/exceptions.py", line 63, in __call__
    await wrap_app_handling_exceptions(self.app, conn)(scope, receive, send)
  File "/Users/sachinmishra/Desktop/MCP/.venv/lib/python3.12/site-packages/starlette/_exception_handler.py", line 53, in wrapped_app
    raise exc
  File "/Users/sachinmishra/Desktop/MCP/.venv/lib/python3.12/site-packages/starlette/_exception_handler.py", line 42, in wrapped_app
    await app(scope, receive, sender)
  File "/Users/sachinmishra/Desktop/MCP/.venv/lib/python3.12/site-packages/fastapi/middleware/asyncexitstack.py", line 18, in __call__
    await self.app(scope, receive, send)
  File "/Users/sachinmishra/Desktop/MCP/.venv/lib/python3.12/site-packages/starlette/routing.py", line 716, in __call__
    await self.middleware_stack(scope, receive, send)
  File "/Users/sachinmishra/Desktop/MCP/.venv/lib/python3.12/site-packages/starlette/routing.py", line 736, in app
    await route.handle(scope, receive, send)
  File "/Users/sachinmishra/Desktop/MCP/.venv/lib/python3.12/site-packages/starlette/routing.py", line 290, in handle
    await self.app(scope, receive, send)
  File "/Users/sachinmishra/Desktop/MCP/.venv/lib/python3.12/site-packages/fastapi/routing.py", line 121, in app
    await wrap_app_handling_exceptions(app, request)(scope, receive, send)
  File "/Users/sachinmishra/Desktop/MCP/.venv/lib/python3.12/site-packages/starlette/_exception_handler.py", line 53, in wrapped_app
    raise exc
  File "/Users/sachinmishra/Desktop/MCP/.venv/lib/python3.12/site-packages/starlette/_exception_handler.py", line 42, in wrapped_app
    await app(scope, receive, sender)
  File "/Users/sachinmishra/Desktop/MCP/.venv/lib/python3.12/site-packages/fastapi/routing.py", line 107, in app
    response = await f(request)
               ^^^^^^^^^^^^^^^^
  File "/Users/sachinmishra/Desktop/MCP/.venv/lib/python3.12/site-packages/fastapi/routing.py", line 426, in app
    raw_response = await run_endpoint_function(
                   ^^^^^^^^^^^^^^^^^^^^^^^^^^^^
  File "/Users/sachinmishra/Desktop/MCP/.venv/lib/python3.12/site-packages/fastapi/routing.py", line 314, in run_endpoint_function
    return await dependant.call(**values)
           ^^^^^^^^^^^^^^^^^^^^^^^^^^^^^^
  File "/Users/sachinmishra/Desktop/MCP/health-monitor/backend/main.py", line 40, in ingest_vital
    vital = Vital.model_validate(vital_data)
            ^^^^^^^^^^^^^^^^^^^^^^^^^^^^^^^^
  File "/Users/sachinmishra/Desktop/MCP/.venv/lib/python3.12/site-packages/sqlmodel/main.py", line 880, in model_validate
    return sqlmodel_validate(
           ^^^^^^^^^^^^^^^^^^
  File "/Users/sachinmishra/Desktop/MCP/.venv/lib/python3.12/site-packages/sqlmodel/_compat.py", line 300, in sqlmodel_validate
    cls.__pydantic_validator__.validate_python(
pydantic_core._pydantic_core.ValidationError: 1 validation error for Vital
timestamp
  Input should be a valid datetime [type=datetime_type, input_value=None, input_type=NoneType]
    For further information visit https://errors.pydantic.dev/2.12/v/datetime_type
INFO:     127.0.0.1:57353 - "POST /vitals HTTP/1.1" 500 Internal Server Error
ERROR:    Exception in ASGI application
Traceback (most recent call last):
  File "/Users/sachinmishra/Desktop/MCP/.venv/lib/python3.12/site-packages/uvicorn/protocols/http/httptools_impl.py", line 416, in run_asgi
    result = await app(  # type: ignore[func-returns-value]
             ^^^^^^^^^^^^^^^^^^^^^^^^^^^^^^^^^^^^^^^^^^^^^^
  File "/Users/sachinmishra/Desktop/MCP/.venv/lib/python3.12/site-packages/uvicorn/middleware/proxy_headers.py", line 60, in __call__
    return await self.app(scope, receive, send)
           ^^^^^^^^^^^^^^^^^^^^^^^^^^^^^^^^^^^^
  File "/Users/sachinmishra/Desktop/MCP/.venv/lib/python3.12/site-packages/fastapi/applications.py", line 1138, in __call__
    await super().__call__(scope, receive, send)
  File "/Users/sachinmishra/Desktop/MCP/.venv/lib/python3.12/site-packages/starlette/applications.py", line 107, in __call__
    await self.middleware_stack(scope, receive, send)
  File "/Users/sachinmishra/Desktop/MCP/.venv/lib/python3.12/site-packages/starlette/middleware/errors.py", line 186, in __call__
    raise exc
  File "/Users/sachinmishra/Desktop/MCP/.venv/lib/python3.12/site-packages/starlette/middleware/errors.py", line 164, in __call__
    await self.app(scope, receive, _send)
  File "/Users/sachinmishra/Desktop/MCP/.venv/lib/python3.12/site-packages/starlette/middleware/exceptions.py", line 63, in __call__
    await wrap_app_handling_exceptions(self.app, conn)(scope, receive, send)
  File "/Users/sachinmishra/Desktop/MCP/.venv/lib/python3.12/site-packages/starlette/_exception_handler.py", line 53, in wrapped_app
    raise exc
  File "/Users/sachinmishra/Desktop/MCP/.venv/lib/python3.12/site-packages/starlette/_exception_handler.py", line 42, in wrapped_app
    await app(scope, receive, sender)
  File "/Users/sachinmishra/Desktop/MCP/.venv/lib/python3.12/site-packages/fastapi/middleware/asyncexitstack.py", line 18, in __call__
    await self.app(scope, receive, send)
  File "/Users/sachinmishra/Desktop/MCP/.venv/lib/python3.12/site-packages/starlette/routing.py", line 716, in __call__
    await self.middleware_stack(scope, receive, send)
  File "/Users/sachinmishra/Desktop/MCP/.venv/lib/python3.12/site-packages/starlette/routing.py", line 736, in app
    await route.handle(scope, receive, send)
  File "/Users/sachinmishra/Desktop/MCP/.venv/lib/python3.12/site-packages/starlette/routing.py", line 290, in handle
    await self.app(scope, receive, send)
  File "/Users/sachinmishra/Desktop/MCP/.venv/lib/python3.12/site-packages/fastapi/routing.py", line 121, in app
    await wrap_app_handling_exceptions(app, request)(scope, receive, send)
  File "/Users/sachinmishra/Desktop/MCP/.venv/lib/python3.12/site-packages/starlette/_exception_handler.py", line 53, in wrapped_app
    raise exc
  File "/Users/sachinmishra/Desktop/MCP/.venv/lib/python3.12/site-packages/starlette/_exception_handler.py", line 42, in wrapped_app
    await app(scope, receive, sender)
  File "/Users/sachinmishra/Desktop/MCP/.venv/lib/python3.12/site-packages/fastapi/routing.py", line 107, in app
    response = await f(request)
               ^^^^^^^^^^^^^^^^
  File "/Users/sachinmishra/Desktop/MCP/.venv/lib/python3.12/site-packages/fastapi/routing.py", line 426, in app
    raw_response = await run_endpoint_function(
                   ^^^^^^^^^^^^^^^^^^^^^^^^^^^^
  File "/Users/sachinmishra/Desktop/MCP/.venv/lib/python3.12/site-packages/fastapi/routing.py", line 314, in run_endpoint_function
    return await dependant.call(**values)
           ^^^^^^^^^^^^^^^^^^^^^^^^^^^^^^
  File "/Users/sachinmishra/Desktop/MCP/health-monitor/backend/main.py", line 40, in ingest_vital
    vital = Vital.model_validate(vital_data)
            ^^^^^^^^^^^^^^^^^^^^^^^^^^^^^^^^
  File "/Users/sachinmishra/Desktop/MCP/.venv/lib/python3.12/site-packages/sqlmodel/main.py", line 880, in model_validate
    return sqlmodel_validate(
           ^^^^^^^^^^^^^^^^^^
  File "/Users/sachinmishra/Desktop/MCP/.venv/lib/python3.12/site-packages/sqlmodel/_compat.py", line 300, in sqlmodel_validate
    cls.__pydantic_validator__.validate_python(
pydantic_core._pydantic_core.ValidationError: 1 validation error for Vital
timestamp
  Input should be a valid datetime [type=datetime_type, input_value=None, input_type=NoneType]
    For further information visit https://errors.pydantic.dev/2.12/v/datetime_type
INFO:     127.0.0.1:57357 - "POST /vitals HTTP/1.1" 500 Internal Server Error
ERROR:    Exception in ASGI application
Traceback (most recent call last):
  File "/Users/sachinmishra/Desktop/MCP/.venv/lib/python3.12/site-packages/uvicorn/protocols/http/httptools_impl.py", line 416, in run_asgi
    result = await app(  # type: ignore[func-returns-value]
             ^^^^^^^^^^^^^^^^^^^^^^^^^^^^^^^^^^^^^^^^^^^^^^
  File "/Users/sachinmishra/Desktop/MCP/.venv/lib/python3.12/site-packages/uvicorn/middleware/proxy_headers.py", line 60, in __call__
    return await self.app(scope, receive, send)
           ^^^^^^^^^^^^^^^^^^^^^^^^^^^^^^^^^^^^
  File "/Users/sachinmishra/Desktop/MCP/.venv/lib/python3.12/site-packages/fastapi/applications.py", line 1138, in __call__
    await super().__call__(scope, receive, send)
  File "/Users/sachinmishra/Desktop/MCP/.venv/lib/python3.12/site-packages/starlette/applications.py", line 107, in __call__
    await self.middleware_stack(scope, receive, send)
  File "/Users/sachinmishra/Desktop/MCP/.venv/lib/python3.12/site-packages/starlette/middleware/errors.py", line 186, in __call__
    raise exc
  File "/Users/sachinmishra/Desktop/MCP/.venv/lib/python3.12/site-packages/starlette/middleware/errors.py", line 164, in __call__
    await self.app(scope, receive, _send)
  File "/Users/sachinmishra/Desktop/MCP/.venv/lib/python3.12/site-packages/starlette/middleware/exceptions.py", line 63, in __call__
    await wrap_app_handling_exceptions(self.app, conn)(scope, receive, send)
  File "/Users/sachinmishra/Desktop/MCP/.venv/lib/python3.12/site-packages/starlette/_exception_handler.py", line 53, in wrapped_app
    raise exc
  File "/Users/sachinmishra/Desktop/MCP/.venv/lib/python3.12/site-packages/starlette/_exception_handler.py", line 42, in wrapped_app
    await app(scope, receive, sender)
  File "/Users/sachinmishra/Desktop/MCP/.venv/lib/python3.12/site-packages/fastapi/middleware/asyncexitstack.py", line 18, in __call__
    await self.app(scope, receive, send)
  File "/Users/sachinmishra/Desktop/MCP/.venv/lib/python3.12/site-packages/starlette/routing.py", line 716, in __call__
    await self.middleware_stack(scope, receive, send)
  File "/Users/sachinmishra/Desktop/MCP/.venv/lib/python3.12/site-packages/starlette/routing.py", line 736, in app
    await route.handle(scope, receive, send)
  File "/Users/sachinmishra/Desktop/MCP/.venv/lib/python3.12/site-packages/starlette/routing.py", line 290, in handle
    await self.app(scope, receive, send)
  File "/Users/sachinmishra/Desktop/MCP/.venv/lib/python3.12/site-packages/fastapi/routing.py", line 121, in app
    await wrap_app_handling_exceptions(app, request)(scope, receive, send)
  File "/Users/sachinmishra/Desktop/MCP/.venv/lib/python3.12/site-packages/starlette/_exception_handler.py", line 53, in wrapped_app
    raise exc
  File "/Users/sachinmishra/Desktop/MCP/.venv/lib/python3.12/site-packages/starlette/_exception_handler.py", line 42, in wrapped_app
    await app(scope, receive, sender)
  File "/Users/sachinmishra/Desktop/MCP/.venv/lib/python3.12/site-packages/fastapi/routing.py", line 107, in app
    response = await f(request)
               ^^^^^^^^^^^^^^^^
  File "/Users/sachinmishra/Desktop/MCP/.venv/lib/python3.12/site-packages/fastapi/routing.py", line 426, in app
    raw_response = await run_endpoint_function(
                   ^^^^^^^^^^^^^^^^^^^^^^^^^^^^
  File "/Users/sachinmishra/Desktop/MCP/.venv/lib/python3.12/site-packages/fastapi/routing.py", line 314, in run_endpoint_function
    return await dependant.call(**values)
           ^^^^^^^^^^^^^^^^^^^^^^^^^^^^^^
  File "/Users/sachinmishra/Desktop/MCP/health-monitor/backend/main.py", line 40, in ingest_vital
    vital = Vital.model_validate(vital_data)
            ^^^^^^^^^^^^^^^^^^^^^^^^^^^^^^^^
  File "/Users/sachinmishra/Desktop/MCP/.venv/lib/python3.12/site-packages/sqlmodel/main.py", line 880, in model_validate
    return sqlmodel_validate(
           ^^^^^^^^^^^^^^^^^^
  File "/Users/sachinmishra/Desktop/MCP/.venv/lib/python3.12/site-packages/sqlmodel/_compat.py", line 300, in sqlmodel_validate
    cls.__pydantic_validator__.validate_python(
pydantic_core._pydantic_core.ValidationError: 1 validation error for Vital
timestamp
  Input should be a valid datetime [type=datetime_type, input_value=None, input_type=NoneType]
    For further information visit https://errors.pydantic.dev/2.12/v/datetime_type
INFO:     127.0.0.1:57359 - "POST /vitals HTTP/1.1" 500 Internal Server Error
ERROR:    Exception in ASGI application
Traceback (most recent call last):
  File "/Users/sachinmishra/Desktop/MCP/.venv/lib/python3.12/site-packages/uvicorn/protocols/http/httptools_impl.py", line 416, in run_asgi
    result = await app(  # type: ignore[func-returns-value]
             ^^^^^^^^^^^^^^^^^^^^^^^^^^^^^^^^^^^^^^^^^^^^^^
  File "/Users/sachinmishra/Desktop/MCP/.venv/lib/python3.12/site-packages/uvicorn/middleware/proxy_headers.py", line 60, in __call__
    return await self.app(scope, receive, send)
           ^^^^^^^^^^^^^^^^^^^^^^^^^^^^^^^^^^^^
  File "/Users/sachinmishra/Desktop/MCP/.venv/lib/python3.12/site-packages/fastapi/applications.py", line 1138, in __call__
    await super().__call__(scope, receive, send)
  File "/Users/sachinmishra/Desktop/MCP/.venv/lib/python3.12/site-packages/starlette/applications.py", line 107, in __call__
    await self.middleware_stack(scope, receive, send)
  File "/Users/sachinmishra/Desktop/MCP/.venv/lib/python3.12/site-packages/starlette/middleware/errors.py", line 186, in __call__
    raise exc
  File "/Users/sachinmishra/Desktop/MCP/.venv/lib/python3.12/site-packages/starlette/middleware/errors.py", line 164, in __call__
    await self.app(scope, receive, _send)
  File "/Users/sachinmishra/Desktop/MCP/.venv/lib/python3.12/site-packages/starlette/middleware/exceptions.py", line 63, in __call__
    await wrap_app_handling_exceptions(self.app, conn)(scope, receive, send)
  File "/Users/sachinmishra/Desktop/MCP/.venv/lib/python3.12/site-packages/starlette/_exception_handler.py", line 53, in wrapped_app
    raise exc
  File "/Users/sachinmishra/Desktop/MCP/.venv/lib/python3.12/site-packages/starlette/_exception_handler.py", line 42, in wrapped_app
    await app(scope, receive, sender)
  File "/Users/sachinmishra/Desktop/MCP/.venv/lib/python3.12/site-packages/fastapi/middleware/asyncexitstack.py", line 18, in __call__
    await self.app(scope, receive, send)
  File "/Users/sachinmishra/Desktop/MCP/.venv/lib/python3.12/site-packages/starlette/routing.py", line 716, in __call__
    await self.middleware_stack(scope, receive, send)
  File "/Users/sachinmishra/Desktop/MCP/.venv/lib/python3.12/site-packages/starlette/routing.py", line 736, in app
    await route.handle(scope, receive, send)
  File "/Users/sachinmishra/Desktop/MCP/.venv/lib/python3.12/site-packages/starlette/routing.py", line 290, in handle
    await self.app(scope, receive, send)
  File "/Users/sachinmishra/Desktop/MCP/.venv/lib/python3.12/site-packages/fastapi/routing.py", line 121, in app
    await wrap_app_handling_exceptions(app, request)(scope, receive, send)
  File "/Users/sachinmishra/Desktop/MCP/.venv/lib/python3.12/site-packages/starlette/_exception_handler.py", line 53, in wrapped_app
    raise exc
  File "/Users/sachinmishra/Desktop/MCP/.venv/lib/python3.12/site-packages/starlette/_exception_handler.py", line 42, in wrapped_app
    await app(scope, receive, sender)
  File "/Users/sachinmishra/Desktop/MCP/.venv/lib/python3.12/site-packages/fastapi/routing.py", line 107, in app
    response = await f(request)
               ^^^^^^^^^^^^^^^^
  File "/Users/sachinmishra/Desktop/MCP/.venv/lib/python3.12/site-packages/fastapi/routing.py", line 426, in app
    raw_response = await run_endpoint_function(
                   ^^^^^^^^^^^^^^^^^^^^^^^^^^^^
  File "/Users/sachinmishra/Desktop/MCP/.venv/lib/python3.12/site-packages/fastapi/routing.py", line 314, in run_endpoint_function
    return await dependant.call(**values)
           ^^^^^^^^^^^^^^^^^^^^^^^^^^^^^^
  File "/Users/sachinmishra/Desktop/MCP/health-monitor/backend/main.py", line 40, in ingest_vital
    vital = Vital.model_validate(vital_data)
            ^^^^^^^^^^^^^^^^^^^^^^^^^^^^^^^^
  File "/Users/sachinmishra/Desktop/MCP/.venv/lib/python3.12/site-packages/sqlmodel/main.py", line 880, in model_validate
    return sqlmodel_validate(
           ^^^^^^^^^^^^^^^^^^
  File "/Users/sachinmishra/Desktop/MCP/.venv/lib/python3.12/site-packages/sqlmodel/_compat.py", line 300, in sqlmodel_validate
    cls.__pydantic_validator__.validate_python(
pydantic_core._pydantic_core.ValidationError: 1 validation error for Vital
timestamp
  Input should be a valid datetime [type=datetime_type, input_value=None, input_type=NoneType]
    For further information visit https://errors.pydantic.dev/2.12/v/datetime_type
WARNING:  WatchFiles detected changes in 'main.py'. Reloading...
INFO:     Shutting down
INFO:     Waiting for application shutdown.
INFO:     Application shutdown complete.
INFO:     Finished server process [30351]
INFO:     Started server process [30783]
INFO:     Waiting for application startup.
INFO:     Application startup complete.
INFO:     127.0.0.1:57365 - "POST /vitals HTTP/1.1" 500 Internal Server Error
ERROR:    Exception in ASGI application
Traceback (most recent call last):
  File "asyncpg/protocol/prepared_stmt.pyx", line 175, in asyncpg.protocol.protocol.PreparedStatementState._encode_bind_msg
  File "asyncpg/protocol/codecs/base.pyx", line 251, in asyncpg.protocol.protocol.Codec.encode
  File "asyncpg/protocol/codecs/base.pyx", line 153, in asyncpg.protocol.protocol.Codec.encode_scalar
  File "asyncpg/pgproto/codecs/datetime.pyx", line 152, in asyncpg.pgproto.pgproto.timestamp_encode
TypeError: can't subtract offset-naive and offset-aware datetimes

The above exception was the direct cause of the following exception:

Traceback (most recent call last):
  File "/Users/sachinmishra/Desktop/MCP/.venv/lib/python3.12/site-packages/sqlalchemy/dialects/postgresql/asyncpg.py", line 550, in _prepare_and_execute
    self._rows = deque(await prepared_stmt.fetch(*parameters))
                       ^^^^^^^^^^^^^^^^^^^^^^^^^^^^^^^^^^^^^^
  File "/Users/sachinmishra/Desktop/MCP/.venv/lib/python3.12/site-packages/asyncpg/prepared_stmt.py", line 177, in fetch
    data = await self.__bind_execute(args, 0, timeout)
           ^^^^^^^^^^^^^^^^^^^^^^^^^^^^^^^^^^^^^^^^^^^
  File "/Users/sachinmishra/Desktop/MCP/.venv/lib/python3.12/site-packages/asyncpg/prepared_stmt.py", line 268, in __bind_execute
    data, status, _ = await self.__do_execute(
                      ^^^^^^^^^^^^^^^^^^^^^^^^
  File "/Users/sachinmishra/Desktop/MCP/.venv/lib/python3.12/site-packages/asyncpg/prepared_stmt.py", line 257, in __do_execute
    return await executor(protocol)
           ^^^^^^^^^^^^^^^^^^^^^^^^
  File "asyncpg/protocol/protocol.pyx", line 184, in bind_execute
  File "asyncpg/protocol/prepared_stmt.pyx", line 204, in asyncpg.protocol.protocol.PreparedStatementState._encode_bind_msg
asyncpg.exceptions.DataError: invalid input for query argument $5: datetime.datetime(2026, 2, 10, 16, 1, 21... (can't subtract offset-naive and offset-aware datetimes)

The above exception was the direct cause of the following exception:

Traceback (most recent call last):
  File "/Users/sachinmishra/Desktop/MCP/.venv/lib/python3.12/site-packages/sqlalchemy/engine/base.py", line 1967, in _exec_single_context
    self.dialect.do_execute(
  File "/Users/sachinmishra/Desktop/MCP/.venv/lib/python3.12/site-packages/sqlalchemy/engine/default.py", line 952, in do_execute
    cursor.execute(statement, parameters)
  File "/Users/sachinmishra/Desktop/MCP/.venv/lib/python3.12/site-packages/sqlalchemy/dialects/postgresql/asyncpg.py", line 585, in execute
    self._adapt_connection.await_(
  File "/Users/sachinmishra/Desktop/MCP/.venv/lib/python3.12/site-packages/sqlalchemy/util/_concurrency_py3k.py", line 132, in await_only
    return current.parent.switch(awaitable)  # type: ignore[no-any-return,attr-defined] # noqa: E501
           ^^^^^^^^^^^^^^^^^^^^^^^^^^^^^^^^
  File "/Users/sachinmishra/Desktop/MCP/.venv/lib/python3.12/site-packages/sqlalchemy/util/_concurrency_py3k.py", line 196, in greenlet_spawn
    value = await result
            ^^^^^^^^^^^^
  File "/Users/sachinmishra/Desktop/MCP/.venv/lib/python3.12/site-packages/sqlalchemy/dialects/postgresql/asyncpg.py", line 563, in _prepare_and_execute
    self._handle_exception(error)
  File "/Users/sachinmishra/Desktop/MCP/.venv/lib/python3.12/site-packages/sqlalchemy/dialects/postgresql/asyncpg.py", line 513, in _handle_exception
    self._adapt_connection._handle_exception(error)
  File "/Users/sachinmishra/Desktop/MCP/.venv/lib/python3.12/site-packages/sqlalchemy/dialects/postgresql/asyncpg.py", line 797, in _handle_exception
    raise translated_error from error
sqlalchemy.dialects.postgresql.asyncpg.AsyncAdapt_asyncpg_dbapi.Error: <class 'asyncpg.exceptions.DataError'>: invalid input for query argument $5: datetime.datetime(2026, 2, 10, 16, 1, 21... (can't subtract offset-naive and offset-aware datetimes)

The above exception was the direct cause of the following exception:

Traceback (most recent call last):
  File "/Users/sachinmishra/Desktop/MCP/.venv/lib/python3.12/site-packages/uvicorn/protocols/http/httptools_impl.py", line 416, in run_asgi
    result = await app(  # type: ignore[func-returns-value]
             ^^^^^^^^^^^^^^^^^^^^^^^^^^^^^^^^^^^^^^^^^^^^^^
  File "/Users/sachinmishra/Desktop/MCP/.venv/lib/python3.12/site-packages/uvicorn/middleware/proxy_headers.py", line 60, in __call__
    return await self.app(scope, receive, send)
           ^^^^^^^^^^^^^^^^^^^^^^^^^^^^^^^^^^^^
  File "/Users/sachinmishra/Desktop/MCP/.venv/lib/python3.12/site-packages/fastapi/applications.py", line 1138, in __call__
    await super().__call__(scope, receive, send)
  File "/Users/sachinmishra/Desktop/MCP/.venv/lib/python3.12/site-packages/starlette/applications.py", line 107, in __call__
    await self.middleware_stack(scope, receive, send)
  File "/Users/sachinmishra/Desktop/MCP/.venv/lib/python3.12/site-packages/starlette/middleware/errors.py", line 186, in __call__
    raise exc
  File "/Users/sachinmishra/Desktop/MCP/.venv/lib/python3.12/site-packages/starlette/middleware/errors.py", line 164, in __call__
    await self.app(scope, receive, _send)
  File "/Users/sachinmishra/Desktop/MCP/.venv/lib/python3.12/site-packages/starlette/middleware/exceptions.py", line 63, in __call__
    await wrap_app_handling_exceptions(self.app, conn)(scope, receive, send)
  File "/Users/sachinmishra/Desktop/MCP/.venv/lib/python3.12/site-packages/starlette/_exception_handler.py", line 53, in wrapped_app
    raise exc
  File "/Users/sachinmishra/Desktop/MCP/.venv/lib/python3.12/site-packages/starlette/_exception_handler.py", line 42, in wrapped_app
    await app(scope, receive, sender)
  File "/Users/sachinmishra/Desktop/MCP/.venv/lib/python3.12/site-packages/fastapi/middleware/asyncexitstack.py", line 18, in __call__
    await self.app(scope, receive, send)
  File "/Users/sachinmishra/Desktop/MCP/.venv/lib/python3.12/site-packages/starlette/routing.py", line 716, in __call__
    await self.middleware_stack(scope, receive, send)
  File "/Users/sachinmishra/Desktop/MCP/.venv/lib/python3.12/site-packages/starlette/routing.py", line 736, in app
    await route.handle(scope, receive, send)
  File "/Users/sachinmishra/Desktop/MCP/.venv/lib/python3.12/site-packages/starlette/routing.py", line 290, in handle
    await self.app(scope, receive, send)
  File "/Users/sachinmishra/Desktop/MCP/.venv/lib/python3.12/site-packages/fastapi/routing.py", line 121, in app
    await wrap_app_handling_exceptions(app, request)(scope, receive, send)
  File "/Users/sachinmishra/Desktop/MCP/.venv/lib/python3.12/site-packages/starlette/_exception_handler.py", line 53, in wrapped_app
    raise exc
  File "/Users/sachinmishra/Desktop/MCP/.venv/lib/python3.12/site-packages/starlette/_exception_handler.py", line 42, in wrapped_app
    await app(scope, receive, sender)
  File "/Users/sachinmishra/Desktop/MCP/.venv/lib/python3.12/site-packages/fastapi/routing.py", line 107, in app
    response = await f(request)
               ^^^^^^^^^^^^^^^^
  File "/Users/sachinmishra/Desktop/MCP/.venv/lib/python3.12/site-packages/fastapi/routing.py", line 426, in app
    raw_response = await run_endpoint_function(
                   ^^^^^^^^^^^^^^^^^^^^^^^^^^^^
  File "/Users/sachinmishra/Desktop/MCP/.venv/lib/python3.12/site-packages/fastapi/routing.py", line 314, in run_endpoint_function
    return await dependant.call(**values)
           ^^^^^^^^^^^^^^^^^^^^^^^^^^^^^^
  File "/Users/sachinmishra/Desktop/MCP/health-monitor/backend/main.py", line 45, in ingest_vital
    await session.commit()
  File "/Users/sachinmishra/Desktop/MCP/.venv/lib/python3.12/site-packages/sqlalchemy/ext/asyncio/session.py", line 1000, in commit
    await greenlet_spawn(self.sync_session.commit)
  File "/Users/sachinmishra/Desktop/MCP/.venv/lib/python3.12/site-packages/sqlalchemy/util/_concurrency_py3k.py", line 203, in greenlet_spawn
    result = context.switch(value)
             ^^^^^^^^^^^^^^^^^^^^^
  File "/Users/sachinmishra/Desktop/MCP/.venv/lib/python3.12/site-packages/sqlalchemy/orm/session.py", line 2030, in commit
    trans.commit(_to_root=True)
  File "<string>", line 2, in commit
  File "/Users/sachinmishra/Desktop/MCP/.venv/lib/python3.12/site-packages/sqlalchemy/orm/state_changes.py", line 137, in _go
    ret_value = fn(self, *arg, **kw)
                ^^^^^^^^^^^^^^^^^^^^
  File "/Users/sachinmishra/Desktop/MCP/.venv/lib/python3.12/site-packages/sqlalchemy/orm/session.py", line 1311, in commit
    self._prepare_impl()
  File "<string>", line 2, in _prepare_impl
  File "/Users/sachinmishra/Desktop/MCP/.venv/lib/python3.12/site-packages/sqlalchemy/orm/state_changes.py", line 137, in _go
    ret_value = fn(self, *arg, **kw)
                ^^^^^^^^^^^^^^^^^^^^
  File "/Users/sachinmishra/Desktop/MCP/.venv/lib/python3.12/site-packages/sqlalchemy/orm/session.py", line 1286, in _prepare_impl
    self.session.flush()
  File "/Users/sachinmishra/Desktop/MCP/.venv/lib/python3.12/site-packages/sqlalchemy/orm/session.py", line 4331, in flush
    self._flush(objects)
  File "/Users/sachinmishra/Desktop/MCP/.venv/lib/python3.12/site-packages/sqlalchemy/orm/session.py", line 4466, in _flush
    with util.safe_reraise():
  File "/Users/sachinmishra/Desktop/MCP/.venv/lib/python3.12/site-packages/sqlalchemy/util/langhelpers.py", line 224, in __exit__
    raise exc_value.with_traceback(exc_tb)
  File "/Users/sachinmishra/Desktop/MCP/.venv/lib/python3.12/site-packages/sqlalchemy/orm/session.py", line 4427, in _flush
    flush_context.execute()
  File "/Users/sachinmishra/Desktop/MCP/.venv/lib/python3.12/site-packages/sqlalchemy/orm/unitofwork.py", line 466, in execute
    rec.execute(self)
  File "/Users/sachinmishra/Desktop/MCP/.venv/lib/python3.12/site-packages/sqlalchemy/orm/unitofwork.py", line 642, in execute
    util.preloaded.orm_persistence.save_obj(
  File "/Users/sachinmishra/Desktop/MCP/.venv/lib/python3.12/site-packages/sqlalchemy/orm/persistence.py", line 93, in save_obj
    _emit_insert_statements(
  File "/Users/sachinmishra/Desktop/MCP/.venv/lib/python3.12/site-packages/sqlalchemy/orm/persistence.py", line 1048, in _emit_insert_statements
    result = connection.execute(
             ^^^^^^^^^^^^^^^^^^^
  File "/Users/sachinmishra/Desktop/MCP/.venv/lib/python3.12/site-packages/sqlalchemy/engine/base.py", line 1419, in execute
    return meth(
           ^^^^^
  File "/Users/sachinmishra/Desktop/MCP/.venv/lib/python3.12/site-packages/sqlalchemy/sql/elements.py", line 527, in _execute_on_connection
    return connection._execute_clauseelement(
           ^^^^^^^^^^^^^^^^^^^^^^^^^^^^^^^^^^
  File "/Users/sachinmishra/Desktop/MCP/.venv/lib/python3.12/site-packages/sqlalchemy/engine/base.py", line 1641, in _execute_clauseelement
    ret = self._execute_context(
          ^^^^^^^^^^^^^^^^^^^^^^
  File "/Users/sachinmishra/Desktop/MCP/.venv/lib/python3.12/site-packages/sqlalchemy/engine/base.py", line 1846, in _execute_context
    return self._exec_single_context(
           ^^^^^^^^^^^^^^^^^^^^^^^^^^
  File "/Users/sachinmishra/Desktop/MCP/.venv/lib/python3.12/site-packages/sqlalchemy/engine/base.py", line 1986, in _exec_single_context
    self._handle_dbapi_exception(
  File "/Users/sachinmishra/Desktop/MCP/.venv/lib/python3.12/site-packages/sqlalchemy/engine/base.py", line 2363, in _handle_dbapi_exception
    raise sqlalchemy_exception.with_traceback(exc_info[2]) from e
  File "/Users/sachinmishra/Desktop/MCP/.venv/lib/python3.12/site-packages/sqlalchemy/engine/base.py", line 1967, in _exec_single_context
    self.dialect.do_execute(
  File "/Users/sachinmishra/Desktop/MCP/.venv/lib/python3.12/site-packages/sqlalchemy/engine/default.py", line 952, in do_execute
    cursor.execute(statement, parameters)
  File "/Users/sachinmishra/Desktop/MCP/.venv/lib/python3.12/site-packages/sqlalchemy/dialects/postgresql/asyncpg.py", line 585, in execute
    self._adapt_connection.await_(
  File "/Users/sachinmishra/Desktop/MCP/.venv/lib/python3.12/site-packages/sqlalchemy/util/_concurrency_py3k.py", line 132, in await_only
    return current.parent.switch(awaitable)  # type: ignore[no-any-return,attr-defined] # noqa: E501
           ^^^^^^^^^^^^^^^^^^^^^^^^^^^^^^^^
  File "/Users/sachinmishra/Desktop/MCP/.venv/lib/python3.12/site-packages/sqlalchemy/util/_concurrency_py3k.py", line 196, in greenlet_spawn
    value = await result
            ^^^^^^^^^^^^
  File "/Users/sachinmishra/Desktop/MCP/.venv/lib/python3.12/site-packages/sqlalchemy/dialects/postgresql/asyncpg.py", line 563, in _prepare_and_execute
    self._handle_exception(error)
  File "/Users/sachinmishra/Desktop/MCP/.venv/lib/python3.12/site-packages/sqlalchemy/dialects/postgresql/asyncpg.py", line 513, in _handle_exception
    self._adapt_connection._handle_exception(error)
  File "/Users/sachinmishra/Desktop/MCP/.venv/lib/python3.12/site-packages/sqlalchemy/dialects/postgresql/asyncpg.py", line 797, in _handle_exception
    raise translated_error from error
sqlalchemy.exc.DBAPIError: (sqlalchemy.dialects.postgresql.asyncpg.Error) <class 'asyncpg.exceptions.DataError'>: invalid input for query argument $5: datetime.datetime(2026, 2, 10, 16, 1, 21... (can't subtract offset-naive and offset-aware datetimes)
[SQL: INSERT INTO vital (id, user_id, metric, value, timestamp) VALUES ($1::UUID, $2::UUID, $3::VARCHAR, $4::FLOAT, $5::TIMESTAMP WITHOUT TIME ZONE)]
[parameters: (UUID('69040015-4b97-49de-868c-146df8175c98'), UUID('f21c4163-ffd3-4b2b-837e-52990335c8d9'), 'glucose', 112.0, datetime.datetime(2026, 2, 10, 16, 1, 21, 257587, tzinfo=datetime.timezone.utc))]
(Background on this error at: https://sqlalche.me/e/20/dbapi)
INFO:     127.0.0.1:57369 - "POST /vitals HTTP/1.1" 500 Internal Server Error
ERROR:    Exception in ASGI application
Traceback (most recent call last):
  File "asyncpg/protocol/prepared_stmt.pyx", line 175, in asyncpg.protocol.protocol.PreparedStatementState._encode_bind_msg
  File "asyncpg/protocol/codecs/base.pyx", line 251, in asyncpg.protocol.protocol.Codec.encode
  File "asyncpg/protocol/codecs/base.pyx", line 153, in asyncpg.protocol.protocol.Codec.encode_scalar
  File "asyncpg/pgproto/codecs/datetime.pyx", line 152, in asyncpg.pgproto.pgproto.timestamp_encode
TypeError: can't subtract offset-naive and offset-aware datetimes

The above exception was the direct cause of the following exception:

Traceback (most recent call last):
  File "/Users/sachinmishra/Desktop/MCP/.venv/lib/python3.12/site-packages/sqlalchemy/dialects/postgresql/asyncpg.py", line 550, in _prepare_and_execute
    self._rows = deque(await prepared_stmt.fetch(*parameters))
                       ^^^^^^^^^^^^^^^^^^^^^^^^^^^^^^^^^^^^^^
  File "/Users/sachinmishra/Desktop/MCP/.venv/lib/python3.12/site-packages/asyncpg/prepared_stmt.py", line 177, in fetch
    data = await self.__bind_execute(args, 0, timeout)
           ^^^^^^^^^^^^^^^^^^^^^^^^^^^^^^^^^^^^^^^^^^^
  File "/Users/sachinmishra/Desktop/MCP/.venv/lib/python3.12/site-packages/asyncpg/prepared_stmt.py", line 268, in __bind_execute
    data, status, _ = await self.__do_execute(
                      ^^^^^^^^^^^^^^^^^^^^^^^^
  File "/Users/sachinmishra/Desktop/MCP/.venv/lib/python3.12/site-packages/asyncpg/prepared_stmt.py", line 257, in __do_execute
    return await executor(protocol)
           ^^^^^^^^^^^^^^^^^^^^^^^^
  File "asyncpg/protocol/protocol.pyx", line 184, in bind_execute
  File "asyncpg/protocol/prepared_stmt.pyx", line 204, in asyncpg.protocol.protocol.PreparedStatementState._encode_bind_msg
asyncpg.exceptions.DataError: invalid input for query argument $5: datetime.datetime(2026, 2, 10, 16, 1, 23... (can't subtract offset-naive and offset-aware datetimes)

The above exception was the direct cause of the following exception:

Traceback (most recent call last):
  File "/Users/sachinmishra/Desktop/MCP/.venv/lib/python3.12/site-packages/sqlalchemy/engine/base.py", line 1967, in _exec_single_context
    self.dialect.do_execute(
  File "/Users/sachinmishra/Desktop/MCP/.venv/lib/python3.12/site-packages/sqlalchemy/engine/default.py", line 952, in do_execute
    cursor.execute(statement, parameters)
  File "/Users/sachinmishra/Desktop/MCP/.venv/lib/python3.12/site-packages/sqlalchemy/dialects/postgresql/asyncpg.py", line 585, in execute
    self._adapt_connection.await_(
  File "/Users/sachinmishra/Desktop/MCP/.venv/lib/python3.12/site-packages/sqlalchemy/util/_concurrency_py3k.py", line 132, in await_only
    return current.parent.switch(awaitable)  # type: ignore[no-any-return,attr-defined] # noqa: E501
           ^^^^^^^^^^^^^^^^^^^^^^^^^^^^^^^^
  File "/Users/sachinmishra/Desktop/MCP/.venv/lib/python3.12/site-packages/sqlalchemy/util/_concurrency_py3k.py", line 196, in greenlet_spawn
    value = await result
            ^^^^^^^^^^^^
  File "/Users/sachinmishra/Desktop/MCP/.venv/lib/python3.12/site-packages/sqlalchemy/dialects/postgresql/asyncpg.py", line 563, in _prepare_and_execute
    self._handle_exception(error)
  File "/Users/sachinmishra/Desktop/MCP/.venv/lib/python3.12/site-packages/sqlalchemy/dialects/postgresql/asyncpg.py", line 513, in _handle_exception
    self._adapt_connection._handle_exception(error)
  File "/Users/sachinmishra/Desktop/MCP/.venv/lib/python3.12/site-packages/sqlalchemy/dialects/postgresql/asyncpg.py", line 797, in _handle_exception
    raise translated_error from error
sqlalchemy.dialects.postgresql.asyncpg.AsyncAdapt_asyncpg_dbapi.Error: <class 'asyncpg.exceptions.DataError'>: invalid input for query argument $5: datetime.datetime(2026, 2, 10, 16, 1, 23... (can't subtract offset-naive and offset-aware datetimes)

The above exception was the direct cause of the following exception:

Traceback (most recent call last):
  File "/Users/sachinmishra/Desktop/MCP/.venv/lib/python3.12/site-packages/uvicorn/protocols/http/httptools_impl.py", line 416, in run_asgi
    result = await app(  # type: ignore[func-returns-value]
             ^^^^^^^^^^^^^^^^^^^^^^^^^^^^^^^^^^^^^^^^^^^^^^
  File "/Users/sachinmishra/Desktop/MCP/.venv/lib/python3.12/site-packages/uvicorn/middleware/proxy_headers.py", line 60, in __call__
    return await self.app(scope, receive, send)
           ^^^^^^^^^^^^^^^^^^^^^^^^^^^^^^^^^^^^
  File "/Users/sachinmishra/Desktop/MCP/.venv/lib/python3.12/site-packages/fastapi/applications.py", line 1138, in __call__
    await super().__call__(scope, receive, send)
  File "/Users/sachinmishra/Desktop/MCP/.venv/lib/python3.12/site-packages/starlette/applications.py", line 107, in __call__
    await self.middleware_stack(scope, receive, send)
  File "/Users/sachinmishra/Desktop/MCP/.venv/lib/python3.12/site-packages/starlette/middleware/errors.py", line 186, in __call__
    raise exc
  File "/Users/sachinmishra/Desktop/MCP/.venv/lib/python3.12/site-packages/starlette/middleware/errors.py", line 164, in __call__
    await self.app(scope, receive, _send)
  File "/Users/sachinmishra/Desktop/MCP/.venv/lib/python3.12/site-packages/starlette/middleware/exceptions.py", line 63, in __call__
    await wrap_app_handling_exceptions(self.app, conn)(scope, receive, send)
  File "/Users/sachinmishra/Desktop/MCP/.venv/lib/python3.12/site-packages/starlette/_exception_handler.py", line 53, in wrapped_app
    raise exc
  File "/Users/sachinmishra/Desktop/MCP/.venv/lib/python3.12/site-packages/starlette/_exception_handler.py", line 42, in wrapped_app
    await app(scope, receive, sender)
  File "/Users/sachinmishra/Desktop/MCP/.venv/lib/python3.12/site-packages/fastapi/middleware/asyncexitstack.py", line 18, in __call__
    await self.app(scope, receive, send)
  File "/Users/sachinmishra/Desktop/MCP/.venv/lib/python3.12/site-packages/starlette/routing.py", line 716, in __call__
    await self.middleware_stack(scope, receive, send)
  File "/Users/sachinmishra/Desktop/MCP/.venv/lib/python3.12/site-packages/starlette/routing.py", line 736, in app
    await route.handle(scope, receive, send)
  File "/Users/sachinmishra/Desktop/MCP/.venv/lib/python3.12/site-packages/starlette/routing.py", line 290, in handle
    await self.app(scope, receive, send)
  File "/Users/sachinmishra/Desktop/MCP/.venv/lib/python3.12/site-packages/fastapi/routing.py", line 121, in app
    await wrap_app_handling_exceptions(app, request)(scope, receive, send)
  File "/Users/sachinmishra/Desktop/MCP/.venv/lib/python3.12/site-packages/starlette/_exception_handler.py", line 53, in wrapped_app
    raise exc
  File "/Users/sachinmishra/Desktop/MCP/.venv/lib/python3.12/site-packages/starlette/_exception_handler.py", line 42, in wrapped_app
    await app(scope, receive, sender)
  File "/Users/sachinmishra/Desktop/MCP/.venv/lib/python3.12/site-packages/fastapi/routing.py", line 107, in app
    response = await f(request)
               ^^^^^^^^^^^^^^^^
  File "/Users/sachinmishra/Desktop/MCP/.venv/lib/python3.12/site-packages/fastapi/routing.py", line 426, in app
    raw_response = await run_endpoint_function(
                   ^^^^^^^^^^^^^^^^^^^^^^^^^^^^
  File "/Users/sachinmishra/Desktop/MCP/.venv/lib/python3.12/site-packages/fastapi/routing.py", line 314, in run_endpoint_function
    return await dependant.call(**values)
           ^^^^^^^^^^^^^^^^^^^^^^^^^^^^^^
  File "/Users/sachinmishra/Desktop/MCP/health-monitor/backend/main.py", line 45, in ingest_vital
    await session.commit()
  File "/Users/sachinmishra/Desktop/MCP/.venv/lib/python3.12/site-packages/sqlalchemy/ext/asyncio/session.py", line 1000, in commit
    await greenlet_spawn(self.sync_session.commit)
  File "/Users/sachinmishra/Desktop/MCP/.venv/lib/python3.12/site-packages/sqlalchemy/util/_concurrency_py3k.py", line 203, in greenlet_spawn
    result = context.switch(value)
             ^^^^^^^^^^^^^^^^^^^^^
  File "/Users/sachinmishra/Desktop/MCP/.venv/lib/python3.12/site-packages/sqlalchemy/orm/session.py", line 2030, in commit
    trans.commit(_to_root=True)
  File "<string>", line 2, in commit
  File "/Users/sachinmishra/Desktop/MCP/.venv/lib/python3.12/site-packages/sqlalchemy/orm/state_changes.py", line 137, in _go
    ret_value = fn(self, *arg, **kw)
                ^^^^^^^^^^^^^^^^^^^^
  File "/Users/sachinmishra/Desktop/MCP/.venv/lib/python3.12/site-packages/sqlalchemy/orm/session.py", line 1311, in commit
    self._prepare_impl()
  File "<string>", line 2, in _prepare_impl
  File "/Users/sachinmishra/Desktop/MCP/.venv/lib/python3.12/site-packages/sqlalchemy/orm/state_changes.py", line 137, in _go
    ret_value = fn(self, *arg, **kw)
                ^^^^^^^^^^^^^^^^^^^^
  File "/Users/sachinmishra/Desktop/MCP/.venv/lib/python3.12/site-packages/sqlalchemy/orm/session.py", line 1286, in _prepare_impl
    self.session.flush()
  File "/Users/sachinmishra/Desktop/MCP/.venv/lib/python3.12/site-packages/sqlalchemy/orm/session.py", line 4331, in flush
    self._flush(objects)
  File "/Users/sachinmishra/Desktop/MCP/.venv/lib/python3.12/site-packages/sqlalchemy/orm/session.py", line 4466, in _flush
    with util.safe_reraise():
  File "/Users/sachinmishra/Desktop/MCP/.venv/lib/python3.12/site-packages/sqlalchemy/util/langhelpers.py", line 224, in __exit__
    raise exc_value.with_traceback(exc_tb)
  File "/Users/sachinmishra/Desktop/MCP/.venv/lib/python3.12/site-packages/sqlalchemy/orm/session.py", line 4427, in _flush
    flush_context.execute()
  File "/Users/sachinmishra/Desktop/MCP/.venv/lib/python3.12/site-packages/sqlalchemy/orm/unitofwork.py", line 466, in execute
    rec.execute(self)
  File "/Users/sachinmishra/Desktop/MCP/.venv/lib/python3.12/site-packages/sqlalchemy/orm/unitofwork.py", line 642, in execute
    util.preloaded.orm_persistence.save_obj(
  File "/Users/sachinmishra/Desktop/MCP/.venv/lib/python3.12/site-packages/sqlalchemy/orm/persistence.py", line 93, in save_obj
    _emit_insert_statements(
  File "/Users/sachinmishra/Desktop/MCP/.venv/lib/python3.12/site-packages/sqlalchemy/orm/persistence.py", line 1048, in _emit_insert_statements
    result = connection.execute(
             ^^^^^^^^^^^^^^^^^^^
  File "/Users/sachinmishra/Desktop/MCP/.venv/lib/python3.12/site-packages/sqlalchemy/engine/base.py", line 1419, in execute
    return meth(
           ^^^^^
  File "/Users/sachinmishra/Desktop/MCP/.venv/lib/python3.12/site-packages/sqlalchemy/sql/elements.py", line 527, in _execute_on_connection
    return connection._execute_clauseelement(
           ^^^^^^^^^^^^^^^^^^^^^^^^^^^^^^^^^^
  File "/Users/sachinmishra/Desktop/MCP/.venv/lib/python3.12/site-packages/sqlalchemy/engine/base.py", line 1641, in _execute_clauseelement
    ret = self._execute_context(
          ^^^^^^^^^^^^^^^^^^^^^^
  File "/Users/sachinmishra/Desktop/MCP/.venv/lib/python3.12/site-packages/sqlalchemy/engine/base.py", line 1846, in _execute_context
    return self._exec_single_context(
           ^^^^^^^^^^^^^^^^^^^^^^^^^^
  File "/Users/sachinmishra/Desktop/MCP/.venv/lib/python3.12/site-packages/sqlalchemy/engine/base.py", line 1986, in _exec_single_context
    self._handle_dbapi_exception(
  File "/Users/sachinmishra/Desktop/MCP/.venv/lib/python3.12/site-packages/sqlalchemy/engine/base.py", line 2363, in _handle_dbapi_exception
    raise sqlalchemy_exception.with_traceback(exc_info[2]) from e
  File "/Users/sachinmishra/Desktop/MCP/.venv/lib/python3.12/site-packages/sqlalchemy/engine/base.py", line 1967, in _exec_single_context
    self.dialect.do_execute(
  File "/Users/sachinmishra/Desktop/MCP/.venv/lib/python3.12/site-packages/sqlalchemy/engine/default.py", line 952, in do_execute
    cursor.execute(statement, parameters)
  File "/Users/sachinmishra/Desktop/MCP/.venv/lib/python3.12/site-packages/sqlalchemy/dialects/postgresql/asyncpg.py", line 585, in execute
    self._adapt_connection.await_(
  File "/Users/sachinmishra/Desktop/MCP/.venv/lib/python3.12/site-packages/sqlalchemy/util/_concurrency_py3k.py", line 132, in await_only
    return current.parent.switch(awaitable)  # type: ignore[no-any-return,attr-defined] # noqa: E501
           ^^^^^^^^^^^^^^^^^^^^^^^^^^^^^^^^
  File "/Users/sachinmishra/Desktop/MCP/.venv/lib/python3.12/site-packages/sqlalchemy/util/_concurrency_py3k.py", line 196, in greenlet_spawn
    value = await result
            ^^^^^^^^^^^^
  File "/Users/sachinmishra/Desktop/MCP/.venv/lib/python3.12/site-packages/sqlalchemy/dialects/postgresql/asyncpg.py", line 563, in _prepare_and_execute
    self._handle_exception(error)
  File "/Users/sachinmishra/Desktop/MCP/.venv/lib/python3.12/site-packages/sqlalchemy/dialects/postgresql/asyncpg.py", line 513, in _handle_exception
    self._adapt_connection._handle_exception(error)
  File "/Users/sachinmishra/Desktop/MCP/.venv/lib/python3.12/site-packages/sqlalchemy/dialects/postgresql/asyncpg.py", line 797, in _handle_exception
    raise translated_error from error
sqlalchemy.exc.DBAPIError: (sqlalchemy.dialects.postgresql.asyncpg.Error) <class 'asyncpg.exceptions.DataError'>: invalid input for query argument $5: datetime.datetime(2026, 2, 10, 16, 1, 23... (can't subtract offset-naive and offset-aware datetimes)
[SQL: INSERT INTO vital (id, user_id, metric, value, timestamp) VALUES ($1::UUID, $2::UUID, $3::VARCHAR, $4::FLOAT, $5::TIMESTAMP WITHOUT TIME ZONE)]
[parameters: (UUID('84dfa9d6-faed-4cf4-96c5-6b447b514232'), UUID('f21c4163-ffd3-4b2b-837e-52990335c8d9'), 'glucose', 84.0, datetime.datetime(2026, 2, 10, 16, 1, 23, 280181, tzinfo=datetime.timezone.utc))]
(Background on this error at: https://sqlalche.me/e/20/dbapi)
INFO:     127.0.0.1:57373 - "POST /vitals HTTP/1.1" 500 Internal Server Error
ERROR:    Exception in ASGI application
Traceback (most recent call last):
  File "asyncpg/protocol/prepared_stmt.pyx", line 175, in asyncpg.protocol.protocol.PreparedStatementState._encode_bind_msg
  File "asyncpg/protocol/codecs/base.pyx", line 251, in asyncpg.protocol.protocol.Codec.encode
  File "asyncpg/protocol/codecs/base.pyx", line 153, in asyncpg.protocol.protocol.Codec.encode_scalar
  File "asyncpg/pgproto/codecs/datetime.pyx", line 152, in asyncpg.pgproto.pgproto.timestamp_encode
TypeError: can't subtract offset-naive and offset-aware datetimes

The above exception was the direct cause of the following exception:

Traceback (most recent call last):
  File "/Users/sachinmishra/Desktop/MCP/.venv/lib/python3.12/site-packages/sqlalchemy/dialects/postgresql/asyncpg.py", line 550, in _prepare_and_execute
    self._rows = deque(await prepared_stmt.fetch(*parameters))
                       ^^^^^^^^^^^^^^^^^^^^^^^^^^^^^^^^^^^^^^
  File "/Users/sachinmishra/Desktop/MCP/.venv/lib/python3.12/site-packages/asyncpg/prepared_stmt.py", line 177, in fetch
    data = await self.__bind_execute(args, 0, timeout)
           ^^^^^^^^^^^^^^^^^^^^^^^^^^^^^^^^^^^^^^^^^^^
  File "/Users/sachinmishra/Desktop/MCP/.venv/lib/python3.12/site-packages/asyncpg/prepared_stmt.py", line 268, in __bind_execute
    data, status, _ = await self.__do_execute(
                      ^^^^^^^^^^^^^^^^^^^^^^^^
  File "/Users/sachinmishra/Desktop/MCP/.venv/lib/python3.12/site-packages/asyncpg/prepared_stmt.py", line 257, in __do_execute
    return await executor(protocol)
           ^^^^^^^^^^^^^^^^^^^^^^^^
  File "asyncpg/protocol/protocol.pyx", line 184, in bind_execute
  File "asyncpg/protocol/prepared_stmt.pyx", line 204, in asyncpg.protocol.protocol.PreparedStatementState._encode_bind_msg
asyncpg.exceptions.DataError: invalid input for query argument $5: datetime.datetime(2026, 2, 10, 16, 1, 25... (can't subtract offset-naive and offset-aware datetimes)

The above exception was the direct cause of the following exception:

Traceback (most recent call last):
  File "/Users/sachinmishra/Desktop/MCP/.venv/lib/python3.12/site-packages/sqlalchemy/engine/base.py", line 1967, in _exec_single_context
    self.dialect.do_execute(
  File "/Users/sachinmishra/Desktop/MCP/.venv/lib/python3.12/site-packages/sqlalchemy/engine/default.py", line 952, in do_execute
    cursor.execute(statement, parameters)
  File "/Users/sachinmishra/Desktop/MCP/.venv/lib/python3.12/site-packages/sqlalchemy/dialects/postgresql/asyncpg.py", line 585, in execute
    self._adapt_connection.await_(
  File "/Users/sachinmishra/Desktop/MCP/.venv/lib/python3.12/site-packages/sqlalchemy/util/_concurrency_py3k.py", line 132, in await_only
    return current.parent.switch(awaitable)  # type: ignore[no-any-return,attr-defined] # noqa: E501
           ^^^^^^^^^^^^^^^^^^^^^^^^^^^^^^^^
  File "/Users/sachinmishra/Desktop/MCP/.venv/lib/python3.12/site-packages/sqlalchemy/util/_concurrency_py3k.py", line 196, in greenlet_spawn
    value = await result
            ^^^^^^^^^^^^
  File "/Users/sachinmishra/Desktop/MCP/.venv/lib/python3.12/site-packages/sqlalchemy/dialects/postgresql/asyncpg.py", line 563, in _prepare_and_execute
    self._handle_exception(error)
  File "/Users/sachinmishra/Desktop/MCP/.venv/lib/python3.12/site-packages/sqlalchemy/dialects/postgresql/asyncpg.py", line 513, in _handle_exception
    self._adapt_connection._handle_exception(error)
  File "/Users/sachinmishra/Desktop/MCP/.venv/lib/python3.12/site-packages/sqlalchemy/dialects/postgresql/asyncpg.py", line 797, in _handle_exception
    raise translated_error from error
sqlalchemy.dialects.postgresql.asyncpg.AsyncAdapt_asyncpg_dbapi.Error: <class 'asyncpg.exceptions.DataError'>: invalid input for query argument $5: datetime.datetime(2026, 2, 10, 16, 1, 25... (can't subtract offset-naive and offset-aware datetimes)

The above exception was the direct cause of the following exception:

Traceback (most recent call last):
  File "/Users/sachinmishra/Desktop/MCP/.venv/lib/python3.12/site-packages/uvicorn/protocols/http/httptools_impl.py", line 416, in run_asgi
    result = await app(  # type: ignore[func-returns-value]
             ^^^^^^^^^^^^^^^^^^^^^^^^^^^^^^^^^^^^^^^^^^^^^^
  File "/Users/sachinmishra/Desktop/MCP/.venv/lib/python3.12/site-packages/uvicorn/middleware/proxy_headers.py", line 60, in __call__
    return await self.app(scope, receive, send)
           ^^^^^^^^^^^^^^^^^^^^^^^^^^^^^^^^^^^^
  File "/Users/sachinmishra/Desktop/MCP/.venv/lib/python3.12/site-packages/fastapi/applications.py", line 1138, in __call__
    await super().__call__(scope, receive, send)
  File "/Users/sachinmishra/Desktop/MCP/.venv/lib/python3.12/site-packages/starlette/applications.py", line 107, in __call__
    await self.middleware_stack(scope, receive, send)
  File "/Users/sachinmishra/Desktop/MCP/.venv/lib/python3.12/site-packages/starlette/middleware/errors.py", line 186, in __call__
    raise exc
  File "/Users/sachinmishra/Desktop/MCP/.venv/lib/python3.12/site-packages/starlette/middleware/errors.py", line 164, in __call__
    await self.app(scope, receive, _send)
  File "/Users/sachinmishra/Desktop/MCP/.venv/lib/python3.12/site-packages/starlette/middleware/exceptions.py", line 63, in __call__
    await wrap_app_handling_exceptions(self.app, conn)(scope, receive, send)
  File "/Users/sachinmishra/Desktop/MCP/.venv/lib/python3.12/site-packages/starlette/_exception_handler.py", line 53, in wrapped_app
    raise exc
  File "/Users/sachinmishra/Desktop/MCP/.venv/lib/python3.12/site-packages/starlette/_exception_handler.py", line 42, in wrapped_app
    await app(scope, receive, sender)
  File "/Users/sachinmishra/Desktop/MCP/.venv/lib/python3.12/site-packages/fastapi/middleware/asyncexitstack.py", line 18, in __call__
    await self.app(scope, receive, send)
  File "/Users/sachinmishra/Desktop/MCP/.venv/lib/python3.12/site-packages/starlette/routing.py", line 716, in __call__
    await self.middleware_stack(scope, receive, send)
  File "/Users/sachinmishra/Desktop/MCP/.venv/lib/python3.12/site-packages/starlette/routing.py", line 736, in app
    await route.handle(scope, receive, send)
  File "/Users/sachinmishra/Desktop/MCP/.venv/lib/python3.12/site-packages/starlette/routing.py", line 290, in handle
    await self.app(scope, receive, send)
  File "/Users/sachinmishra/Desktop/MCP/.venv/lib/python3.12/site-packages/fastapi/routing.py", line 121, in app
    await wrap_app_handling_exceptions(app, request)(scope, receive, send)
  File "/Users/sachinmishra/Desktop/MCP/.venv/lib/python3.12/site-packages/starlette/_exception_handler.py", line 53, in wrapped_app
    raise exc
  File "/Users/sachinmishra/Desktop/MCP/.venv/lib/python3.12/site-packages/starlette/_exception_handler.py", line 42, in wrapped_app
    await app(scope, receive, sender)
  File "/Users/sachinmishra/Desktop/MCP/.venv/lib/python3.12/site-packages/fastapi/routing.py", line 107, in app
    response = await f(request)
               ^^^^^^^^^^^^^^^^
  File "/Users/sachinmishra/Desktop/MCP/.venv/lib/python3.12/site-packages/fastapi/routing.py", line 426, in app
    raw_response = await run_endpoint_function(
                   ^^^^^^^^^^^^^^^^^^^^^^^^^^^^
  File "/Users/sachinmishra/Desktop/MCP/.venv/lib/python3.12/site-packages/fastapi/routing.py", line 314, in run_endpoint_function
    return await dependant.call(**values)
           ^^^^^^^^^^^^^^^^^^^^^^^^^^^^^^
  File "/Users/sachinmishra/Desktop/MCP/health-monitor/backend/main.py", line 45, in ingest_vital
    await session.commit()
  File "/Users/sachinmishra/Desktop/MCP/.venv/lib/python3.12/site-packages/sqlalchemy/ext/asyncio/session.py", line 1000, in commit
    await greenlet_spawn(self.sync_session.commit)
  File "/Users/sachinmishra/Desktop/MCP/.venv/lib/python3.12/site-packages/sqlalchemy/util/_concurrency_py3k.py", line 203, in greenlet_spawn
    result = context.switch(value)
             ^^^^^^^^^^^^^^^^^^^^^
  File "/Users/sachinmishra/Desktop/MCP/.venv/lib/python3.12/site-packages/sqlalchemy/orm/session.py", line 2030, in commit
    trans.commit(_to_root=True)
  File "<string>", line 2, in commit
  File "/Users/sachinmishra/Desktop/MCP/.venv/lib/python3.12/site-packages/sqlalchemy/orm/state_changes.py", line 137, in _go
    ret_value = fn(self, *arg, **kw)
                ^^^^^^^^^^^^^^^^^^^^
  File "/Users/sachinmishra/Desktop/MCP/.venv/lib/python3.12/site-packages/sqlalchemy/orm/session.py", line 1311, in commit
    self._prepare_impl()
  File "<string>", line 2, in _prepare_impl
  File "/Users/sachinmishra/Desktop/MCP/.venv/lib/python3.12/site-packages/sqlalchemy/orm/state_changes.py", line 137, in _go
    ret_value = fn(self, *arg, **kw)
                ^^^^^^^^^^^^^^^^^^^^
  File "/Users/sachinmishra/Desktop/MCP/.venv/lib/python3.12/site-packages/sqlalchemy/orm/session.py", line 1286, in _prepare_impl
    self.session.flush()
  File "/Users/sachinmishra/Desktop/MCP/.venv/lib/python3.12/site-packages/sqlalchemy/orm/session.py", line 4331, in flush
    self._flush(objects)
  File "/Users/sachinmishra/Desktop/MCP/.venv/lib/python3.12/site-packages/sqlalchemy/orm/session.py", line 4466, in _flush
    with util.safe_reraise():
  File "/Users/sachinmishra/Desktop/MCP/.venv/lib/python3.12/site-packages/sqlalchemy/util/langhelpers.py", line 224, in __exit__
    raise exc_value.with_traceback(exc_tb)
  File "/Users/sachinmishra/Desktop/MCP/.venv/lib/python3.12/site-packages/sqlalchemy/orm/session.py", line 4427, in _flush
    flush_context.execute()
  File "/Users/sachinmishra/Desktop/MCP/.venv/lib/python3.12/site-packages/sqlalchemy/orm/unitofwork.py", line 466, in execute
    rec.execute(self)
  File "/Users/sachinmishra/Desktop/MCP/.venv/lib/python3.12/site-packages/sqlalchemy/orm/unitofwork.py", line 642, in execute
    util.preloaded.orm_persistence.save_obj(
  File "/Users/sachinmishra/Desktop/MCP/.venv/lib/python3.12/site-packages/sqlalchemy/orm/persistence.py", line 93, in save_obj
    _emit_insert_statements(
  File "/Users/sachinmishra/Desktop/MCP/.venv/lib/python3.12/site-packages/sqlalchemy/orm/persistence.py", line 1048, in _emit_insert_statements
    result = connection.execute(
             ^^^^^^^^^^^^^^^^^^^
  File "/Users/sachinmishra/Desktop/MCP/.venv/lib/python3.12/site-packages/sqlalchemy/engine/base.py", line 1419, in execute
    return meth(
           ^^^^^
  File "/Users/sachinmishra/Desktop/MCP/.venv/lib/python3.12/site-packages/sqlalchemy/sql/elements.py", line 527, in _execute_on_connection
    return connection._execute_clauseelement(
           ^^^^^^^^^^^^^^^^^^^^^^^^^^^^^^^^^^
  File "/Users/sachinmishra/Desktop/MCP/.venv/lib/python3.12/site-packages/sqlalchemy/engine/base.py", line 1641, in _execute_clauseelement
    ret = self._execute_context(
          ^^^^^^^^^^^^^^^^^^^^^^
  File "/Users/sachinmishra/Desktop/MCP/.venv/lib/python3.12/site-packages/sqlalchemy/engine/base.py", line 1846, in _execute_context
    return self._exec_single_context(
           ^^^^^^^^^^^^^^^^^^^^^^^^^^
  File "/Users/sachinmishra/Desktop/MCP/.venv/lib/python3.12/site-packages/sqlalchemy/engine/base.py", line 1986, in _exec_single_context
    self._handle_dbapi_exception(
  File "/Users/sachinmishra/Desktop/MCP/.venv/lib/python3.12/site-packages/sqlalchemy/engine/base.py", line 2363, in _handle_dbapi_exception
    raise sqlalchemy_exception.with_traceback(exc_info[2]) from e
  File "/Users/sachinmishra/Desktop/MCP/.venv/lib/python3.12/site-packages/sqlalchemy/engine/base.py", line 1967, in _exec_single_context
    self.dialect.do_execute(
  File "/Users/sachinmishra/Desktop/MCP/.venv/lib/python3.12/site-packages/sqlalchemy/engine/default.py", line 952, in do_execute
    cursor.execute(statement, parameters)
  File "/Users/sachinmishra/Desktop/MCP/.venv/lib/python3.12/site-packages/sqlalchemy/dialects/postgresql/asyncpg.py", line 585, in execute
    self._adapt_connection.await_(
  File "/Users/sachinmishra/Desktop/MCP/.venv/lib/python3.12/site-packages/sqlalchemy/util/_concurrency_py3k.py", line 132, in await_only
    return current.parent.switch(awaitable)  # type: ignore[no-any-return,attr-defined] # noqa: E501
           ^^^^^^^^^^^^^^^^^^^^^^^^^^^^^^^^
  File "/Users/sachinmishra/Desktop/MCP/.venv/lib/python3.12/site-packages/sqlalchemy/util/_concurrency_py3k.py", line 196, in greenlet_spawn
    value = await result
            ^^^^^^^^^^^^
  File "/Users/sachinmishra/Desktop/MCP/.venv/lib/python3.12/site-packages/sqlalchemy/dialects/postgresql/asyncpg.py", line 563, in _prepare_and_execute
    self._handle_exception(error)
  File "/Users/sachinmishra/Desktop/MCP/.venv/lib/python3.12/site-packages/sqlalchemy/dialects/postgresql/asyncpg.py", line 513, in _handle_exception
    self._adapt_connection._handle_exception(error)
  File "/Users/sachinmishra/Desktop/MCP/.venv/lib/python3.12/site-packages/sqlalchemy/dialects/postgresql/asyncpg.py", line 797, in _handle_exception
    raise translated_error from error
sqlalchemy.exc.DBAPIError: (sqlalchemy.dialects.postgresql.asyncpg.Error) <class 'asyncpg.exceptions.DataError'>: invalid input for query argument $5: datetime.datetime(2026, 2, 10, 16, 1, 25... (can't subtract offset-naive and offset-aware datetimes)
[SQL: INSERT INTO vital (id, user_id, metric, value, timestamp) VALUES ($1::UUID, $2::UUID, $3::VARCHAR, $4::FLOAT, $5::TIMESTAMP WITHOUT TIME ZONE)]
[parameters: (UUID('0184a33f-65ad-458c-afe3-12a37beab100'), UUID('f21c4163-ffd3-4b2b-837e-52990335c8d9'), 'glucose', 63.0, datetime.datetime(2026, 2, 10, 16, 1, 25, 290677, tzinfo=datetime.timezone.utc))]
(Background on this error at: https://sqlalche.me/e/20/dbapi)
INFO:     127.0.0.1:57376 - "POST /vitals HTTP/1.1" 500 Internal Server Error
ERROR:    Exception in ASGI application
Traceback (most recent call last):
  File "asyncpg/protocol/prepared_stmt.pyx", line 175, in asyncpg.protocol.protocol.PreparedStatementState._encode_bind_msg
  File "asyncpg/protocol/codecs/base.pyx", line 251, in asyncpg.protocol.protocol.Codec.encode
  File "asyncpg/protocol/codecs/base.pyx", line 153, in asyncpg.protocol.protocol.Codec.encode_scalar
  File "asyncpg/pgproto/codecs/datetime.pyx", line 152, in asyncpg.pgproto.pgproto.timestamp_encode
TypeError: can't subtract offset-naive and offset-aware datetimes

The above exception was the direct cause of the following exception:

Traceback (most recent call last):
  File "/Users/sachinmishra/Desktop/MCP/.venv/lib/python3.12/site-packages/sqlalchemy/dialects/postgresql/asyncpg.py", line 550, in _prepare_and_execute
    self._rows = deque(await prepared_stmt.fetch(*parameters))
                       ^^^^^^^^^^^^^^^^^^^^^^^^^^^^^^^^^^^^^^
  File "/Users/sachinmishra/Desktop/MCP/.venv/lib/python3.12/site-packages/asyncpg/prepared_stmt.py", line 177, in fetch
    data = await self.__bind_execute(args, 0, timeout)
           ^^^^^^^^^^^^^^^^^^^^^^^^^^^^^^^^^^^^^^^^^^^
  File "/Users/sachinmishra/Desktop/MCP/.venv/lib/python3.12/site-packages/asyncpg/prepared_stmt.py", line 268, in __bind_execute
    data, status, _ = await self.__do_execute(
                      ^^^^^^^^^^^^^^^^^^^^^^^^
  File "/Users/sachinmishra/Desktop/MCP/.venv/lib/python3.12/site-packages/asyncpg/prepared_stmt.py", line 257, in __do_execute
    return await executor(protocol)
           ^^^^^^^^^^^^^^^^^^^^^^^^
  File "asyncpg/protocol/protocol.pyx", line 184, in bind_execute
  File "asyncpg/protocol/prepared_stmt.pyx", line 204, in asyncpg.protocol.protocol.PreparedStatementState._encode_bind_msg
asyncpg.exceptions.DataError: invalid input for query argument $5: datetime.datetime(2026, 2, 10, 16, 1, 27... (can't subtract offset-naive and offset-aware datetimes)

The above exception was the direct cause of the following exception:

Traceback (most recent call last):
  File "/Users/sachinmishra/Desktop/MCP/.venv/lib/python3.12/site-packages/sqlalchemy/engine/base.py", line 1967, in _exec_single_context
    self.dialect.do_execute(
  File "/Users/sachinmishra/Desktop/MCP/.venv/lib/python3.12/site-packages/sqlalchemy/engine/default.py", line 952, in do_execute
    cursor.execute(statement, parameters)
  File "/Users/sachinmishra/Desktop/MCP/.venv/lib/python3.12/site-packages/sqlalchemy/dialects/postgresql/asyncpg.py", line 585, in execute
    self._adapt_connection.await_(
  File "/Users/sachinmishra/Desktop/MCP/.venv/lib/python3.12/site-packages/sqlalchemy/util/_concurrency_py3k.py", line 132, in await_only
    return current.parent.switch(awaitable)  # type: ignore[no-any-return,attr-defined] # noqa: E501
           ^^^^^^^^^^^^^^^^^^^^^^^^^^^^^^^^
  File "/Users/sachinmishra/Desktop/MCP/.venv/lib/python3.12/site-packages/sqlalchemy/util/_concurrency_py3k.py", line 196, in greenlet_spawn
    value = await result
            ^^^^^^^^^^^^
  File "/Users/sachinmishra/Desktop/MCP/.venv/lib/python3.12/site-packages/sqlalchemy/dialects/postgresql/asyncpg.py", line 563, in _prepare_and_execute
    self._handle_exception(error)
  File "/Users/sachinmishra/Desktop/MCP/.venv/lib/python3.12/site-packages/sqlalchemy/dialects/postgresql/asyncpg.py", line 513, in _handle_exception
    self._adapt_connection._handle_exception(error)
  File "/Users/sachinmishra/Desktop/MCP/.venv/lib/python3.12/site-packages/sqlalchemy/dialects/postgresql/asyncpg.py", line 797, in _handle_exception
    raise translated_error from error
sqlalchemy.dialects.postgresql.asyncpg.AsyncAdapt_asyncpg_dbapi.Error: <class 'asyncpg.exceptions.DataError'>: invalid input for query argument $5: datetime.datetime(2026, 2, 10, 16, 1, 27... (can't subtract offset-naive and offset-aware datetimes)

The above exception was the direct cause of the following exception:

Traceback (most recent call last):
  File "/Users/sachinmishra/Desktop/MCP/.venv/lib/python3.12/site-packages/uvicorn/protocols/http/httptools_impl.py", line 416, in run_asgi
    result = await app(  # type: ignore[func-returns-value]
             ^^^^^^^^^^^^^^^^^^^^^^^^^^^^^^^^^^^^^^^^^^^^^^
  File "/Users/sachinmishra/Desktop/MCP/.venv/lib/python3.12/site-packages/uvicorn/middleware/proxy_headers.py", line 60, in __call__
    return await self.app(scope, receive, send)
           ^^^^^^^^^^^^^^^^^^^^^^^^^^^^^^^^^^^^
  File "/Users/sachinmishra/Desktop/MCP/.venv/lib/python3.12/site-packages/fastapi/applications.py", line 1138, in __call__
    await super().__call__(scope, receive, send)
  File "/Users/sachinmishra/Desktop/MCP/.venv/lib/python3.12/site-packages/starlette/applications.py", line 107, in __call__
    await self.middleware_stack(scope, receive, send)
  File "/Users/sachinmishra/Desktop/MCP/.venv/lib/python3.12/site-packages/starlette/middleware/errors.py", line 186, in __call__
    raise exc
  File "/Users/sachinmishra/Desktop/MCP/.venv/lib/python3.12/site-packages/starlette/middleware/errors.py", line 164, in __call__
    await self.app(scope, receive, _send)
  File "/Users/sachinmishra/Desktop/MCP/.venv/lib/python3.12/site-packages/starlette/middleware/exceptions.py", line 63, in __call__
    await wrap_app_handling_exceptions(self.app, conn)(scope, receive, send)
  File "/Users/sachinmishra/Desktop/MCP/.venv/lib/python3.12/site-packages/starlette/_exception_handler.py", line 53, in wrapped_app
    raise exc
  File "/Users/sachinmishra/Desktop/MCP/.venv/lib/python3.12/site-packages/starlette/_exception_handler.py", line 42, in wrapped_app
    await app(scope, receive, sender)
  File "/Users/sachinmishra/Desktop/MCP/.venv/lib/python3.12/site-packages/fastapi/middleware/asyncexitstack.py", line 18, in __call__
    await self.app(scope, receive, send)
  File "/Users/sachinmishra/Desktop/MCP/.venv/lib/python3.12/site-packages/starlette/routing.py", line 716, in __call__
    await self.middleware_stack(scope, receive, send)
  File "/Users/sachinmishra/Desktop/MCP/.venv/lib/python3.12/site-packages/starlette/routing.py", line 736, in app
    await route.handle(scope, receive, send)
  File "/Users/sachinmishra/Desktop/MCP/.venv/lib/python3.12/site-packages/starlette/routing.py", line 290, in handle
    await self.app(scope, receive, send)
  File "/Users/sachinmishra/Desktop/MCP/.venv/lib/python3.12/site-packages/fastapi/routing.py", line 121, in app
    await wrap_app_handling_exceptions(app, request)(scope, receive, send)
  File "/Users/sachinmishra/Desktop/MCP/.venv/lib/python3.12/site-packages/starlette/_exception_handler.py", line 53, in wrapped_app
    raise exc
  File "/Users/sachinmishra/Desktop/MCP/.venv/lib/python3.12/site-packages/starlette/_exception_handler.py", line 42, in wrapped_app
    await app(scope, receive, sender)
  File "/Users/sachinmishra/Desktop/MCP/.venv/lib/python3.12/site-packages/fastapi/routing.py", line 107, in app
    response = await f(request)
               ^^^^^^^^^^^^^^^^
  File "/Users/sachinmishra/Desktop/MCP/.venv/lib/python3.12/site-packages/fastapi/routing.py", line 426, in app
    raw_response = await run_endpoint_function(
                   ^^^^^^^^^^^^^^^^^^^^^^^^^^^^
  File "/Users/sachinmishra/Desktop/MCP/.venv/lib/python3.12/site-packages/fastapi/routing.py", line 314, in run_endpoint_function
    return await dependant.call(**values)
           ^^^^^^^^^^^^^^^^^^^^^^^^^^^^^^
  File "/Users/sachinmishra/Desktop/MCP/health-monitor/backend/main.py", line 45, in ingest_vital
    await session.commit()
  File "/Users/sachinmishra/Desktop/MCP/.venv/lib/python3.12/site-packages/sqlalchemy/ext/asyncio/session.py", line 1000, in commit
    await greenlet_spawn(self.sync_session.commit)
  File "/Users/sachinmishra/Desktop/MCP/.venv/lib/python3.12/site-packages/sqlalchemy/util/_concurrency_py3k.py", line 203, in greenlet_spawn
    result = context.switch(value)
             ^^^^^^^^^^^^^^^^^^^^^
  File "/Users/sachinmishra/Desktop/MCP/.venv/lib/python3.12/site-packages/sqlalchemy/orm/session.py", line 2030, in commit
    trans.commit(_to_root=True)
  File "<string>", line 2, in commit
  File "/Users/sachinmishra/Desktop/MCP/.venv/lib/python3.12/site-packages/sqlalchemy/orm/state_changes.py", line 137, in _go
    ret_value = fn(self, *arg, **kw)
                ^^^^^^^^^^^^^^^^^^^^
  File "/Users/sachinmishra/Desktop/MCP/.venv/lib/python3.12/site-packages/sqlalchemy/orm/session.py", line 1311, in commit
    self._prepare_impl()
  File "<string>", line 2, in _prepare_impl
  File "/Users/sachinmishra/Desktop/MCP/.venv/lib/python3.12/site-packages/sqlalchemy/orm/state_changes.py", line 137, in _go
    ret_value = fn(self, *arg, **kw)
                ^^^^^^^^^^^^^^^^^^^^
  File "/Users/sachinmishra/Desktop/MCP/.venv/lib/python3.12/site-packages/sqlalchemy/orm/session.py", line 1286, in _prepare_impl
    self.session.flush()
  File "/Users/sachinmishra/Desktop/MCP/.venv/lib/python3.12/site-packages/sqlalchemy/orm/session.py", line 4331, in flush
    self._flush(objects)
  File "/Users/sachinmishra/Desktop/MCP/.venv/lib/python3.12/site-packages/sqlalchemy/orm/session.py", line 4466, in _flush
    with util.safe_reraise():
  File "/Users/sachinmishra/Desktop/MCP/.venv/lib/python3.12/site-packages/sqlalchemy/util/langhelpers.py", line 224, in __exit__
    raise exc_value.with_traceback(exc_tb)
  File "/Users/sachinmishra/Desktop/MCP/.venv/lib/python3.12/site-packages/sqlalchemy/orm/session.py", line 4427, in _flush
    flush_context.execute()
  File "/Users/sachinmishra/Desktop/MCP/.venv/lib/python3.12/site-packages/sqlalchemy/orm/unitofwork.py", line 466, in execute
    rec.execute(self)
  File "/Users/sachinmishra/Desktop/MCP/.venv/lib/python3.12/site-packages/sqlalchemy/orm/unitofwork.py", line 642, in execute
    util.preloaded.orm_persistence.save_obj(
  File "/Users/sachinmishra/Desktop/MCP/.venv/lib/python3.12/site-packages/sqlalchemy/orm/persistence.py", line 93, in save_obj
    _emit_insert_statements(
  File "/Users/sachinmishra/Desktop/MCP/.venv/lib/python3.12/site-packages/sqlalchemy/orm/persistence.py", line 1048, in _emit_insert_statements
    result = connection.execute(
             ^^^^^^^^^^^^^^^^^^^
  File "/Users/sachinmishra/Desktop/MCP/.venv/lib/python3.12/site-packages/sqlalchemy/engine/base.py", line 1419, in execute
    return meth(
           ^^^^^
  File "/Users/sachinmishra/Desktop/MCP/.venv/lib/python3.12/site-packages/sqlalchemy/sql/elements.py", line 527, in _execute_on_connection
    return connection._execute_clauseelement(
           ^^^^^^^^^^^^^^^^^^^^^^^^^^^^^^^^^^
  File "/Users/sachinmishra/Desktop/MCP/.venv/lib/python3.12/site-packages/sqlalchemy/engine/base.py", line 1641, in _execute_clauseelement
    ret = self._execute_context(
          ^^^^^^^^^^^^^^^^^^^^^^
  File "/Users/sachinmishra/Desktop/MCP/.venv/lib/python3.12/site-packages/sqlalchemy/engine/base.py", line 1846, in _execute_context
    return self._exec_single_context(
           ^^^^^^^^^^^^^^^^^^^^^^^^^^
  File "/Users/sachinmishra/Desktop/MCP/.venv/lib/python3.12/site-packages/sqlalchemy/engine/base.py", line 1986, in _exec_single_context
    self._handle_dbapi_exception(
  File "/Users/sachinmishra/Desktop/MCP/.venv/lib/python3.12/site-packages/sqlalchemy/engine/base.py", line 2363, in _handle_dbapi_exception
    raise sqlalchemy_exception.with_traceback(exc_info[2]) from e
  File "/Users/sachinmishra/Desktop/MCP/.venv/lib/python3.12/site-packages/sqlalchemy/engine/base.py", line 1967, in _exec_single_context
    self.dialect.do_execute(
  File "/Users/sachinmishra/Desktop/MCP/.venv/lib/python3.12/site-packages/sqlalchemy/engine/default.py", line 952, in do_execute
    cursor.execute(statement, parameters)
  File "/Users/sachinmishra/Desktop/MCP/.venv/lib/python3.12/site-packages/sqlalchemy/dialects/postgresql/asyncpg.py", line 585, in execute
    self._adapt_connection.await_(
  File "/Users/sachinmishra/Desktop/MCP/.venv/lib/python3.12/site-packages/sqlalchemy/util/_concurrency_py3k.py", line 132, in await_only
    return current.parent.switch(awaitable)  # type: ignore[no-any-return,attr-defined] # noqa: E501
           ^^^^^^^^^^^^^^^^^^^^^^^^^^^^^^^^
  File "/Users/sachinmishra/Desktop/MCP/.venv/lib/python3.12/site-packages/sqlalchemy/util/_concurrency_py3k.py", line 196, in greenlet_spawn
    value = await result
            ^^^^^^^^^^^^
  File "/Users/sachinmishra/Desktop/MCP/.venv/lib/python3.12/site-packages/sqlalchemy/dialects/postgresql/asyncpg.py", line 563, in _prepare_and_execute
    self._handle_exception(error)
  File "/Users/sachinmishra/Desktop/MCP/.venv/lib/python3.12/site-packages/sqlalchemy/dialects/postgresql/asyncpg.py", line 513, in _handle_exception
    self._adapt_connection._handle_exception(error)
  File "/Users/sachinmishra/Desktop/MCP/.venv/lib/python3.12/site-packages/sqlalchemy/dialects/postgresql/asyncpg.py", line 797, in _handle_exception
    raise translated_error from error
sqlalchemy.exc.DBAPIError: (sqlalchemy.dialects.postgresql.asyncpg.Error) <class 'asyncpg.exceptions.DataError'>: invalid input for query argument $5: datetime.datetime(2026, 2, 10, 16, 1, 27... (can't subtract offset-naive and offset-aware datetimes)
[SQL: INSERT INTO vital (id, user_id, metric, value, timestamp) VALUES ($1::UUID, $2::UUID, $3::VARCHAR, $4::FLOAT, $5::TIMESTAMP WITHOUT TIME ZONE)]
[parameters: (UUID('07de4512-c135-4b19-b725-a757e955bbcf'), UUID('f21c4163-ffd3-4b2b-837e-52990335c8d9'), 'spo2', 97.0, datetime.datetime(2026, 2, 10, 16, 1, 27, 305541, tzinfo=datetime.timezone.utc))]
(Background on this error at: https://sqlalche.me/e/20/dbapi)
INFO:     127.0.0.1:57382 - "POST /vitals HTTP/1.1" 500 Internal Server Error
ERROR:    Exception in ASGI application
Traceback (most recent call last):
  File "asyncpg/protocol/prepared_stmt.pyx", line 175, in asyncpg.protocol.protocol.PreparedStatementState._encode_bind_msg
  File "asyncpg/protocol/codecs/base.pyx", line 251, in asyncpg.protocol.protocol.Codec.encode
  File "asyncpg/protocol/codecs/base.pyx", line 153, in asyncpg.protocol.protocol.Codec.encode_scalar
  File "asyncpg/pgproto/codecs/datetime.pyx", line 152, in asyncpg.pgproto.pgproto.timestamp_encode
TypeError: can't subtract offset-naive and offset-aware datetimes

The above exception was the direct cause of the following exception:

Traceback (most recent call last):
  File "/Users/sachinmishra/Desktop/MCP/.venv/lib/python3.12/site-packages/sqlalchemy/dialects/postgresql/asyncpg.py", line 550, in _prepare_and_execute
    self._rows = deque(await prepared_stmt.fetch(*parameters))
                       ^^^^^^^^^^^^^^^^^^^^^^^^^^^^^^^^^^^^^^
  File "/Users/sachinmishra/Desktop/MCP/.venv/lib/python3.12/site-packages/asyncpg/prepared_stmt.py", line 177, in fetch
    data = await self.__bind_execute(args, 0, timeout)
           ^^^^^^^^^^^^^^^^^^^^^^^^^^^^^^^^^^^^^^^^^^^
  File "/Users/sachinmishra/Desktop/MCP/.venv/lib/python3.12/site-packages/asyncpg/prepared_stmt.py", line 268, in __bind_execute
    data, status, _ = await self.__do_execute(
                      ^^^^^^^^^^^^^^^^^^^^^^^^
  File "/Users/sachinmishra/Desktop/MCP/.venv/lib/python3.12/site-packages/asyncpg/prepared_stmt.py", line 257, in __do_execute
    return await executor(protocol)
           ^^^^^^^^^^^^^^^^^^^^^^^^
  File "asyncpg/protocol/protocol.pyx", line 184, in bind_execute
  File "asyncpg/protocol/prepared_stmt.pyx", line 204, in asyncpg.protocol.protocol.PreparedStatementState._encode_bind_msg
asyncpg.exceptions.DataError: invalid input for query argument $5: datetime.datetime(2026, 2, 10, 16, 1, 29... (can't subtract offset-naive and offset-aware datetimes)

The above exception was the direct cause of the following exception:

Traceback (most recent call last):
  File "/Users/sachinmishra/Desktop/MCP/.venv/lib/python3.12/site-packages/sqlalchemy/engine/base.py", line 1967, in _exec_single_context
    self.dialect.do_execute(
  File "/Users/sachinmishra/Desktop/MCP/.venv/lib/python3.12/site-packages/sqlalchemy/engine/default.py", line 952, in do_execute
    cursor.execute(statement, parameters)
  File "/Users/sachinmishra/Desktop/MCP/.venv/lib/python3.12/site-packages/sqlalchemy/dialects/postgresql/asyncpg.py", line 585, in execute
    self._adapt_connection.await_(
  File "/Users/sachinmishra/Desktop/MCP/.venv/lib/python3.12/site-packages/sqlalchemy/util/_concurrency_py3k.py", line 132, in await_only
    return current.parent.switch(awaitable)  # type: ignore[no-any-return,attr-defined] # noqa: E501
           ^^^^^^^^^^^^^^^^^^^^^^^^^^^^^^^^
  File "/Users/sachinmishra/Desktop/MCP/.venv/lib/python3.12/site-packages/sqlalchemy/util/_concurrency_py3k.py", line 196, in greenlet_spawn
    value = await result
            ^^^^^^^^^^^^
  File "/Users/sachinmishra/Desktop/MCP/.venv/lib/python3.12/site-packages/sqlalchemy/dialects/postgresql/asyncpg.py", line 563, in _prepare_and_execute
    self._handle_exception(error)
  File "/Users/sachinmishra/Desktop/MCP/.venv/lib/python3.12/site-packages/sqlalchemy/dialects/postgresql/asyncpg.py", line 513, in _handle_exception
    self._adapt_connection._handle_exception(error)
  File "/Users/sachinmishra/Desktop/MCP/.venv/lib/python3.12/site-packages/sqlalchemy/dialects/postgresql/asyncpg.py", line 797, in _handle_exception
    raise translated_error from error
sqlalchemy.dialects.postgresql.asyncpg.AsyncAdapt_asyncpg_dbapi.Error: <class 'asyncpg.exceptions.DataError'>: invalid input for query argument $5: datetime.datetime(2026, 2, 10, 16, 1, 29... (can't subtract offset-naive and offset-aware datetimes)

The above exception was the direct cause of the following exception:

Traceback (most recent call last):
  File "/Users/sachinmishra/Desktop/MCP/.venv/lib/python3.12/site-packages/uvicorn/protocols/http/httptools_impl.py", line 416, in run_asgi
    result = await app(  # type: ignore[func-returns-value]
             ^^^^^^^^^^^^^^^^^^^^^^^^^^^^^^^^^^^^^^^^^^^^^^
  File "/Users/sachinmishra/Desktop/MCP/.venv/lib/python3.12/site-packages/uvicorn/middleware/proxy_headers.py", line 60, in __call__
    return await self.app(scope, receive, send)
           ^^^^^^^^^^^^^^^^^^^^^^^^^^^^^^^^^^^^
  File "/Users/sachinmishra/Desktop/MCP/.venv/lib/python3.12/site-packages/fastapi/applications.py", line 1138, in __call__
    await super().__call__(scope, receive, send)
  File "/Users/sachinmishra/Desktop/MCP/.venv/lib/python3.12/site-packages/starlette/applications.py", line 107, in __call__
    await self.middleware_stack(scope, receive, send)
  File "/Users/sachinmishra/Desktop/MCP/.venv/lib/python3.12/site-packages/starlette/middleware/errors.py", line 186, in __call__
    raise exc
  File "/Users/sachinmishra/Desktop/MCP/.venv/lib/python3.12/site-packages/starlette/middleware/errors.py", line 164, in __call__
    await self.app(scope, receive, _send)
  File "/Users/sachinmishra/Desktop/MCP/.venv/lib/python3.12/site-packages/starlette/middleware/exceptions.py", line 63, in __call__
    await wrap_app_handling_exceptions(self.app, conn)(scope, receive, send)
  File "/Users/sachinmishra/Desktop/MCP/.venv/lib/python3.12/site-packages/starlette/_exception_handler.py", line 53, in wrapped_app
    raise exc
  File "/Users/sachinmishra/Desktop/MCP/.venv/lib/python3.12/site-packages/starlette/_exception_handler.py", line 42, in wrapped_app
    await app(scope, receive, sender)
  File "/Users/sachinmishra/Desktop/MCP/.venv/lib/python3.12/site-packages/fastapi/middleware/asyncexitstack.py", line 18, in __call__
    await self.app(scope, receive, send)
  File "/Users/sachinmishra/Desktop/MCP/.venv/lib/python3.12/site-packages/starlette/routing.py", line 716, in __call__
    await self.middleware_stack(scope, receive, send)
  File "/Users/sachinmishra/Desktop/MCP/.venv/lib/python3.12/site-packages/starlette/routing.py", line 736, in app
    await route.handle(scope, receive, send)
  File "/Users/sachinmishra/Desktop/MCP/.venv/lib/python3.12/site-packages/starlette/routing.py", line 290, in handle
    await self.app(scope, receive, send)
  File "/Users/sachinmishra/Desktop/MCP/.venv/lib/python3.12/site-packages/fastapi/routing.py", line 121, in app
    await wrap_app_handling_exceptions(app, request)(scope, receive, send)
  File "/Users/sachinmishra/Desktop/MCP/.venv/lib/python3.12/site-packages/starlette/_exception_handler.py", line 53, in wrapped_app
    raise exc
  File "/Users/sachinmishra/Desktop/MCP/.venv/lib/python3.12/site-packages/starlette/_exception_handler.py", line 42, in wrapped_app
    await app(scope, receive, sender)
  File "/Users/sachinmishra/Desktop/MCP/.venv/lib/python3.12/site-packages/fastapi/routing.py", line 107, in app
    response = await f(request)
               ^^^^^^^^^^^^^^^^
  File "/Users/sachinmishra/Desktop/MCP/.venv/lib/python3.12/site-packages/fastapi/routing.py", line 426, in app
    raw_response = await run_endpoint_function(
                   ^^^^^^^^^^^^^^^^^^^^^^^^^^^^
  File "/Users/sachinmishra/Desktop/MCP/.venv/lib/python3.12/site-packages/fastapi/routing.py", line 314, in run_endpoint_function
    return await dependant.call(**values)
           ^^^^^^^^^^^^^^^^^^^^^^^^^^^^^^
  File "/Users/sachinmishra/Desktop/MCP/health-monitor/backend/main.py", line 45, in ingest_vital
    await session.commit()
  File "/Users/sachinmishra/Desktop/MCP/.venv/lib/python3.12/site-packages/sqlalchemy/ext/asyncio/session.py", line 1000, in commit
    await greenlet_spawn(self.sync_session.commit)
  File "/Users/sachinmishra/Desktop/MCP/.venv/lib/python3.12/site-packages/sqlalchemy/util/_concurrency_py3k.py", line 203, in greenlet_spawn
    result = context.switch(value)
             ^^^^^^^^^^^^^^^^^^^^^
  File "/Users/sachinmishra/Desktop/MCP/.venv/lib/python3.12/site-packages/sqlalchemy/orm/session.py", line 2030, in commit
    trans.commit(_to_root=True)
  File "<string>", line 2, in commit
  File "/Users/sachinmishra/Desktop/MCP/.venv/lib/python3.12/site-packages/sqlalchemy/orm/state_changes.py", line 137, in _go
    ret_value = fn(self, *arg, **kw)
                ^^^^^^^^^^^^^^^^^^^^
  File "/Users/sachinmishra/Desktop/MCP/.venv/lib/python3.12/site-packages/sqlalchemy/orm/session.py", line 1311, in commit
    self._prepare_impl()
  File "<string>", line 2, in _prepare_impl
  File "/Users/sachinmishra/Desktop/MCP/.venv/lib/python3.12/site-packages/sqlalchemy/orm/state_changes.py", line 137, in _go
    ret_value = fn(self, *arg, **kw)
                ^^^^^^^^^^^^^^^^^^^^
  File "/Users/sachinmishra/Desktop/MCP/.venv/lib/python3.12/site-packages/sqlalchemy/orm/session.py", line 1286, in _prepare_impl
    self.session.flush()
  File "/Users/sachinmishra/Desktop/MCP/.venv/lib/python3.12/site-packages/sqlalchemy/orm/session.py", line 4331, in flush
    self._flush(objects)
  File "/Users/sachinmishra/Desktop/MCP/.venv/lib/python3.12/site-packages/sqlalchemy/orm/session.py", line 4466, in _flush
    with util.safe_reraise():
  File "/Users/sachinmishra/Desktop/MCP/.venv/lib/python3.12/site-packages/sqlalchemy/util/langhelpers.py", line 224, in __exit__
    raise exc_value.with_traceback(exc_tb)
  File "/Users/sachinmishra/Desktop/MCP/.venv/lib/python3.12/site-packages/sqlalchemy/orm/session.py", line 4427, in _flush
    flush_context.execute()
  File "/Users/sachinmishra/Desktop/MCP/.venv/lib/python3.12/site-packages/sqlalchemy/orm/unitofwork.py", line 466, in execute
    rec.execute(self)
  File "/Users/sachinmishra/Desktop/MCP/.venv/lib/python3.12/site-packages/sqlalchemy/orm/unitofwork.py", line 642, in execute
    util.preloaded.orm_persistence.save_obj(
  File "/Users/sachinmishra/Desktop/MCP/.venv/lib/python3.12/site-packages/sqlalchemy/orm/persistence.py", line 93, in save_obj
    _emit_insert_statements(
  File "/Users/sachinmishra/Desktop/MCP/.venv/lib/python3.12/site-packages/sqlalchemy/orm/persistence.py", line 1048, in _emit_insert_statements
    result = connection.execute(
             ^^^^^^^^^^^^^^^^^^^
  File "/Users/sachinmishra/Desktop/MCP/.venv/lib/python3.12/site-packages/sqlalchemy/engine/base.py", line 1419, in execute
    return meth(
           ^^^^^
  File "/Users/sachinmishra/Desktop/MCP/.venv/lib/python3.12/site-packages/sqlalchemy/sql/elements.py", line 527, in _execute_on_connection
    return connection._execute_clauseelement(
           ^^^^^^^^^^^^^^^^^^^^^^^^^^^^^^^^^^
  File "/Users/sachinmishra/Desktop/MCP/.venv/lib/python3.12/site-packages/sqlalchemy/engine/base.py", line 1641, in _execute_clauseelement
    ret = self._execute_context(
          ^^^^^^^^^^^^^^^^^^^^^^
  File "/Users/sachinmishra/Desktop/MCP/.venv/lib/python3.12/site-packages/sqlalchemy/engine/base.py", line 1846, in _execute_context
    return self._exec_single_context(
           ^^^^^^^^^^^^^^^^^^^^^^^^^^
  File "/Users/sachinmishra/Desktop/MCP/.venv/lib/python3.12/site-packages/sqlalchemy/engine/base.py", line 1986, in _exec_single_context
    self._handle_dbapi_exception(
  File "/Users/sachinmishra/Desktop/MCP/.venv/lib/python3.12/site-packages/sqlalchemy/engine/base.py", line 2363, in _handle_dbapi_exception
    raise sqlalchemy_exception.with_traceback(exc_info[2]) from e
  File "/Users/sachinmishra/Desktop/MCP/.venv/lib/python3.12/site-packages/sqlalchemy/engine/base.py", line 1967, in _exec_single_context
    self.dialect.do_execute(
  File "/Users/sachinmishra/Desktop/MCP/.venv/lib/python3.12/site-packages/sqlalchemy/engine/default.py", line 952, in do_execute
    cursor.execute(statement, parameters)
  File "/Users/sachinmishra/Desktop/MCP/.venv/lib/python3.12/site-packages/sqlalchemy/dialects/postgresql/asyncpg.py", line 585, in execute
    self._adapt_connection.await_(
  File "/Users/sachinmishra/Desktop/MCP/.venv/lib/python3.12/site-packages/sqlalchemy/util/_concurrency_py3k.py", line 132, in await_only
    return current.parent.switch(awaitable)  # type: ignore[no-any-return,attr-defined] # noqa: E501
           ^^^^^^^^^^^^^^^^^^^^^^^^^^^^^^^^
  File "/Users/sachinmishra/Desktop/MCP/.venv/lib/python3.12/site-packages/sqlalchemy/util/_concurrency_py3k.py", line 196, in greenlet_spawn
    value = await result
            ^^^^^^^^^^^^
  File "/Users/sachinmishra/Desktop/MCP/.venv/lib/python3.12/site-packages/sqlalchemy/dialects/postgresql/asyncpg.py", line 563, in _prepare_and_execute
    self._handle_exception(error)
  File "/Users/sachinmishra/Desktop/MCP/.venv/lib/python3.12/site-packages/sqlalchemy/dialects/postgresql/asyncpg.py", line 513, in _handle_exception
    self._adapt_connection._handle_exception(error)
  File "/Users/sachinmishra/Desktop/MCP/.venv/lib/python3.12/site-packages/sqlalchemy/dialects/postgresql/asyncpg.py", line 797, in _handle_exception
    raise translated_error from error
sqlalchemy.exc.DBAPIError: (sqlalchemy.dialects.postgresql.asyncpg.Error) <class 'asyncpg.exceptions.DataError'>: invalid input for query argument $5: datetime.datetime(2026, 2, 10, 16, 1, 29... (can't subtract offset-naive and offset-aware datetimes)
[SQL: INSERT INTO vital (id, user_id, metric, value, timestamp) VALUES ($1::UUID, $2::UUID, $3::VARCHAR, $4::FLOAT, $5::TIMESTAMP WITHOUT TIME ZONE)]
[parameters: (UUID('2a273e09-11b9-49e5-a881-d3e23585829f'), UUID('f21c4163-ffd3-4b2b-837e-52990335c8d9'), 'heart_rate', 91.0, datetime.datetime(2026, 2, 10, 16, 1, 29, 324897, tzinfo=datetime.timezone.utc))]
(Background on this error at: https://sqlalche.me/e/20/dbapi)
INFO:     127.0.0.1:57384 - "POST /auth/register HTTP/1.1" 400 Bad Request
INFO:     127.0.0.1:57384 - "POST /auth/token HTTP/1.1" 200 OK
INFO:     127.0.0.1:57386 - "POST /vitals HTTP/1.1" 500 Internal Server Error
ERROR:    Exception in ASGI application
Traceback (most recent call last):
  File "asyncpg/protocol/prepared_stmt.pyx", line 175, in asyncpg.protocol.protocol.PreparedStatementState._encode_bind_msg
  File "asyncpg/protocol/codecs/base.pyx", line 251, in asyncpg.protocol.protocol.Codec.encode
  File "asyncpg/protocol/codecs/base.pyx", line 153, in asyncpg.protocol.protocol.Codec.encode_scalar
  File "asyncpg/pgproto/codecs/datetime.pyx", line 152, in asyncpg.pgproto.pgproto.timestamp_encode
TypeError: can't subtract offset-naive and offset-aware datetimes

The above exception was the direct cause of the following exception:

Traceback (most recent call last):
  File "/Users/sachinmishra/Desktop/MCP/.venv/lib/python3.12/site-packages/sqlalchemy/dialects/postgresql/asyncpg.py", line 550, in _prepare_and_execute
    self._rows = deque(await prepared_stmt.fetch(*parameters))
                       ^^^^^^^^^^^^^^^^^^^^^^^^^^^^^^^^^^^^^^
  File "/Users/sachinmishra/Desktop/MCP/.venv/lib/python3.12/site-packages/asyncpg/prepared_stmt.py", line 177, in fetch
    data = await self.__bind_execute(args, 0, timeout)
           ^^^^^^^^^^^^^^^^^^^^^^^^^^^^^^^^^^^^^^^^^^^
  File "/Users/sachinmishra/Desktop/MCP/.venv/lib/python3.12/site-packages/asyncpg/prepared_stmt.py", line 268, in __bind_execute
    data, status, _ = await self.__do_execute(
                      ^^^^^^^^^^^^^^^^^^^^^^^^
  File "/Users/sachinmishra/Desktop/MCP/.venv/lib/python3.12/site-packages/asyncpg/prepared_stmt.py", line 257, in __do_execute
    return await executor(protocol)
           ^^^^^^^^^^^^^^^^^^^^^^^^
  File "asyncpg/protocol/protocol.pyx", line 184, in bind_execute
  File "asyncpg/protocol/prepared_stmt.pyx", line 204, in asyncpg.protocol.protocol.PreparedStatementState._encode_bind_msg
asyncpg.exceptions.DataError: invalid input for query argument $5: datetime.datetime(2026, 2, 10, 16, 1, 29... (can't subtract offset-naive and offset-aware datetimes)

The above exception was the direct cause of the following exception:

Traceback (most recent call last):
  File "/Users/sachinmishra/Desktop/MCP/.venv/lib/python3.12/site-packages/sqlalchemy/engine/base.py", line 1967, in _exec_single_context
    self.dialect.do_execute(
  File "/Users/sachinmishra/Desktop/MCP/.venv/lib/python3.12/site-packages/sqlalchemy/engine/default.py", line 952, in do_execute
    cursor.execute(statement, parameters)
  File "/Users/sachinmishra/Desktop/MCP/.venv/lib/python3.12/site-packages/sqlalchemy/dialects/postgresql/asyncpg.py", line 585, in execute
    self._adapt_connection.await_(
  File "/Users/sachinmishra/Desktop/MCP/.venv/lib/python3.12/site-packages/sqlalchemy/util/_concurrency_py3k.py", line 132, in await_only
    return current.parent.switch(awaitable)  # type: ignore[no-any-return,attr-defined] # noqa: E501
           ^^^^^^^^^^^^^^^^^^^^^^^^^^^^^^^^
  File "/Users/sachinmishra/Desktop/MCP/.venv/lib/python3.12/site-packages/sqlalchemy/util/_concurrency_py3k.py", line 196, in greenlet_spawn
    value = await result
            ^^^^^^^^^^^^
  File "/Users/sachinmishra/Desktop/MCP/.venv/lib/python3.12/site-packages/sqlalchemy/dialects/postgresql/asyncpg.py", line 563, in _prepare_and_execute
    self._handle_exception(error)
  File "/Users/sachinmishra/Desktop/MCP/.venv/lib/python3.12/site-packages/sqlalchemy/dialects/postgresql/asyncpg.py", line 513, in _handle_exception
    self._adapt_connection._handle_exception(error)
  File "/Users/sachinmishra/Desktop/MCP/.venv/lib/python3.12/site-packages/sqlalchemy/dialects/postgresql/asyncpg.py", line 797, in _handle_exception
    raise translated_error from error
sqlalchemy.dialects.postgresql.asyncpg.AsyncAdapt_asyncpg_dbapi.Error: <class 'asyncpg.exceptions.DataError'>: invalid input for query argument $5: datetime.datetime(2026, 2, 10, 16, 1, 29... (can't subtract offset-naive and offset-aware datetimes)

The above exception was the direct cause of the following exception:

Traceback (most recent call last):
  File "/Users/sachinmishra/Desktop/MCP/.venv/lib/python3.12/site-packages/uvicorn/protocols/http/httptools_impl.py", line 416, in run_asgi
    result = await app(  # type: ignore[func-returns-value]
             ^^^^^^^^^^^^^^^^^^^^^^^^^^^^^^^^^^^^^^^^^^^^^^
  File "/Users/sachinmishra/Desktop/MCP/.venv/lib/python3.12/site-packages/uvicorn/middleware/proxy_headers.py", line 60, in __call__
    return await self.app(scope, receive, send)
           ^^^^^^^^^^^^^^^^^^^^^^^^^^^^^^^^^^^^
  File "/Users/sachinmishra/Desktop/MCP/.venv/lib/python3.12/site-packages/fastapi/applications.py", line 1138, in __call__
    await super().__call__(scope, receive, send)
  File "/Users/sachinmishra/Desktop/MCP/.venv/lib/python3.12/site-packages/starlette/applications.py", line 107, in __call__
    await self.middleware_stack(scope, receive, send)
  File "/Users/sachinmishra/Desktop/MCP/.venv/lib/python3.12/site-packages/starlette/middleware/errors.py", line 186, in __call__
    raise exc
  File "/Users/sachinmishra/Desktop/MCP/.venv/lib/python3.12/site-packages/starlette/middleware/errors.py", line 164, in __call__
    await self.app(scope, receive, _send)
  File "/Users/sachinmishra/Desktop/MCP/.venv/lib/python3.12/site-packages/starlette/middleware/exceptions.py", line 63, in __call__
    await wrap_app_handling_exceptions(self.app, conn)(scope, receive, send)
  File "/Users/sachinmishra/Desktop/MCP/.venv/lib/python3.12/site-packages/starlette/_exception_handler.py", line 53, in wrapped_app
    raise exc
  File "/Users/sachinmishra/Desktop/MCP/.venv/lib/python3.12/site-packages/starlette/_exception_handler.py", line 42, in wrapped_app
    await app(scope, receive, sender)
  File "/Users/sachinmishra/Desktop/MCP/.venv/lib/python3.12/site-packages/fastapi/middleware/asyncexitstack.py", line 18, in __call__
    await self.app(scope, receive, send)
  File "/Users/sachinmishra/Desktop/MCP/.venv/lib/python3.12/site-packages/starlette/routing.py", line 716, in __call__
    await self.middleware_stack(scope, receive, send)
  File "/Users/sachinmishra/Desktop/MCP/.venv/lib/python3.12/site-packages/starlette/routing.py", line 736, in app
    await route.handle(scope, receive, send)
  File "/Users/sachinmishra/Desktop/MCP/.venv/lib/python3.12/site-packages/starlette/routing.py", line 290, in handle
    await self.app(scope, receive, send)
  File "/Users/sachinmishra/Desktop/MCP/.venv/lib/python3.12/site-packages/fastapi/routing.py", line 121, in app
    await wrap_app_handling_exceptions(app, request)(scope, receive, send)
  File "/Users/sachinmishra/Desktop/MCP/.venv/lib/python3.12/site-packages/starlette/_exception_handler.py", line 53, in wrapped_app
    raise exc
  File "/Users/sachinmishra/Desktop/MCP/.venv/lib/python3.12/site-packages/starlette/_exception_handler.py", line 42, in wrapped_app
    await app(scope, receive, sender)
  File "/Users/sachinmishra/Desktop/MCP/.venv/lib/python3.12/site-packages/fastapi/routing.py", line 107, in app
    response = await f(request)
               ^^^^^^^^^^^^^^^^
  File "/Users/sachinmishra/Desktop/MCP/.venv/lib/python3.12/site-packages/fastapi/routing.py", line 426, in app
    raw_response = await run_endpoint_function(
                   ^^^^^^^^^^^^^^^^^^^^^^^^^^^^
  File "/Users/sachinmishra/Desktop/MCP/.venv/lib/python3.12/site-packages/fastapi/routing.py", line 314, in run_endpoint_function
    return await dependant.call(**values)
           ^^^^^^^^^^^^^^^^^^^^^^^^^^^^^^
  File "/Users/sachinmishra/Desktop/MCP/health-monitor/backend/main.py", line 45, in ingest_vital
    await session.commit()
  File "/Users/sachinmishra/Desktop/MCP/.venv/lib/python3.12/site-packages/sqlalchemy/ext/asyncio/session.py", line 1000, in commit
    await greenlet_spawn(self.sync_session.commit)
  File "/Users/sachinmishra/Desktop/MCP/.venv/lib/python3.12/site-packages/sqlalchemy/util/_concurrency_py3k.py", line 203, in greenlet_spawn
    result = context.switch(value)
             ^^^^^^^^^^^^^^^^^^^^^
  File "/Users/sachinmishra/Desktop/MCP/.venv/lib/python3.12/site-packages/sqlalchemy/orm/session.py", line 2030, in commit
    trans.commit(_to_root=True)
  File "<string>", line 2, in commit
  File "/Users/sachinmishra/Desktop/MCP/.venv/lib/python3.12/site-packages/sqlalchemy/orm/state_changes.py", line 137, in _go
    ret_value = fn(self, *arg, **kw)
                ^^^^^^^^^^^^^^^^^^^^
  File "/Users/sachinmishra/Desktop/MCP/.venv/lib/python3.12/site-packages/sqlalchemy/orm/session.py", line 1311, in commit
    self._prepare_impl()
  File "<string>", line 2, in _prepare_impl
  File "/Users/sachinmishra/Desktop/MCP/.venv/lib/python3.12/site-packages/sqlalchemy/orm/state_changes.py", line 137, in _go
    ret_value = fn(self, *arg, **kw)
                ^^^^^^^^^^^^^^^^^^^^
  File "/Users/sachinmishra/Desktop/MCP/.venv/lib/python3.12/site-packages/sqlalchemy/orm/session.py", line 1286, in _prepare_impl
    self.session.flush()
  File "/Users/sachinmishra/Desktop/MCP/.venv/lib/python3.12/site-packages/sqlalchemy/orm/session.py", line 4331, in flush
    self._flush(objects)
  File "/Users/sachinmishra/Desktop/MCP/.venv/lib/python3.12/site-packages/sqlalchemy/orm/session.py", line 4466, in _flush
    with util.safe_reraise():
  File "/Users/sachinmishra/Desktop/MCP/.venv/lib/python3.12/site-packages/sqlalchemy/util/langhelpers.py", line 224, in __exit__
    raise exc_value.with_traceback(exc_tb)
  File "/Users/sachinmishra/Desktop/MCP/.venv/lib/python3.12/site-packages/sqlalchemy/orm/session.py", line 4427, in _flush
    flush_context.execute()
  File "/Users/sachinmishra/Desktop/MCP/.venv/lib/python3.12/site-packages/sqlalchemy/orm/unitofwork.py", line 466, in execute
    rec.execute(self)
  File "/Users/sachinmishra/Desktop/MCP/.venv/lib/python3.12/site-packages/sqlalchemy/orm/unitofwork.py", line 642, in execute
    util.preloaded.orm_persistence.save_obj(
  File "/Users/sachinmishra/Desktop/MCP/.venv/lib/python3.12/site-packages/sqlalchemy/orm/persistence.py", line 93, in save_obj
    _emit_insert_statements(
  File "/Users/sachinmishra/Desktop/MCP/.venv/lib/python3.12/site-packages/sqlalchemy/orm/persistence.py", line 1048, in _emit_insert_statements
    result = connection.execute(
             ^^^^^^^^^^^^^^^^^^^
  File "/Users/sachinmishra/Desktop/MCP/.venv/lib/python3.12/site-packages/sqlalchemy/engine/base.py", line 1419, in execute
    return meth(
           ^^^^^
  File "/Users/sachinmishra/Desktop/MCP/.venv/lib/python3.12/site-packages/sqlalchemy/sql/elements.py", line 527, in _execute_on_connection
    return connection._execute_clauseelement(
           ^^^^^^^^^^^^^^^^^^^^^^^^^^^^^^^^^^
  File "/Users/sachinmishra/Desktop/MCP/.venv/lib/python3.12/site-packages/sqlalchemy/engine/base.py", line 1641, in _execute_clauseelement
    ret = self._execute_context(
          ^^^^^^^^^^^^^^^^^^^^^^
  File "/Users/sachinmishra/Desktop/MCP/.venv/lib/python3.12/site-packages/sqlalchemy/engine/base.py", line 1846, in _execute_context
    return self._exec_single_context(
           ^^^^^^^^^^^^^^^^^^^^^^^^^^
  File "/Users/sachinmishra/Desktop/MCP/.venv/lib/python3.12/site-packages/sqlalchemy/engine/base.py", line 1986, in _exec_single_context
    self._handle_dbapi_exception(
  File "/Users/sachinmishra/Desktop/MCP/.venv/lib/python3.12/site-packages/sqlalchemy/engine/base.py", line 2363, in _handle_dbapi_exception
    raise sqlalchemy_exception.with_traceback(exc_info[2]) from e
  File "/Users/sachinmishra/Desktop/MCP/.venv/lib/python3.12/site-packages/sqlalchemy/engine/base.py", line 1967, in _exec_single_context
    self.dialect.do_execute(
  File "/Users/sachinmishra/Desktop/MCP/.venv/lib/python3.12/site-packages/sqlalchemy/engine/default.py", line 952, in do_execute
    cursor.execute(statement, parameters)
  File "/Users/sachinmishra/Desktop/MCP/.venv/lib/python3.12/site-packages/sqlalchemy/dialects/postgresql/asyncpg.py", line 585, in execute
    self._adapt_connection.await_(
  File "/Users/sachinmishra/Desktop/MCP/.venv/lib/python3.12/site-packages/sqlalchemy/util/_concurrency_py3k.py", line 132, in await_only
    return current.parent.switch(awaitable)  # type: ignore[no-any-return,attr-defined] # noqa: E501
           ^^^^^^^^^^^^^^^^^^^^^^^^^^^^^^^^
  File "/Users/sachinmishra/Desktop/MCP/.venv/lib/python3.12/site-packages/sqlalchemy/util/_concurrency_py3k.py", line 196, in greenlet_spawn
    value = await result
            ^^^^^^^^^^^^
  File "/Users/sachinmishra/Desktop/MCP/.venv/lib/python3.12/site-packages/sqlalchemy/dialects/postgresql/asyncpg.py", line 563, in _prepare_and_execute
    self._handle_exception(error)
  File "/Users/sachinmishra/Desktop/MCP/.venv/lib/python3.12/site-packages/sqlalchemy/dialects/postgresql/asyncpg.py", line 513, in _handle_exception
    self._adapt_connection._handle_exception(error)
  File "/Users/sachinmishra/Desktop/MCP/.venv/lib/python3.12/site-packages/sqlalchemy/dialects/postgresql/asyncpg.py", line 797, in _handle_exception
    raise translated_error from error
sqlalchemy.exc.DBAPIError: (sqlalchemy.dialects.postgresql.asyncpg.Error) <class 'asyncpg.exceptions.DataError'>: invalid input for query argument $5: datetime.datetime(2026, 2, 10, 16, 1, 29... (can't subtract offset-naive and offset-aware datetimes)
[SQL: INSERT INTO vital (id, user_id, metric, value, timestamp) VALUES ($1::UUID, $2::UUID, $3::VARCHAR, $4::FLOAT, $5::TIMESTAMP WITHOUT TIME ZONE)]
[parameters: (UUID('5cedd028-31d5-4f6a-888d-36d8acfd5713'), UUID('f21c4163-ffd3-4b2b-837e-52990335c8d9'), 'glucose', 213.0, datetime.datetime(2026, 2, 10, 16, 1, 29, 787016, tzinfo=datetime.timezone.utc))]
(Background on this error at: https://sqlalche.me/e/20/dbapi)
INFO:     127.0.0.1:57388 - "POST /vitals HTTP/1.1" 500 Internal Server Error
ERROR:    Exception in ASGI application
Traceback (most recent call last):
  File "asyncpg/protocol/prepared_stmt.pyx", line 175, in asyncpg.protocol.protocol.PreparedStatementState._encode_bind_msg
  File "asyncpg/protocol/codecs/base.pyx", line 251, in asyncpg.protocol.protocol.Codec.encode
  File "asyncpg/protocol/codecs/base.pyx", line 153, in asyncpg.protocol.protocol.Codec.encode_scalar
  File "asyncpg/pgproto/codecs/datetime.pyx", line 152, in asyncpg.pgproto.pgproto.timestamp_encode
TypeError: can't subtract offset-naive and offset-aware datetimes

The above exception was the direct cause of the following exception:

Traceback (most recent call last):
  File "/Users/sachinmishra/Desktop/MCP/.venv/lib/python3.12/site-packages/sqlalchemy/dialects/postgresql/asyncpg.py", line 550, in _prepare_and_execute
    self._rows = deque(await prepared_stmt.fetch(*parameters))
                       ^^^^^^^^^^^^^^^^^^^^^^^^^^^^^^^^^^^^^^
  File "/Users/sachinmishra/Desktop/MCP/.venv/lib/python3.12/site-packages/asyncpg/prepared_stmt.py", line 177, in fetch
    data = await self.__bind_execute(args, 0, timeout)
           ^^^^^^^^^^^^^^^^^^^^^^^^^^^^^^^^^^^^^^^^^^^
  File "/Users/sachinmishra/Desktop/MCP/.venv/lib/python3.12/site-packages/asyncpg/prepared_stmt.py", line 268, in __bind_execute
    data, status, _ = await self.__do_execute(
                      ^^^^^^^^^^^^^^^^^^^^^^^^
  File "/Users/sachinmishra/Desktop/MCP/.venv/lib/python3.12/site-packages/asyncpg/prepared_stmt.py", line 257, in __do_execute
    return await executor(protocol)
           ^^^^^^^^^^^^^^^^^^^^^^^^
  File "asyncpg/protocol/protocol.pyx", line 184, in bind_execute
  File "asyncpg/protocol/prepared_stmt.pyx", line 204, in asyncpg.protocol.protocol.PreparedStatementState._encode_bind_msg
asyncpg.exceptions.DataError: invalid input for query argument $5: datetime.datetime(2026, 2, 10, 16, 1, 31... (can't subtract offset-naive and offset-aware datetimes)

The above exception was the direct cause of the following exception:

Traceback (most recent call last):
  File "/Users/sachinmishra/Desktop/MCP/.venv/lib/python3.12/site-packages/sqlalchemy/engine/base.py", line 1967, in _exec_single_context
    self.dialect.do_execute(
  File "/Users/sachinmishra/Desktop/MCP/.venv/lib/python3.12/site-packages/sqlalchemy/engine/default.py", line 952, in do_execute
    cursor.execute(statement, parameters)
  File "/Users/sachinmishra/Desktop/MCP/.venv/lib/python3.12/site-packages/sqlalchemy/dialects/postgresql/asyncpg.py", line 585, in execute
    self._adapt_connection.await_(
  File "/Users/sachinmishra/Desktop/MCP/.venv/lib/python3.12/site-packages/sqlalchemy/util/_concurrency_py3k.py", line 132, in await_only
    return current.parent.switch(awaitable)  # type: ignore[no-any-return,attr-defined] # noqa: E501
           ^^^^^^^^^^^^^^^^^^^^^^^^^^^^^^^^
  File "/Users/sachinmishra/Desktop/MCP/.venv/lib/python3.12/site-packages/sqlalchemy/util/_concurrency_py3k.py", line 196, in greenlet_spawn
    value = await result
            ^^^^^^^^^^^^
  File "/Users/sachinmishra/Desktop/MCP/.venv/lib/python3.12/site-packages/sqlalchemy/dialects/postgresql/asyncpg.py", line 563, in _prepare_and_execute
    self._handle_exception(error)
  File "/Users/sachinmishra/Desktop/MCP/.venv/lib/python3.12/site-packages/sqlalchemy/dialects/postgresql/asyncpg.py", line 513, in _handle_exception
    self._adapt_connection._handle_exception(error)
  File "/Users/sachinmishra/Desktop/MCP/.venv/lib/python3.12/site-packages/sqlalchemy/dialects/postgresql/asyncpg.py", line 797, in _handle_exception
    raise translated_error from error
sqlalchemy.dialects.postgresql.asyncpg.AsyncAdapt_asyncpg_dbapi.Error: <class 'asyncpg.exceptions.DataError'>: invalid input for query argument $5: datetime.datetime(2026, 2, 10, 16, 1, 31... (can't subtract offset-naive and offset-aware datetimes)

The above exception was the direct cause of the following exception:

Traceback (most recent call last):
  File "/Users/sachinmishra/Desktop/MCP/.venv/lib/python3.12/site-packages/uvicorn/protocols/http/httptools_impl.py", line 416, in run_asgi
    result = await app(  # type: ignore[func-returns-value]
             ^^^^^^^^^^^^^^^^^^^^^^^^^^^^^^^^^^^^^^^^^^^^^^
  File "/Users/sachinmishra/Desktop/MCP/.venv/lib/python3.12/site-packages/uvicorn/middleware/proxy_headers.py", line 60, in __call__
    return await self.app(scope, receive, send)
           ^^^^^^^^^^^^^^^^^^^^^^^^^^^^^^^^^^^^
  File "/Users/sachinmishra/Desktop/MCP/.venv/lib/python3.12/site-packages/fastapi/applications.py", line 1138, in __call__
    await super().__call__(scope, receive, send)
  File "/Users/sachinmishra/Desktop/MCP/.venv/lib/python3.12/site-packages/starlette/applications.py", line 107, in __call__
    await self.middleware_stack(scope, receive, send)
  File "/Users/sachinmishra/Desktop/MCP/.venv/lib/python3.12/site-packages/starlette/middleware/errors.py", line 186, in __call__
    raise exc
  File "/Users/sachinmishra/Desktop/MCP/.venv/lib/python3.12/site-packages/starlette/middleware/errors.py", line 164, in __call__
    await self.app(scope, receive, _send)
  File "/Users/sachinmishra/Desktop/MCP/.venv/lib/python3.12/site-packages/starlette/middleware/exceptions.py", line 63, in __call__
    await wrap_app_handling_exceptions(self.app, conn)(scope, receive, send)
  File "/Users/sachinmishra/Desktop/MCP/.venv/lib/python3.12/site-packages/starlette/_exception_handler.py", line 53, in wrapped_app
    raise exc
  File "/Users/sachinmishra/Desktop/MCP/.venv/lib/python3.12/site-packages/starlette/_exception_handler.py", line 42, in wrapped_app
    await app(scope, receive, sender)
  File "/Users/sachinmishra/Desktop/MCP/.venv/lib/python3.12/site-packages/fastapi/middleware/asyncexitstack.py", line 18, in __call__
    await self.app(scope, receive, send)
  File "/Users/sachinmishra/Desktop/MCP/.venv/lib/python3.12/site-packages/starlette/routing.py", line 716, in __call__
    await self.middleware_stack(scope, receive, send)
  File "/Users/sachinmishra/Desktop/MCP/.venv/lib/python3.12/site-packages/starlette/routing.py", line 736, in app
    await route.handle(scope, receive, send)
  File "/Users/sachinmishra/Desktop/MCP/.venv/lib/python3.12/site-packages/starlette/routing.py", line 290, in handle
    await self.app(scope, receive, send)
  File "/Users/sachinmishra/Desktop/MCP/.venv/lib/python3.12/site-packages/fastapi/routing.py", line 121, in app
    await wrap_app_handling_exceptions(app, request)(scope, receive, send)
  File "/Users/sachinmishra/Desktop/MCP/.venv/lib/python3.12/site-packages/starlette/_exception_handler.py", line 53, in wrapped_app
    raise exc
  File "/Users/sachinmishra/Desktop/MCP/.venv/lib/python3.12/site-packages/starlette/_exception_handler.py", line 42, in wrapped_app
    await app(scope, receive, sender)
  File "/Users/sachinmishra/Desktop/MCP/.venv/lib/python3.12/site-packages/fastapi/routing.py", line 107, in app
    response = await f(request)
               ^^^^^^^^^^^^^^^^
  File "/Users/sachinmishra/Desktop/MCP/.venv/lib/python3.12/site-packages/fastapi/routing.py", line 426, in app
    raw_response = await run_endpoint_function(
                   ^^^^^^^^^^^^^^^^^^^^^^^^^^^^
  File "/Users/sachinmishra/Desktop/MCP/.venv/lib/python3.12/site-packages/fastapi/routing.py", line 314, in run_endpoint_function
    return await dependant.call(**values)
           ^^^^^^^^^^^^^^^^^^^^^^^^^^^^^^
  File "/Users/sachinmishra/Desktop/MCP/health-monitor/backend/main.py", line 45, in ingest_vital
    await session.commit()
  File "/Users/sachinmishra/Desktop/MCP/.venv/lib/python3.12/site-packages/sqlalchemy/ext/asyncio/session.py", line 1000, in commit
    await greenlet_spawn(self.sync_session.commit)
  File "/Users/sachinmishra/Desktop/MCP/.venv/lib/python3.12/site-packages/sqlalchemy/util/_concurrency_py3k.py", line 203, in greenlet_spawn
    result = context.switch(value)
             ^^^^^^^^^^^^^^^^^^^^^
  File "/Users/sachinmishra/Desktop/MCP/.venv/lib/python3.12/site-packages/sqlalchemy/orm/session.py", line 2030, in commit
    trans.commit(_to_root=True)
  File "<string>", line 2, in commit
  File "/Users/sachinmishra/Desktop/MCP/.venv/lib/python3.12/site-packages/sqlalchemy/orm/state_changes.py", line 137, in _go
    ret_value = fn(self, *arg, **kw)
                ^^^^^^^^^^^^^^^^^^^^
  File "/Users/sachinmishra/Desktop/MCP/.venv/lib/python3.12/site-packages/sqlalchemy/orm/session.py", line 1311, in commit
    self._prepare_impl()
  File "<string>", line 2, in _prepare_impl
  File "/Users/sachinmishra/Desktop/MCP/.venv/lib/python3.12/site-packages/sqlalchemy/orm/state_changes.py", line 137, in _go
    ret_value = fn(self, *arg, **kw)
                ^^^^^^^^^^^^^^^^^^^^
  File "/Users/sachinmishra/Desktop/MCP/.venv/lib/python3.12/site-packages/sqlalchemy/orm/session.py", line 1286, in _prepare_impl
    self.session.flush()
  File "/Users/sachinmishra/Desktop/MCP/.venv/lib/python3.12/site-packages/sqlalchemy/orm/session.py", line 4331, in flush
    self._flush(objects)
  File "/Users/sachinmishra/Desktop/MCP/.venv/lib/python3.12/site-packages/sqlalchemy/orm/session.py", line 4466, in _flush
    with util.safe_reraise():
  File "/Users/sachinmishra/Desktop/MCP/.venv/lib/python3.12/site-packages/sqlalchemy/util/langhelpers.py", line 224, in __exit__
    raise exc_value.with_traceback(exc_tb)
  File "/Users/sachinmishra/Desktop/MCP/.venv/lib/python3.12/site-packages/sqlalchemy/orm/session.py", line 4427, in _flush
    flush_context.execute()
  File "/Users/sachinmishra/Desktop/MCP/.venv/lib/python3.12/site-packages/sqlalchemy/orm/unitofwork.py", line 466, in execute
    rec.execute(self)
  File "/Users/sachinmishra/Desktop/MCP/.venv/lib/python3.12/site-packages/sqlalchemy/orm/unitofwork.py", line 642, in execute
    util.preloaded.orm_persistence.save_obj(
  File "/Users/sachinmishra/Desktop/MCP/.venv/lib/python3.12/site-packages/sqlalchemy/orm/persistence.py", line 93, in save_obj
    _emit_insert_statements(
  File "/Users/sachinmishra/Desktop/MCP/.venv/lib/python3.12/site-packages/sqlalchemy/orm/persistence.py", line 1048, in _emit_insert_statements
    result = connection.execute(
             ^^^^^^^^^^^^^^^^^^^
  File "/Users/sachinmishra/Desktop/MCP/.venv/lib/python3.12/site-packages/sqlalchemy/engine/base.py", line 1419, in execute
    return meth(
           ^^^^^
  File "/Users/sachinmishra/Desktop/MCP/.venv/lib/python3.12/site-packages/sqlalchemy/sql/elements.py", line 527, in _execute_on_connection
    return connection._execute_clauseelement(
           ^^^^^^^^^^^^^^^^^^^^^^^^^^^^^^^^^^
  File "/Users/sachinmishra/Desktop/MCP/.venv/lib/python3.12/site-packages/sqlalchemy/engine/base.py", line 1641, in _execute_clauseelement
    ret = self._execute_context(
          ^^^^^^^^^^^^^^^^^^^^^^
  File "/Users/sachinmishra/Desktop/MCP/.venv/lib/python3.12/site-packages/sqlalchemy/engine/base.py", line 1846, in _execute_context
    return self._exec_single_context(
           ^^^^^^^^^^^^^^^^^^^^^^^^^^
  File "/Users/sachinmishra/Desktop/MCP/.venv/lib/python3.12/site-packages/sqlalchemy/engine/base.py", line 1986, in _exec_single_context
    self._handle_dbapi_exception(
  File "/Users/sachinmishra/Desktop/MCP/.venv/lib/python3.12/site-packages/sqlalchemy/engine/base.py", line 2363, in _handle_dbapi_exception
    raise sqlalchemy_exception.with_traceback(exc_info[2]) from e
  File "/Users/sachinmishra/Desktop/MCP/.venv/lib/python3.12/site-packages/sqlalchemy/engine/base.py", line 1967, in _exec_single_context
    self.dialect.do_execute(
  File "/Users/sachinmishra/Desktop/MCP/.venv/lib/python3.12/site-packages/sqlalchemy/engine/default.py", line 952, in do_execute
    cursor.execute(statement, parameters)
  File "/Users/sachinmishra/Desktop/MCP/.venv/lib/python3.12/site-packages/sqlalchemy/dialects/postgresql/asyncpg.py", line 585, in execute
    self._adapt_connection.await_(
  File "/Users/sachinmishra/Desktop/MCP/.venv/lib/python3.12/site-packages/sqlalchemy/util/_concurrency_py3k.py", line 132, in await_only
    return current.parent.switch(awaitable)  # type: ignore[no-any-return,attr-defined] # noqa: E501
           ^^^^^^^^^^^^^^^^^^^^^^^^^^^^^^^^
  File "/Users/sachinmishra/Desktop/MCP/.venv/lib/python3.12/site-packages/sqlalchemy/util/_concurrency_py3k.py", line 196, in greenlet_spawn
    value = await result
            ^^^^^^^^^^^^
  File "/Users/sachinmishra/Desktop/MCP/.venv/lib/python3.12/site-packages/sqlalchemy/dialects/postgresql/asyncpg.py", line 563, in _prepare_and_execute
    self._handle_exception(error)
  File "/Users/sachinmishra/Desktop/MCP/.venv/lib/python3.12/site-packages/sqlalchemy/dialects/postgresql/asyncpg.py", line 513, in _handle_exception
    self._adapt_connection._handle_exception(error)
  File "/Users/sachinmishra/Desktop/MCP/.venv/lib/python3.12/site-packages/sqlalchemy/dialects/postgresql/asyncpg.py", line 797, in _handle_exception
    raise translated_error from error
sqlalchemy.exc.DBAPIError: (sqlalchemy.dialects.postgresql.asyncpg.Error) <class 'asyncpg.exceptions.DataError'>: invalid input for query argument $5: datetime.datetime(2026, 2, 10, 16, 1, 31... (can't subtract offset-naive and offset-aware datetimes)
[SQL: INSERT INTO vital (id, user_id, metric, value, timestamp) VALUES ($1::UUID, $2::UUID, $3::VARCHAR, $4::FLOAT, $5::TIMESTAMP WITHOUT TIME ZONE)]
[parameters: (UUID('e5d98f8f-623c-49f6-84f9-d2362d141330'), UUID('f21c4163-ffd3-4b2b-837e-52990335c8d9'), 'glucose', 97.0, datetime.datetime(2026, 2, 10, 16, 1, 31, 343758, tzinfo=datetime.timezone.utc))]
(Background on this error at: https://sqlalche.me/e/20/dbapi)
INFO:     127.0.0.1:57392 - "POST /vitals HTTP/1.1" 500 Internal Server Error
ERROR:    Exception in ASGI application
Traceback (most recent call last):
  File "asyncpg/protocol/prepared_stmt.pyx", line 175, in asyncpg.protocol.protocol.PreparedStatementState._encode_bind_msg
  File "asyncpg/protocol/codecs/base.pyx", line 251, in asyncpg.protocol.protocol.Codec.encode
  File "asyncpg/protocol/codecs/base.pyx", line 153, in asyncpg.protocol.protocol.Codec.encode_scalar
  File "asyncpg/pgproto/codecs/datetime.pyx", line 152, in asyncpg.pgproto.pgproto.timestamp_encode
TypeError: can't subtract offset-naive and offset-aware datetimes

The above exception was the direct cause of the following exception:

Traceback (most recent call last):
  File "/Users/sachinmishra/Desktop/MCP/.venv/lib/python3.12/site-packages/sqlalchemy/dialects/postgresql/asyncpg.py", line 550, in _prepare_and_execute
    self._rows = deque(await prepared_stmt.fetch(*parameters))
                       ^^^^^^^^^^^^^^^^^^^^^^^^^^^^^^^^^^^^^^
  File "/Users/sachinmishra/Desktop/MCP/.venv/lib/python3.12/site-packages/asyncpg/prepared_stmt.py", line 177, in fetch
    data = await self.__bind_execute(args, 0, timeout)
           ^^^^^^^^^^^^^^^^^^^^^^^^^^^^^^^^^^^^^^^^^^^
  File "/Users/sachinmishra/Desktop/MCP/.venv/lib/python3.12/site-packages/asyncpg/prepared_stmt.py", line 268, in __bind_execute
    data, status, _ = await self.__do_execute(
                      ^^^^^^^^^^^^^^^^^^^^^^^^
  File "/Users/sachinmishra/Desktop/MCP/.venv/lib/python3.12/site-packages/asyncpg/prepared_stmt.py", line 257, in __do_execute
    return await executor(protocol)
           ^^^^^^^^^^^^^^^^^^^^^^^^
  File "asyncpg/protocol/protocol.pyx", line 184, in bind_execute
  File "asyncpg/protocol/prepared_stmt.pyx", line 204, in asyncpg.protocol.protocol.PreparedStatementState._encode_bind_msg
asyncpg.exceptions.DataError: invalid input for query argument $5: datetime.datetime(2026, 2, 10, 16, 1, 31... (can't subtract offset-naive and offset-aware datetimes)

The above exception was the direct cause of the following exception:

Traceback (most recent call last):
  File "/Users/sachinmishra/Desktop/MCP/.venv/lib/python3.12/site-packages/sqlalchemy/engine/base.py", line 1967, in _exec_single_context
    self.dialect.do_execute(
  File "/Users/sachinmishra/Desktop/MCP/.venv/lib/python3.12/site-packages/sqlalchemy/engine/default.py", line 952, in do_execute
    cursor.execute(statement, parameters)
  File "/Users/sachinmishra/Desktop/MCP/.venv/lib/python3.12/site-packages/sqlalchemy/dialects/postgresql/asyncpg.py", line 585, in execute
    self._adapt_connection.await_(
  File "/Users/sachinmishra/Desktop/MCP/.venv/lib/python3.12/site-packages/sqlalchemy/util/_concurrency_py3k.py", line 132, in await_only
    return current.parent.switch(awaitable)  # type: ignore[no-any-return,attr-defined] # noqa: E501
           ^^^^^^^^^^^^^^^^^^^^^^^^^^^^^^^^
  File "/Users/sachinmishra/Desktop/MCP/.venv/lib/python3.12/site-packages/sqlalchemy/util/_concurrency_py3k.py", line 196, in greenlet_spawn
    value = await result
            ^^^^^^^^^^^^
  File "/Users/sachinmishra/Desktop/MCP/.venv/lib/python3.12/site-packages/sqlalchemy/dialects/postgresql/asyncpg.py", line 563, in _prepare_and_execute
    self._handle_exception(error)
  File "/Users/sachinmishra/Desktop/MCP/.venv/lib/python3.12/site-packages/sqlalchemy/dialects/postgresql/asyncpg.py", line 513, in _handle_exception
    self._adapt_connection._handle_exception(error)
  File "/Users/sachinmishra/Desktop/MCP/.venv/lib/python3.12/site-packages/sqlalchemy/dialects/postgresql/asyncpg.py", line 797, in _handle_exception
    raise translated_error from error
sqlalchemy.dialects.postgresql.asyncpg.AsyncAdapt_asyncpg_dbapi.Error: <class 'asyncpg.exceptions.DataError'>: invalid input for query argument $5: datetime.datetime(2026, 2, 10, 16, 1, 31... (can't subtract offset-naive and offset-aware datetimes)

The above exception was the direct cause of the following exception:

Traceback (most recent call last):
  File "/Users/sachinmishra/Desktop/MCP/.venv/lib/python3.12/site-packages/uvicorn/protocols/http/httptools_impl.py", line 416, in run_asgi
    result = await app(  # type: ignore[func-returns-value]
             ^^^^^^^^^^^^^^^^^^^^^^^^^^^^^^^^^^^^^^^^^^^^^^
  File "/Users/sachinmishra/Desktop/MCP/.venv/lib/python3.12/site-packages/uvicorn/middleware/proxy_headers.py", line 60, in __call__
    return await self.app(scope, receive, send)
           ^^^^^^^^^^^^^^^^^^^^^^^^^^^^^^^^^^^^
  File "/Users/sachinmishra/Desktop/MCP/.venv/lib/python3.12/site-packages/fastapi/applications.py", line 1138, in __call__
    await super().__call__(scope, receive, send)
  File "/Users/sachinmishra/Desktop/MCP/.venv/lib/python3.12/site-packages/starlette/applications.py", line 107, in __call__
    await self.middleware_stack(scope, receive, send)
  File "/Users/sachinmishra/Desktop/MCP/.venv/lib/python3.12/site-packages/starlette/middleware/errors.py", line 186, in __call__
    raise exc
  File "/Users/sachinmishra/Desktop/MCP/.venv/lib/python3.12/site-packages/starlette/middleware/errors.py", line 164, in __call__
    await self.app(scope, receive, _send)
  File "/Users/sachinmishra/Desktop/MCP/.venv/lib/python3.12/site-packages/starlette/middleware/exceptions.py", line 63, in __call__
    await wrap_app_handling_exceptions(self.app, conn)(scope, receive, send)
  File "/Users/sachinmishra/Desktop/MCP/.venv/lib/python3.12/site-packages/starlette/_exception_handler.py", line 53, in wrapped_app
    raise exc
  File "/Users/sachinmishra/Desktop/MCP/.venv/lib/python3.12/site-packages/starlette/_exception_handler.py", line 42, in wrapped_app
    await app(scope, receive, sender)
  File "/Users/sachinmishra/Desktop/MCP/.venv/lib/python3.12/site-packages/fastapi/middleware/asyncexitstack.py", line 18, in __call__
    await self.app(scope, receive, send)
  File "/Users/sachinmishra/Desktop/MCP/.venv/lib/python3.12/site-packages/starlette/routing.py", line 716, in __call__
    await self.middleware_stack(scope, receive, send)
  File "/Users/sachinmishra/Desktop/MCP/.venv/lib/python3.12/site-packages/starlette/routing.py", line 736, in app
    await route.handle(scope, receive, send)
  File "/Users/sachinmishra/Desktop/MCP/.venv/lib/python3.12/site-packages/starlette/routing.py", line 290, in handle
    await self.app(scope, receive, send)
  File "/Users/sachinmishra/Desktop/MCP/.venv/lib/python3.12/site-packages/fastapi/routing.py", line 121, in app
    await wrap_app_handling_exceptions(app, request)(scope, receive, send)
  File "/Users/sachinmishra/Desktop/MCP/.venv/lib/python3.12/site-packages/starlette/_exception_handler.py", line 53, in wrapped_app
    raise exc
  File "/Users/sachinmishra/Desktop/MCP/.venv/lib/python3.12/site-packages/starlette/_exception_handler.py", line 42, in wrapped_app
    await app(scope, receive, sender)
  File "/Users/sachinmishra/Desktop/MCP/.venv/lib/python3.12/site-packages/fastapi/routing.py", line 107, in app
    response = await f(request)
               ^^^^^^^^^^^^^^^^
  File "/Users/sachinmishra/Desktop/MCP/.venv/lib/python3.12/site-packages/fastapi/routing.py", line 426, in app
    raw_response = await run_endpoint_function(
                   ^^^^^^^^^^^^^^^^^^^^^^^^^^^^
  File "/Users/sachinmishra/Desktop/MCP/.venv/lib/python3.12/site-packages/fastapi/routing.py", line 314, in run_endpoint_function
    return await dependant.call(**values)
           ^^^^^^^^^^^^^^^^^^^^^^^^^^^^^^
  File "/Users/sachinmishra/Desktop/MCP/health-monitor/backend/main.py", line 45, in ingest_vital
    await session.commit()
  File "/Users/sachinmishra/Desktop/MCP/.venv/lib/python3.12/site-packages/sqlalchemy/ext/asyncio/session.py", line 1000, in commit
    await greenlet_spawn(self.sync_session.commit)
  File "/Users/sachinmishra/Desktop/MCP/.venv/lib/python3.12/site-packages/sqlalchemy/util/_concurrency_py3k.py", line 203, in greenlet_spawn
    result = context.switch(value)
             ^^^^^^^^^^^^^^^^^^^^^
  File "/Users/sachinmishra/Desktop/MCP/.venv/lib/python3.12/site-packages/sqlalchemy/orm/session.py", line 2030, in commit
    trans.commit(_to_root=True)
  File "<string>", line 2, in commit
  File "/Users/sachinmishra/Desktop/MCP/.venv/lib/python3.12/site-packages/sqlalchemy/orm/state_changes.py", line 137, in _go
    ret_value = fn(self, *arg, **kw)
                ^^^^^^^^^^^^^^^^^^^^
  File "/Users/sachinmishra/Desktop/MCP/.venv/lib/python3.12/site-packages/sqlalchemy/orm/session.py", line 1311, in commit
    self._prepare_impl()
  File "<string>", line 2, in _prepare_impl
  File "/Users/sachinmishra/Desktop/MCP/.venv/lib/python3.12/site-packages/sqlalchemy/orm/state_changes.py", line 137, in _go
    ret_value = fn(self, *arg, **kw)
                ^^^^^^^^^^^^^^^^^^^^
  File "/Users/sachinmishra/Desktop/MCP/.venv/lib/python3.12/site-packages/sqlalchemy/orm/session.py", line 1286, in _prepare_impl
    self.session.flush()
  File "/Users/sachinmishra/Desktop/MCP/.venv/lib/python3.12/site-packages/sqlalchemy/orm/session.py", line 4331, in flush
    self._flush(objects)
  File "/Users/sachinmishra/Desktop/MCP/.venv/lib/python3.12/site-packages/sqlalchemy/orm/session.py", line 4466, in _flush
    with util.safe_reraise():
  File "/Users/sachinmishra/Desktop/MCP/.venv/lib/python3.12/site-packages/sqlalchemy/util/langhelpers.py", line 224, in __exit__
    raise exc_value.with_traceback(exc_tb)
  File "/Users/sachinmishra/Desktop/MCP/.venv/lib/python3.12/site-packages/sqlalchemy/orm/session.py", line 4427, in _flush
    flush_context.execute()
  File "/Users/sachinmishra/Desktop/MCP/.venv/lib/python3.12/site-packages/sqlalchemy/orm/unitofwork.py", line 466, in execute
    rec.execute(self)
  File "/Users/sachinmishra/Desktop/MCP/.venv/lib/python3.12/site-packages/sqlalchemy/orm/unitofwork.py", line 642, in execute
    util.preloaded.orm_persistence.save_obj(
  File "/Users/sachinmishra/Desktop/MCP/.venv/lib/python3.12/site-packages/sqlalchemy/orm/persistence.py", line 93, in save_obj
    _emit_insert_statements(
  File "/Users/sachinmishra/Desktop/MCP/.venv/lib/python3.12/site-packages/sqlalchemy/orm/persistence.py", line 1048, in _emit_insert_statements
    result = connection.execute(
             ^^^^^^^^^^^^^^^^^^^
  File "/Users/sachinmishra/Desktop/MCP/.venv/lib/python3.12/site-packages/sqlalchemy/engine/base.py", line 1419, in execute
    return meth(
           ^^^^^
  File "/Users/sachinmishra/Desktop/MCP/.venv/lib/python3.12/site-packages/sqlalchemy/sql/elements.py", line 527, in _execute_on_connection
    return connection._execute_clauseelement(
           ^^^^^^^^^^^^^^^^^^^^^^^^^^^^^^^^^^
  File "/Users/sachinmishra/Desktop/MCP/.venv/lib/python3.12/site-packages/sqlalchemy/engine/base.py", line 1641, in _execute_clauseelement
    ret = self._execute_context(
          ^^^^^^^^^^^^^^^^^^^^^^
  File "/Users/sachinmishra/Desktop/MCP/.venv/lib/python3.12/site-packages/sqlalchemy/engine/base.py", line 1846, in _execute_context
    return self._exec_single_context(
           ^^^^^^^^^^^^^^^^^^^^^^^^^^
  File "/Users/sachinmishra/Desktop/MCP/.venv/lib/python3.12/site-packages/sqlalchemy/engine/base.py", line 1986, in _exec_single_context
    self._handle_dbapi_exception(
  File "/Users/sachinmishra/Desktop/MCP/.venv/lib/python3.12/site-packages/sqlalchemy/engine/base.py", line 2363, in _handle_dbapi_exception
    raise sqlalchemy_exception.with_traceback(exc_info[2]) from e
  File "/Users/sachinmishra/Desktop/MCP/.venv/lib/python3.12/site-packages/sqlalchemy/engine/base.py", line 1967, in _exec_single_context
    self.dialect.do_execute(
  File "/Users/sachinmishra/Desktop/MCP/.venv/lib/python3.12/site-packages/sqlalchemy/engine/default.py", line 952, in do_execute
    cursor.execute(statement, parameters)
  File "/Users/sachinmishra/Desktop/MCP/.venv/lib/python3.12/site-packages/sqlalchemy/dialects/postgresql/asyncpg.py", line 585, in execute
    self._adapt_connection.await_(
  File "/Users/sachinmishra/Desktop/MCP/.venv/lib/python3.12/site-packages/sqlalchemy/util/_concurrency_py3k.py", line 132, in await_only
    return current.parent.switch(awaitable)  # type: ignore[no-any-return,attr-defined] # noqa: E501
           ^^^^^^^^^^^^^^^^^^^^^^^^^^^^^^^^
  File "/Users/sachinmishra/Desktop/MCP/.venv/lib/python3.12/site-packages/sqlalchemy/util/_concurrency_py3k.py", line 196, in greenlet_spawn
    value = await result
            ^^^^^^^^^^^^
  File "/Users/sachinmishra/Desktop/MCP/.venv/lib/python3.12/site-packages/sqlalchemy/dialects/postgresql/asyncpg.py", line 563, in _prepare_and_execute
    self._handle_exception(error)
  File "/Users/sachinmishra/Desktop/MCP/.venv/lib/python3.12/site-packages/sqlalchemy/dialects/postgresql/asyncpg.py", line 513, in _handle_exception
    self._adapt_connection._handle_exception(error)
  File "/Users/sachinmishra/Desktop/MCP/.venv/lib/python3.12/site-packages/sqlalchemy/dialects/postgresql/asyncpg.py", line 797, in _handle_exception
    raise translated_error from error
sqlalchemy.exc.DBAPIError: (sqlalchemy.dialects.postgresql.asyncpg.Error) <class 'asyncpg.exceptions.DataError'>: invalid input for query argument $5: datetime.datetime(2026, 2, 10, 16, 1, 31... (can't subtract offset-naive and offset-aware datetimes)
[SQL: INSERT INTO vital (id, user_id, metric, value, timestamp) VALUES ($1::UUID, $2::UUID, $3::VARCHAR, $4::FLOAT, $5::TIMESTAMP WITHOUT TIME ZONE)]
[parameters: (UUID('7d977653-5c3f-4a79-8ac9-bccedc4d5851'), UUID('f21c4163-ffd3-4b2b-837e-52990335c8d9'), 'glucose', 113.0, datetime.datetime(2026, 2, 10, 16, 1, 31, 803059, tzinfo=datetime.timezone.utc))]
(Background on this error at: https://sqlalche.me/e/20/dbapi)
INFO:     127.0.0.1:57396 - "POST /vitals HTTP/1.1" 500 Internal Server Error
ERROR:    Exception in ASGI application
Traceback (most recent call last):
  File "asyncpg/protocol/prepared_stmt.pyx", line 175, in asyncpg.protocol.protocol.PreparedStatementState._encode_bind_msg
  File "asyncpg/protocol/codecs/base.pyx", line 251, in asyncpg.protocol.protocol.Codec.encode
  File "asyncpg/protocol/codecs/base.pyx", line 153, in asyncpg.protocol.protocol.Codec.encode_scalar
  File "asyncpg/pgproto/codecs/datetime.pyx", line 152, in asyncpg.pgproto.pgproto.timestamp_encode
TypeError: can't subtract offset-naive and offset-aware datetimes

The above exception was the direct cause of the following exception:

Traceback (most recent call last):
  File "/Users/sachinmishra/Desktop/MCP/.venv/lib/python3.12/site-packages/sqlalchemy/dialects/postgresql/asyncpg.py", line 550, in _prepare_and_execute
    self._rows = deque(await prepared_stmt.fetch(*parameters))
                       ^^^^^^^^^^^^^^^^^^^^^^^^^^^^^^^^^^^^^^
  File "/Users/sachinmishra/Desktop/MCP/.venv/lib/python3.12/site-packages/asyncpg/prepared_stmt.py", line 177, in fetch
    data = await self.__bind_execute(args, 0, timeout)
           ^^^^^^^^^^^^^^^^^^^^^^^^^^^^^^^^^^^^^^^^^^^
  File "/Users/sachinmishra/Desktop/MCP/.venv/lib/python3.12/site-packages/asyncpg/prepared_stmt.py", line 268, in __bind_execute
    data, status, _ = await self.__do_execute(
                      ^^^^^^^^^^^^^^^^^^^^^^^^
  File "/Users/sachinmishra/Desktop/MCP/.venv/lib/python3.12/site-packages/asyncpg/prepared_stmt.py", line 257, in __do_execute
    return await executor(protocol)
           ^^^^^^^^^^^^^^^^^^^^^^^^
  File "asyncpg/protocol/protocol.pyx", line 184, in bind_execute
  File "asyncpg/protocol/prepared_stmt.pyx", line 204, in asyncpg.protocol.protocol.PreparedStatementState._encode_bind_msg
asyncpg.exceptions.DataError: invalid input for query argument $5: datetime.datetime(2026, 2, 10, 16, 1, 33... (can't subtract offset-naive and offset-aware datetimes)

The above exception was the direct cause of the following exception:

Traceback (most recent call last):
  File "/Users/sachinmishra/Desktop/MCP/.venv/lib/python3.12/site-packages/sqlalchemy/engine/base.py", line 1967, in _exec_single_context
    self.dialect.do_execute(
  File "/Users/sachinmishra/Desktop/MCP/.venv/lib/python3.12/site-packages/sqlalchemy/engine/default.py", line 952, in do_execute
    cursor.execute(statement, parameters)
  File "/Users/sachinmishra/Desktop/MCP/.venv/lib/python3.12/site-packages/sqlalchemy/dialects/postgresql/asyncpg.py", line 585, in execute
    self._adapt_connection.await_(
  File "/Users/sachinmishra/Desktop/MCP/.venv/lib/python3.12/site-packages/sqlalchemy/util/_concurrency_py3k.py", line 132, in await_only
    return current.parent.switch(awaitable)  # type: ignore[no-any-return,attr-defined] # noqa: E501
           ^^^^^^^^^^^^^^^^^^^^^^^^^^^^^^^^
  File "/Users/sachinmishra/Desktop/MCP/.venv/lib/python3.12/site-packages/sqlalchemy/util/_concurrency_py3k.py", line 196, in greenlet_spawn
    value = await result
            ^^^^^^^^^^^^
  File "/Users/sachinmishra/Desktop/MCP/.venv/lib/python3.12/site-packages/sqlalchemy/dialects/postgresql/asyncpg.py", line 563, in _prepare_and_execute
    self._handle_exception(error)
  File "/Users/sachinmishra/Desktop/MCP/.venv/lib/python3.12/site-packages/sqlalchemy/dialects/postgresql/asyncpg.py", line 513, in _handle_exception
    self._adapt_connection._handle_exception(error)
  File "/Users/sachinmishra/Desktop/MCP/.venv/lib/python3.12/site-packages/sqlalchemy/dialects/postgresql/asyncpg.py", line 797, in _handle_exception
    raise translated_error from error
sqlalchemy.dialects.postgresql.asyncpg.AsyncAdapt_asyncpg_dbapi.Error: <class 'asyncpg.exceptions.DataError'>: invalid input for query argument $5: datetime.datetime(2026, 2, 10, 16, 1, 33... (can't subtract offset-naive and offset-aware datetimes)

The above exception was the direct cause of the following exception:

Traceback (most recent call last):
  File "/Users/sachinmishra/Desktop/MCP/.venv/lib/python3.12/site-packages/uvicorn/protocols/http/httptools_impl.py", line 416, in run_asgi
    result = await app(  # type: ignore[func-returns-value]
             ^^^^^^^^^^^^^^^^^^^^^^^^^^^^^^^^^^^^^^^^^^^^^^
  File "/Users/sachinmishra/Desktop/MCP/.venv/lib/python3.12/site-packages/uvicorn/middleware/proxy_headers.py", line 60, in __call__
    return await self.app(scope, receive, send)
           ^^^^^^^^^^^^^^^^^^^^^^^^^^^^^^^^^^^^
  File "/Users/sachinmishra/Desktop/MCP/.venv/lib/python3.12/site-packages/fastapi/applications.py", line 1138, in __call__
    await super().__call__(scope, receive, send)
  File "/Users/sachinmishra/Desktop/MCP/.venv/lib/python3.12/site-packages/starlette/applications.py", line 107, in __call__
    await self.middleware_stack(scope, receive, send)
  File "/Users/sachinmishra/Desktop/MCP/.venv/lib/python3.12/site-packages/starlette/middleware/errors.py", line 186, in __call__
    raise exc
  File "/Users/sachinmishra/Desktop/MCP/.venv/lib/python3.12/site-packages/starlette/middleware/errors.py", line 164, in __call__
    await self.app(scope, receive, _send)
  File "/Users/sachinmishra/Desktop/MCP/.venv/lib/python3.12/site-packages/starlette/middleware/exceptions.py", line 63, in __call__
    await wrap_app_handling_exceptions(self.app, conn)(scope, receive, send)
  File "/Users/sachinmishra/Desktop/MCP/.venv/lib/python3.12/site-packages/starlette/_exception_handler.py", line 53, in wrapped_app
    raise exc
  File "/Users/sachinmishra/Desktop/MCP/.venv/lib/python3.12/site-packages/starlette/_exception_handler.py", line 42, in wrapped_app
    await app(scope, receive, sender)
  File "/Users/sachinmishra/Desktop/MCP/.venv/lib/python3.12/site-packages/fastapi/middleware/asyncexitstack.py", line 18, in __call__
    await self.app(scope, receive, send)
  File "/Users/sachinmishra/Desktop/MCP/.venv/lib/python3.12/site-packages/starlette/routing.py", line 716, in __call__
    await self.middleware_stack(scope, receive, send)
  File "/Users/sachinmishra/Desktop/MCP/.venv/lib/python3.12/site-packages/starlette/routing.py", line 736, in app
    await route.handle(scope, receive, send)
  File "/Users/sachinmishra/Desktop/MCP/.venv/lib/python3.12/site-packages/starlette/routing.py", line 290, in handle
    await self.app(scope, receive, send)
  File "/Users/sachinmishra/Desktop/MCP/.venv/lib/python3.12/site-packages/fastapi/routing.py", line 121, in app
    await wrap_app_handling_exceptions(app, request)(scope, receive, send)
  File "/Users/sachinmishra/Desktop/MCP/.venv/lib/python3.12/site-packages/starlette/_exception_handler.py", line 53, in wrapped_app
    raise exc
  File "/Users/sachinmishra/Desktop/MCP/.venv/lib/python3.12/site-packages/starlette/_exception_handler.py", line 42, in wrapped_app
    await app(scope, receive, sender)
  File "/Users/sachinmishra/Desktop/MCP/.venv/lib/python3.12/site-packages/fastapi/routing.py", line 107, in app
    response = await f(request)
               ^^^^^^^^^^^^^^^^
  File "/Users/sachinmishra/Desktop/MCP/.venv/lib/python3.12/site-packages/fastapi/routing.py", line 426, in app
    raw_response = await run_endpoint_function(
                   ^^^^^^^^^^^^^^^^^^^^^^^^^^^^
  File "/Users/sachinmishra/Desktop/MCP/.venv/lib/python3.12/site-packages/fastapi/routing.py", line 314, in run_endpoint_function
    return await dependant.call(**values)
           ^^^^^^^^^^^^^^^^^^^^^^^^^^^^^^
  File "/Users/sachinmishra/Desktop/MCP/health-monitor/backend/main.py", line 45, in ingest_vital
    await session.commit()
  File "/Users/sachinmishra/Desktop/MCP/.venv/lib/python3.12/site-packages/sqlalchemy/ext/asyncio/session.py", line 1000, in commit
    await greenlet_spawn(self.sync_session.commit)
  File "/Users/sachinmishra/Desktop/MCP/.venv/lib/python3.12/site-packages/sqlalchemy/util/_concurrency_py3k.py", line 203, in greenlet_spawn
    result = context.switch(value)
             ^^^^^^^^^^^^^^^^^^^^^
  File "/Users/sachinmishra/Desktop/MCP/.venv/lib/python3.12/site-packages/sqlalchemy/orm/session.py", line 2030, in commit
    trans.commit(_to_root=True)
  File "<string>", line 2, in commit
  File "/Users/sachinmishra/Desktop/MCP/.venv/lib/python3.12/site-packages/sqlalchemy/orm/state_changes.py", line 137, in _go
    ret_value = fn(self, *arg, **kw)
                ^^^^^^^^^^^^^^^^^^^^
  File "/Users/sachinmishra/Desktop/MCP/.venv/lib/python3.12/site-packages/sqlalchemy/orm/session.py", line 1311, in commit
    self._prepare_impl()
  File "<string>", line 2, in _prepare_impl
  File "/Users/sachinmishra/Desktop/MCP/.venv/lib/python3.12/site-packages/sqlalchemy/orm/state_changes.py", line 137, in _go
    ret_value = fn(self, *arg, **kw)
                ^^^^^^^^^^^^^^^^^^^^
  File "/Users/sachinmishra/Desktop/MCP/.venv/lib/python3.12/site-packages/sqlalchemy/orm/session.py", line 1286, in _prepare_impl
    self.session.flush()
  File "/Users/sachinmishra/Desktop/MCP/.venv/lib/python3.12/site-packages/sqlalchemy/orm/session.py", line 4331, in flush
    self._flush(objects)
  File "/Users/sachinmishra/Desktop/MCP/.venv/lib/python3.12/site-packages/sqlalchemy/orm/session.py", line 4466, in _flush
    with util.safe_reraise():
  File "/Users/sachinmishra/Desktop/MCP/.venv/lib/python3.12/site-packages/sqlalchemy/util/langhelpers.py", line 224, in __exit__
    raise exc_value.with_traceback(exc_tb)
  File "/Users/sachinmishra/Desktop/MCP/.venv/lib/python3.12/site-packages/sqlalchemy/orm/session.py", line 4427, in _flush
    flush_context.execute()
  File "/Users/sachinmishra/Desktop/MCP/.venv/lib/python3.12/site-packages/sqlalchemy/orm/unitofwork.py", line 466, in execute
    rec.execute(self)
  File "/Users/sachinmishra/Desktop/MCP/.venv/lib/python3.12/site-packages/sqlalchemy/orm/unitofwork.py", line 642, in execute
    util.preloaded.orm_persistence.save_obj(
  File "/Users/sachinmishra/Desktop/MCP/.venv/lib/python3.12/site-packages/sqlalchemy/orm/persistence.py", line 93, in save_obj
    _emit_insert_statements(
  File "/Users/sachinmishra/Desktop/MCP/.venv/lib/python3.12/site-packages/sqlalchemy/orm/persistence.py", line 1048, in _emit_insert_statements
    result = connection.execute(
             ^^^^^^^^^^^^^^^^^^^
  File "/Users/sachinmishra/Desktop/MCP/.venv/lib/python3.12/site-packages/sqlalchemy/engine/base.py", line 1419, in execute
    return meth(
           ^^^^^
  File "/Users/sachinmishra/Desktop/MCP/.venv/lib/python3.12/site-packages/sqlalchemy/sql/elements.py", line 527, in _execute_on_connection
    return connection._execute_clauseelement(
           ^^^^^^^^^^^^^^^^^^^^^^^^^^^^^^^^^^
  File "/Users/sachinmishra/Desktop/MCP/.venv/lib/python3.12/site-packages/sqlalchemy/engine/base.py", line 1641, in _execute_clauseelement
    ret = self._execute_context(
          ^^^^^^^^^^^^^^^^^^^^^^
  File "/Users/sachinmishra/Desktop/MCP/.venv/lib/python3.12/site-packages/sqlalchemy/engine/base.py", line 1846, in _execute_context
    return self._exec_single_context(
           ^^^^^^^^^^^^^^^^^^^^^^^^^^
  File "/Users/sachinmishra/Desktop/MCP/.venv/lib/python3.12/site-packages/sqlalchemy/engine/base.py", line 1986, in _exec_single_context
    self._handle_dbapi_exception(
  File "/Users/sachinmishra/Desktop/MCP/.venv/lib/python3.12/site-packages/sqlalchemy/engine/base.py", line 2363, in _handle_dbapi_exception
    raise sqlalchemy_exception.with_traceback(exc_info[2]) from e
  File "/Users/sachinmishra/Desktop/MCP/.venv/lib/python3.12/site-packages/sqlalchemy/engine/base.py", line 1967, in _exec_single_context
    self.dialect.do_execute(
  File "/Users/sachinmishra/Desktop/MCP/.venv/lib/python3.12/site-packages/sqlalchemy/engine/default.py", line 952, in do_execute
    cursor.execute(statement, parameters)
  File "/Users/sachinmishra/Desktop/MCP/.venv/lib/python3.12/site-packages/sqlalchemy/dialects/postgresql/asyncpg.py", line 585, in execute
    self._adapt_connection.await_(
  File "/Users/sachinmishra/Desktop/MCP/.venv/lib/python3.12/site-packages/sqlalchemy/util/_concurrency_py3k.py", line 132, in await_only
    return current.parent.switch(awaitable)  # type: ignore[no-any-return,attr-defined] # noqa: E501
           ^^^^^^^^^^^^^^^^^^^^^^^^^^^^^^^^
  File "/Users/sachinmishra/Desktop/MCP/.venv/lib/python3.12/site-packages/sqlalchemy/util/_concurrency_py3k.py", line 196, in greenlet_spawn
    value = await result
            ^^^^^^^^^^^^
  File "/Users/sachinmishra/Desktop/MCP/.venv/lib/python3.12/site-packages/sqlalchemy/dialects/postgresql/asyncpg.py", line 563, in _prepare_and_execute
    self._handle_exception(error)
  File "/Users/sachinmishra/Desktop/MCP/.venv/lib/python3.12/site-packages/sqlalchemy/dialects/postgresql/asyncpg.py", line 513, in _handle_exception
    self._adapt_connection._handle_exception(error)
  File "/Users/sachinmishra/Desktop/MCP/.venv/lib/python3.12/site-packages/sqlalchemy/dialects/postgresql/asyncpg.py", line 797, in _handle_exception
    raise translated_error from error
sqlalchemy.exc.DBAPIError: (sqlalchemy.dialects.postgresql.asyncpg.Error) <class 'asyncpg.exceptions.DataError'>: invalid input for query argument $5: datetime.datetime(2026, 2, 10, 16, 1, 33... (can't subtract offset-naive and offset-aware datetimes)
[SQL: INSERT INTO vital (id, user_id, metric, value, timestamp) VALUES ($1::UUID, $2::UUID, $3::VARCHAR, $4::FLOAT, $5::TIMESTAMP WITHOUT TIME ZONE)]
[parameters: (UUID('34faf3bb-0a3a-41c7-a743-ec0dfa9ac7d4'), UUID('f21c4163-ffd3-4b2b-837e-52990335c8d9'), 'glucose', 114.0, datetime.datetime(2026, 2, 10, 16, 1, 33, 362150, tzinfo=datetime.timezone.utc))]
(Background on this error at: https://sqlalche.me/e/20/dbapi)
INFO:     127.0.0.1:57399 - "POST /vitals HTTP/1.1" 500 Internal Server Error
ERROR:    Exception in ASGI application
Traceback (most recent call last):
  File "asyncpg/protocol/prepared_stmt.pyx", line 175, in asyncpg.protocol.protocol.PreparedStatementState._encode_bind_msg
  File "asyncpg/protocol/codecs/base.pyx", line 251, in asyncpg.protocol.protocol.Codec.encode
  File "asyncpg/protocol/codecs/base.pyx", line 153, in asyncpg.protocol.protocol.Codec.encode_scalar
  File "asyncpg/pgproto/codecs/datetime.pyx", line 152, in asyncpg.pgproto.pgproto.timestamp_encode
TypeError: can't subtract offset-naive and offset-aware datetimes

The above exception was the direct cause of the following exception:

Traceback (most recent call last):
  File "/Users/sachinmishra/Desktop/MCP/.venv/lib/python3.12/site-packages/sqlalchemy/dialects/postgresql/asyncpg.py", line 550, in _prepare_and_execute
    self._rows = deque(await prepared_stmt.fetch(*parameters))
                       ^^^^^^^^^^^^^^^^^^^^^^^^^^^^^^^^^^^^^^
  File "/Users/sachinmishra/Desktop/MCP/.venv/lib/python3.12/site-packages/asyncpg/prepared_stmt.py", line 177, in fetch
    data = await self.__bind_execute(args, 0, timeout)
           ^^^^^^^^^^^^^^^^^^^^^^^^^^^^^^^^^^^^^^^^^^^
  File "/Users/sachinmishra/Desktop/MCP/.venv/lib/python3.12/site-packages/asyncpg/prepared_stmt.py", line 268, in __bind_execute
    data, status, _ = await self.__do_execute(
                      ^^^^^^^^^^^^^^^^^^^^^^^^
  File "/Users/sachinmishra/Desktop/MCP/.venv/lib/python3.12/site-packages/asyncpg/prepared_stmt.py", line 257, in __do_execute
    return await executor(protocol)
           ^^^^^^^^^^^^^^^^^^^^^^^^
  File "asyncpg/protocol/protocol.pyx", line 184, in bind_execute
  File "asyncpg/protocol/prepared_stmt.pyx", line 204, in asyncpg.protocol.protocol.PreparedStatementState._encode_bind_msg
asyncpg.exceptions.DataError: invalid input for query argument $5: datetime.datetime(2026, 2, 10, 16, 1, 33... (can't subtract offset-naive and offset-aware datetimes)

The above exception was the direct cause of the following exception:

Traceback (most recent call last):
  File "/Users/sachinmishra/Desktop/MCP/.venv/lib/python3.12/site-packages/sqlalchemy/engine/base.py", line 1967, in _exec_single_context
    self.dialect.do_execute(
  File "/Users/sachinmishra/Desktop/MCP/.venv/lib/python3.12/site-packages/sqlalchemy/engine/default.py", line 952, in do_execute
    cursor.execute(statement, parameters)
  File "/Users/sachinmishra/Desktop/MCP/.venv/lib/python3.12/site-packages/sqlalchemy/dialects/postgresql/asyncpg.py", line 585, in execute
    self._adapt_connection.await_(
  File "/Users/sachinmishra/Desktop/MCP/.venv/lib/python3.12/site-packages/sqlalchemy/util/_concurrency_py3k.py", line 132, in await_only
    return current.parent.switch(awaitable)  # type: ignore[no-any-return,attr-defined] # noqa: E501
           ^^^^^^^^^^^^^^^^^^^^^^^^^^^^^^^^
  File "/Users/sachinmishra/Desktop/MCP/.venv/lib/python3.12/site-packages/sqlalchemy/util/_concurrency_py3k.py", line 196, in greenlet_spawn
    value = await result
            ^^^^^^^^^^^^
  File "/Users/sachinmishra/Desktop/MCP/.venv/lib/python3.12/site-packages/sqlalchemy/dialects/postgresql/asyncpg.py", line 563, in _prepare_and_execute
    self._handle_exception(error)
  File "/Users/sachinmishra/Desktop/MCP/.venv/lib/python3.12/site-packages/sqlalchemy/dialects/postgresql/asyncpg.py", line 513, in _handle_exception
    self._adapt_connection._handle_exception(error)
  File "/Users/sachinmishra/Desktop/MCP/.venv/lib/python3.12/site-packages/sqlalchemy/dialects/postgresql/asyncpg.py", line 797, in _handle_exception
    raise translated_error from error
sqlalchemy.dialects.postgresql.asyncpg.AsyncAdapt_asyncpg_dbapi.Error: <class 'asyncpg.exceptions.DataError'>: invalid input for query argument $5: datetime.datetime(2026, 2, 10, 16, 1, 33... (can't subtract offset-naive and offset-aware datetimes)

The above exception was the direct cause of the following exception:

Traceback (most recent call last):
  File "/Users/sachinmishra/Desktop/MCP/.venv/lib/python3.12/site-packages/uvicorn/protocols/http/httptools_impl.py", line 416, in run_asgi
    result = await app(  # type: ignore[func-returns-value]
             ^^^^^^^^^^^^^^^^^^^^^^^^^^^^^^^^^^^^^^^^^^^^^^
  File "/Users/sachinmishra/Desktop/MCP/.venv/lib/python3.12/site-packages/uvicorn/middleware/proxy_headers.py", line 60, in __call__
    return await self.app(scope, receive, send)
           ^^^^^^^^^^^^^^^^^^^^^^^^^^^^^^^^^^^^
  File "/Users/sachinmishra/Desktop/MCP/.venv/lib/python3.12/site-packages/fastapi/applications.py", line 1138, in __call__
    await super().__call__(scope, receive, send)
  File "/Users/sachinmishra/Desktop/MCP/.venv/lib/python3.12/site-packages/starlette/applications.py", line 107, in __call__
    await self.middleware_stack(scope, receive, send)
  File "/Users/sachinmishra/Desktop/MCP/.venv/lib/python3.12/site-packages/starlette/middleware/errors.py", line 186, in __call__
    raise exc
  File "/Users/sachinmishra/Desktop/MCP/.venv/lib/python3.12/site-packages/starlette/middleware/errors.py", line 164, in __call__
    await self.app(scope, receive, _send)
  File "/Users/sachinmishra/Desktop/MCP/.venv/lib/python3.12/site-packages/starlette/middleware/exceptions.py", line 63, in __call__
    await wrap_app_handling_exceptions(self.app, conn)(scope, receive, send)
  File "/Users/sachinmishra/Desktop/MCP/.venv/lib/python3.12/site-packages/starlette/_exception_handler.py", line 53, in wrapped_app
    raise exc
  File "/Users/sachinmishra/Desktop/MCP/.venv/lib/python3.12/site-packages/starlette/_exception_handler.py", line 42, in wrapped_app
    await app(scope, receive, sender)
  File "/Users/sachinmishra/Desktop/MCP/.venv/lib/python3.12/site-packages/fastapi/middleware/asyncexitstack.py", line 18, in __call__
    await self.app(scope, receive, send)
  File "/Users/sachinmishra/Desktop/MCP/.venv/lib/python3.12/site-packages/starlette/routing.py", line 716, in __call__
    await self.middleware_stack(scope, receive, send)
  File "/Users/sachinmishra/Desktop/MCP/.venv/lib/python3.12/site-packages/starlette/routing.py", line 736, in app
    await route.handle(scope, receive, send)
  File "/Users/sachinmishra/Desktop/MCP/.venv/lib/python3.12/site-packages/starlette/routing.py", line 290, in handle
    await self.app(scope, receive, send)
  File "/Users/sachinmishra/Desktop/MCP/.venv/lib/python3.12/site-packages/fastapi/routing.py", line 121, in app
    await wrap_app_handling_exceptions(app, request)(scope, receive, send)
  File "/Users/sachinmishra/Desktop/MCP/.venv/lib/python3.12/site-packages/starlette/_exception_handler.py", line 53, in wrapped_app
    raise exc
  File "/Users/sachinmishra/Desktop/MCP/.venv/lib/python3.12/site-packages/starlette/_exception_handler.py", line 42, in wrapped_app
    await app(scope, receive, sender)
  File "/Users/sachinmishra/Desktop/MCP/.venv/lib/python3.12/site-packages/fastapi/routing.py", line 107, in app
    response = await f(request)
               ^^^^^^^^^^^^^^^^
  File "/Users/sachinmishra/Desktop/MCP/.venv/lib/python3.12/site-packages/fastapi/routing.py", line 426, in app
    raw_response = await run_endpoint_function(
                   ^^^^^^^^^^^^^^^^^^^^^^^^^^^^
  File "/Users/sachinmishra/Desktop/MCP/.venv/lib/python3.12/site-packages/fastapi/routing.py", line 314, in run_endpoint_function
    return await dependant.call(**values)
           ^^^^^^^^^^^^^^^^^^^^^^^^^^^^^^
  File "/Users/sachinmishra/Desktop/MCP/health-monitor/backend/main.py", line 45, in ingest_vital
    await session.commit()
  File "/Users/sachinmishra/Desktop/MCP/.venv/lib/python3.12/site-packages/sqlalchemy/ext/asyncio/session.py", line 1000, in commit
    await greenlet_spawn(self.sync_session.commit)
  File "/Users/sachinmishra/Desktop/MCP/.venv/lib/python3.12/site-packages/sqlalchemy/util/_concurrency_py3k.py", line 203, in greenlet_spawn
    result = context.switch(value)
             ^^^^^^^^^^^^^^^^^^^^^
  File "/Users/sachinmishra/Desktop/MCP/.venv/lib/python3.12/site-packages/sqlalchemy/orm/session.py", line 2030, in commit
    trans.commit(_to_root=True)
  File "<string>", line 2, in commit
  File "/Users/sachinmishra/Desktop/MCP/.venv/lib/python3.12/site-packages/sqlalchemy/orm/state_changes.py", line 137, in _go
    ret_value = fn(self, *arg, **kw)
                ^^^^^^^^^^^^^^^^^^^^
  File "/Users/sachinmishra/Desktop/MCP/.venv/lib/python3.12/site-packages/sqlalchemy/orm/session.py", line 1311, in commit
    self._prepare_impl()
  File "<string>", line 2, in _prepare_impl
  File "/Users/sachinmishra/Desktop/MCP/.venv/lib/python3.12/site-packages/sqlalchemy/orm/state_changes.py", line 137, in _go
    ret_value = fn(self, *arg, **kw)
                ^^^^^^^^^^^^^^^^^^^^
  File "/Users/sachinmishra/Desktop/MCP/.venv/lib/python3.12/site-packages/sqlalchemy/orm/session.py", line 1286, in _prepare_impl
    self.session.flush()
  File "/Users/sachinmishra/Desktop/MCP/.venv/lib/python3.12/site-packages/sqlalchemy/orm/session.py", line 4331, in flush
    self._flush(objects)
  File "/Users/sachinmishra/Desktop/MCP/.venv/lib/python3.12/site-packages/sqlalchemy/orm/session.py", line 4466, in _flush
    with util.safe_reraise():
  File "/Users/sachinmishra/Desktop/MCP/.venv/lib/python3.12/site-packages/sqlalchemy/util/langhelpers.py", line 224, in __exit__
    raise exc_value.with_traceback(exc_tb)
  File "/Users/sachinmishra/Desktop/MCP/.venv/lib/python3.12/site-packages/sqlalchemy/orm/session.py", line 4427, in _flush
    flush_context.execute()
  File "/Users/sachinmishra/Desktop/MCP/.venv/lib/python3.12/site-packages/sqlalchemy/orm/unitofwork.py", line 466, in execute
    rec.execute(self)
  File "/Users/sachinmishra/Desktop/MCP/.venv/lib/python3.12/site-packages/sqlalchemy/orm/unitofwork.py", line 642, in execute
    util.preloaded.orm_persistence.save_obj(
  File "/Users/sachinmishra/Desktop/MCP/.venv/lib/python3.12/site-packages/sqlalchemy/orm/persistence.py", line 93, in save_obj
    _emit_insert_statements(
  File "/Users/sachinmishra/Desktop/MCP/.venv/lib/python3.12/site-packages/sqlalchemy/orm/persistence.py", line 1048, in _emit_insert_statements
    result = connection.execute(
             ^^^^^^^^^^^^^^^^^^^
  File "/Users/sachinmishra/Desktop/MCP/.venv/lib/python3.12/site-packages/sqlalchemy/engine/base.py", line 1419, in execute
    return meth(
           ^^^^^
  File "/Users/sachinmishra/Desktop/MCP/.venv/lib/python3.12/site-packages/sqlalchemy/sql/elements.py", line 527, in _execute_on_connection
    return connection._execute_clauseelement(
           ^^^^^^^^^^^^^^^^^^^^^^^^^^^^^^^^^^
  File "/Users/sachinmishra/Desktop/MCP/.venv/lib/python3.12/site-packages/sqlalchemy/engine/base.py", line 1641, in _execute_clauseelement
    ret = self._execute_context(
          ^^^^^^^^^^^^^^^^^^^^^^
  File "/Users/sachinmishra/Desktop/MCP/.venv/lib/python3.12/site-packages/sqlalchemy/engine/base.py", line 1846, in _execute_context
    return self._exec_single_context(
           ^^^^^^^^^^^^^^^^^^^^^^^^^^
  File "/Users/sachinmishra/Desktop/MCP/.venv/lib/python3.12/site-packages/sqlalchemy/engine/base.py", line 1986, in _exec_single_context
    self._handle_dbapi_exception(
  File "/Users/sachinmishra/Desktop/MCP/.venv/lib/python3.12/site-packages/sqlalchemy/engine/base.py", line 2363, in _handle_dbapi_exception
    raise sqlalchemy_exception.with_traceback(exc_info[2]) from e
  File "/Users/sachinmishra/Desktop/MCP/.venv/lib/python3.12/site-packages/sqlalchemy/engine/base.py", line 1967, in _exec_single_context
    self.dialect.do_execute(
  File "/Users/sachinmishra/Desktop/MCP/.venv/lib/python3.12/site-packages/sqlalchemy/engine/default.py", line 952, in do_execute
    cursor.execute(statement, parameters)
  File "/Users/sachinmishra/Desktop/MCP/.venv/lib/python3.12/site-packages/sqlalchemy/dialects/postgresql/asyncpg.py", line 585, in execute
    self._adapt_connection.await_(
  File "/Users/sachinmishra/Desktop/MCP/.venv/lib/python3.12/site-packages/sqlalchemy/util/_concurrency_py3k.py", line 132, in await_only
    return current.parent.switch(awaitable)  # type: ignore[no-any-return,attr-defined] # noqa: E501
           ^^^^^^^^^^^^^^^^^^^^^^^^^^^^^^^^
  File "/Users/sachinmishra/Desktop/MCP/.venv/lib/python3.12/site-packages/sqlalchemy/util/_concurrency_py3k.py", line 196, in greenlet_spawn
    value = await result
            ^^^^^^^^^^^^
  File "/Users/sachinmishra/Desktop/MCP/.venv/lib/python3.12/site-packages/sqlalchemy/dialects/postgresql/asyncpg.py", line 563, in _prepare_and_execute
    self._handle_exception(error)
  File "/Users/sachinmishra/Desktop/MCP/.venv/lib/python3.12/site-packages/sqlalchemy/dialects/postgresql/asyncpg.py", line 513, in _handle_exception
    self._adapt_connection._handle_exception(error)
  File "/Users/sachinmishra/Desktop/MCP/.venv/lib/python3.12/site-packages/sqlalchemy/dialects/postgresql/asyncpg.py", line 797, in _handle_exception
    raise translated_error from error
sqlalchemy.exc.DBAPIError: (sqlalchemy.dialects.postgresql.asyncpg.Error) <class 'asyncpg.exceptions.DataError'>: invalid input for query argument $5: datetime.datetime(2026, 2, 10, 16, 1, 33... (can't subtract offset-naive and offset-aware datetimes)
[SQL: INSERT INTO vital (id, user_id, metric, value, timestamp) VALUES ($1::UUID, $2::UUID, $3::VARCHAR, $4::FLOAT, $5::TIMESTAMP WITHOUT TIME ZONE)]
[parameters: (UUID('ada7c976-6c73-4e85-b8ba-9bcb28558485'), UUID('f21c4163-ffd3-4b2b-837e-52990335c8d9'), 'heart_rate', 72.0, datetime.datetime(2026, 2, 10, 16, 1, 33, 819957, tzinfo=datetime.timezone.utc))]
(Background on this error at: https://sqlalche.me/e/20/dbapi)
INFO:     127.0.0.1:57401 - "POST /vitals HTTP/1.1" 500 Internal Server Error
ERROR:    Exception in ASGI application
Traceback (most recent call last):
  File "asyncpg/protocol/prepared_stmt.pyx", line 175, in asyncpg.protocol.protocol.PreparedStatementState._encode_bind_msg
  File "asyncpg/protocol/codecs/base.pyx", line 251, in asyncpg.protocol.protocol.Codec.encode
  File "asyncpg/protocol/codecs/base.pyx", line 153, in asyncpg.protocol.protocol.Codec.encode_scalar
  File "asyncpg/pgproto/codecs/datetime.pyx", line 152, in asyncpg.pgproto.pgproto.timestamp_encode
TypeError: can't subtract offset-naive and offset-aware datetimes

The above exception was the direct cause of the following exception:

Traceback (most recent call last):
  File "/Users/sachinmishra/Desktop/MCP/.venv/lib/python3.12/site-packages/sqlalchemy/dialects/postgresql/asyncpg.py", line 550, in _prepare_and_execute
    self._rows = deque(await prepared_stmt.fetch(*parameters))
                       ^^^^^^^^^^^^^^^^^^^^^^^^^^^^^^^^^^^^^^
  File "/Users/sachinmishra/Desktop/MCP/.venv/lib/python3.12/site-packages/asyncpg/prepared_stmt.py", line 177, in fetch
    data = await self.__bind_execute(args, 0, timeout)
           ^^^^^^^^^^^^^^^^^^^^^^^^^^^^^^^^^^^^^^^^^^^
  File "/Users/sachinmishra/Desktop/MCP/.venv/lib/python3.12/site-packages/asyncpg/prepared_stmt.py", line 268, in __bind_execute
    data, status, _ = await self.__do_execute(
                      ^^^^^^^^^^^^^^^^^^^^^^^^
  File "/Users/sachinmishra/Desktop/MCP/.venv/lib/python3.12/site-packages/asyncpg/prepared_stmt.py", line 257, in __do_execute
    return await executor(protocol)
           ^^^^^^^^^^^^^^^^^^^^^^^^
  File "asyncpg/protocol/protocol.pyx", line 184, in bind_execute
  File "asyncpg/protocol/prepared_stmt.pyx", line 204, in asyncpg.protocol.protocol.PreparedStatementState._encode_bind_msg
asyncpg.exceptions.DataError: invalid input for query argument $5: datetime.datetime(2026, 2, 10, 16, 1, 35... (can't subtract offset-naive and offset-aware datetimes)

The above exception was the direct cause of the following exception:

Traceback (most recent call last):
  File "/Users/sachinmishra/Desktop/MCP/.venv/lib/python3.12/site-packages/sqlalchemy/engine/base.py", line 1967, in _exec_single_context
    self.dialect.do_execute(
  File "/Users/sachinmishra/Desktop/MCP/.venv/lib/python3.12/site-packages/sqlalchemy/engine/default.py", line 952, in do_execute
    cursor.execute(statement, parameters)
  File "/Users/sachinmishra/Desktop/MCP/.venv/lib/python3.12/site-packages/sqlalchemy/dialects/postgresql/asyncpg.py", line 585, in execute
    self._adapt_connection.await_(
  File "/Users/sachinmishra/Desktop/MCP/.venv/lib/python3.12/site-packages/sqlalchemy/util/_concurrency_py3k.py", line 132, in await_only
    return current.parent.switch(awaitable)  # type: ignore[no-any-return,attr-defined] # noqa: E501
           ^^^^^^^^^^^^^^^^^^^^^^^^^^^^^^^^
  File "/Users/sachinmishra/Desktop/MCP/.venv/lib/python3.12/site-packages/sqlalchemy/util/_concurrency_py3k.py", line 196, in greenlet_spawn
    value = await result
            ^^^^^^^^^^^^
  File "/Users/sachinmishra/Desktop/MCP/.venv/lib/python3.12/site-packages/sqlalchemy/dialects/postgresql/asyncpg.py", line 563, in _prepare_and_execute
    self._handle_exception(error)
  File "/Users/sachinmishra/Desktop/MCP/.venv/lib/python3.12/site-packages/sqlalchemy/dialects/postgresql/asyncpg.py", line 513, in _handle_exception
    self._adapt_connection._handle_exception(error)
  File "/Users/sachinmishra/Desktop/MCP/.venv/lib/python3.12/site-packages/sqlalchemy/dialects/postgresql/asyncpg.py", line 797, in _handle_exception
    raise translated_error from error
sqlalchemy.dialects.postgresql.asyncpg.AsyncAdapt_asyncpg_dbapi.Error: <class 'asyncpg.exceptions.DataError'>: invalid input for query argument $5: datetime.datetime(2026, 2, 10, 16, 1, 35... (can't subtract offset-naive and offset-aware datetimes)

The above exception was the direct cause of the following exception:

Traceback (most recent call last):
  File "/Users/sachinmishra/Desktop/MCP/.venv/lib/python3.12/site-packages/uvicorn/protocols/http/httptools_impl.py", line 416, in run_asgi
    result = await app(  # type: ignore[func-returns-value]
             ^^^^^^^^^^^^^^^^^^^^^^^^^^^^^^^^^^^^^^^^^^^^^^
  File "/Users/sachinmishra/Desktop/MCP/.venv/lib/python3.12/site-packages/uvicorn/middleware/proxy_headers.py", line 60, in __call__
    return await self.app(scope, receive, send)
           ^^^^^^^^^^^^^^^^^^^^^^^^^^^^^^^^^^^^
  File "/Users/sachinmishra/Desktop/MCP/.venv/lib/python3.12/site-packages/fastapi/applications.py", line 1138, in __call__
    await super().__call__(scope, receive, send)
  File "/Users/sachinmishra/Desktop/MCP/.venv/lib/python3.12/site-packages/starlette/applications.py", line 107, in __call__
    await self.middleware_stack(scope, receive, send)
  File "/Users/sachinmishra/Desktop/MCP/.venv/lib/python3.12/site-packages/starlette/middleware/errors.py", line 186, in __call__
    raise exc
  File "/Users/sachinmishra/Desktop/MCP/.venv/lib/python3.12/site-packages/starlette/middleware/errors.py", line 164, in __call__
    await self.app(scope, receive, _send)
  File "/Users/sachinmishra/Desktop/MCP/.venv/lib/python3.12/site-packages/starlette/middleware/exceptions.py", line 63, in __call__
    await wrap_app_handling_exceptions(self.app, conn)(scope, receive, send)
  File "/Users/sachinmishra/Desktop/MCP/.venv/lib/python3.12/site-packages/starlette/_exception_handler.py", line 53, in wrapped_app
    raise exc
  File "/Users/sachinmishra/Desktop/MCP/.venv/lib/python3.12/site-packages/starlette/_exception_handler.py", line 42, in wrapped_app
    await app(scope, receive, sender)
  File "/Users/sachinmishra/Desktop/MCP/.venv/lib/python3.12/site-packages/fastapi/middleware/asyncexitstack.py", line 18, in __call__
    await self.app(scope, receive, send)
  File "/Users/sachinmishra/Desktop/MCP/.venv/lib/python3.12/site-packages/starlette/routing.py", line 716, in __call__
    await self.middleware_stack(scope, receive, send)
  File "/Users/sachinmishra/Desktop/MCP/.venv/lib/python3.12/site-packages/starlette/routing.py", line 736, in app
    await route.handle(scope, receive, send)
  File "/Users/sachinmishra/Desktop/MCP/.venv/lib/python3.12/site-packages/starlette/routing.py", line 290, in handle
    await self.app(scope, receive, send)
  File "/Users/sachinmishra/Desktop/MCP/.venv/lib/python3.12/site-packages/fastapi/routing.py", line 121, in app
    await wrap_app_handling_exceptions(app, request)(scope, receive, send)
  File "/Users/sachinmishra/Desktop/MCP/.venv/lib/python3.12/site-packages/starlette/_exception_handler.py", line 53, in wrapped_app
    raise exc
  File "/Users/sachinmishra/Desktop/MCP/.venv/lib/python3.12/site-packages/starlette/_exception_handler.py", line 42, in wrapped_app
    await app(scope, receive, sender)
  File "/Users/sachinmishra/Desktop/MCP/.venv/lib/python3.12/site-packages/fastapi/routing.py", line 107, in app
    response = await f(request)
               ^^^^^^^^^^^^^^^^
  File "/Users/sachinmishra/Desktop/MCP/.venv/lib/python3.12/site-packages/fastapi/routing.py", line 426, in app
    raw_response = await run_endpoint_function(
                   ^^^^^^^^^^^^^^^^^^^^^^^^^^^^
  File "/Users/sachinmishra/Desktop/MCP/.venv/lib/python3.12/site-packages/fastapi/routing.py", line 314, in run_endpoint_function
    return await dependant.call(**values)
           ^^^^^^^^^^^^^^^^^^^^^^^^^^^^^^
  File "/Users/sachinmishra/Desktop/MCP/health-monitor/backend/main.py", line 45, in ingest_vital
    await session.commit()
  File "/Users/sachinmishra/Desktop/MCP/.venv/lib/python3.12/site-packages/sqlalchemy/ext/asyncio/session.py", line 1000, in commit
    await greenlet_spawn(self.sync_session.commit)
  File "/Users/sachinmishra/Desktop/MCP/.venv/lib/python3.12/site-packages/sqlalchemy/util/_concurrency_py3k.py", line 203, in greenlet_spawn
    result = context.switch(value)
             ^^^^^^^^^^^^^^^^^^^^^
  File "/Users/sachinmishra/Desktop/MCP/.venv/lib/python3.12/site-packages/sqlalchemy/orm/session.py", line 2030, in commit
    trans.commit(_to_root=True)
  File "<string>", line 2, in commit
  File "/Users/sachinmishra/Desktop/MCP/.venv/lib/python3.12/site-packages/sqlalchemy/orm/state_changes.py", line 137, in _go
    ret_value = fn(self, *arg, **kw)
                ^^^^^^^^^^^^^^^^^^^^
  File "/Users/sachinmishra/Desktop/MCP/.venv/lib/python3.12/site-packages/sqlalchemy/orm/session.py", line 1311, in commit
    self._prepare_impl()
  File "<string>", line 2, in _prepare_impl
  File "/Users/sachinmishra/Desktop/MCP/.venv/lib/python3.12/site-packages/sqlalchemy/orm/state_changes.py", line 137, in _go
    ret_value = fn(self, *arg, **kw)
                ^^^^^^^^^^^^^^^^^^^^
  File "/Users/sachinmishra/Desktop/MCP/.venv/lib/python3.12/site-packages/sqlalchemy/orm/session.py", line 1286, in _prepare_impl
    self.session.flush()
  File "/Users/sachinmishra/Desktop/MCP/.venv/lib/python3.12/site-packages/sqlalchemy/orm/session.py", line 4331, in flush
    self._flush(objects)
  File "/Users/sachinmishra/Desktop/MCP/.venv/lib/python3.12/site-packages/sqlalchemy/orm/session.py", line 4466, in _flush
    with util.safe_reraise():
  File "/Users/sachinmishra/Desktop/MCP/.venv/lib/python3.12/site-packages/sqlalchemy/util/langhelpers.py", line 224, in __exit__
    raise exc_value.with_traceback(exc_tb)
  File "/Users/sachinmishra/Desktop/MCP/.venv/lib/python3.12/site-packages/sqlalchemy/orm/session.py", line 4427, in _flush
    flush_context.execute()
  File "/Users/sachinmishra/Desktop/MCP/.venv/lib/python3.12/site-packages/sqlalchemy/orm/unitofwork.py", line 466, in execute
    rec.execute(self)
  File "/Users/sachinmishra/Desktop/MCP/.venv/lib/python3.12/site-packages/sqlalchemy/orm/unitofwork.py", line 642, in execute
    util.preloaded.orm_persistence.save_obj(
  File "/Users/sachinmishra/Desktop/MCP/.venv/lib/python3.12/site-packages/sqlalchemy/orm/persistence.py", line 93, in save_obj
    _emit_insert_statements(
  File "/Users/sachinmishra/Desktop/MCP/.venv/lib/python3.12/site-packages/sqlalchemy/orm/persistence.py", line 1048, in _emit_insert_statements
    result = connection.execute(
             ^^^^^^^^^^^^^^^^^^^
  File "/Users/sachinmishra/Desktop/MCP/.venv/lib/python3.12/site-packages/sqlalchemy/engine/base.py", line 1419, in execute
    return meth(
           ^^^^^
  File "/Users/sachinmishra/Desktop/MCP/.venv/lib/python3.12/site-packages/sqlalchemy/sql/elements.py", line 527, in _execute_on_connection
    return connection._execute_clauseelement(
           ^^^^^^^^^^^^^^^^^^^^^^^^^^^^^^^^^^
  File "/Users/sachinmishra/Desktop/MCP/.venv/lib/python3.12/site-packages/sqlalchemy/engine/base.py", line 1641, in _execute_clauseelement
    ret = self._execute_context(
          ^^^^^^^^^^^^^^^^^^^^^^
  File "/Users/sachinmishra/Desktop/MCP/.venv/lib/python3.12/site-packages/sqlalchemy/engine/base.py", line 1846, in _execute_context
    return self._exec_single_context(
           ^^^^^^^^^^^^^^^^^^^^^^^^^^
  File "/Users/sachinmishra/Desktop/MCP/.venv/lib/python3.12/site-packages/sqlalchemy/engine/base.py", line 1986, in _exec_single_context
    self._handle_dbapi_exception(
  File "/Users/sachinmishra/Desktop/MCP/.venv/lib/python3.12/site-packages/sqlalchemy/engine/base.py", line 2363, in _handle_dbapi_exception
    raise sqlalchemy_exception.with_traceback(exc_info[2]) from e
  File "/Users/sachinmishra/Desktop/MCP/.venv/lib/python3.12/site-packages/sqlalchemy/engine/base.py", line 1967, in _exec_single_context
    self.dialect.do_execute(
  File "/Users/sachinmishra/Desktop/MCP/.venv/lib/python3.12/site-packages/sqlalchemy/engine/default.py", line 952, in do_execute
    cursor.execute(statement, parameters)
  File "/Users/sachinmishra/Desktop/MCP/.venv/lib/python3.12/site-packages/sqlalchemy/dialects/postgresql/asyncpg.py", line 585, in execute
    self._adapt_connection.await_(
  File "/Users/sachinmishra/Desktop/MCP/.venv/lib/python3.12/site-packages/sqlalchemy/util/_concurrency_py3k.py", line 132, in await_only
    return current.parent.switch(awaitable)  # type: ignore[no-any-return,attr-defined] # noqa: E501
           ^^^^^^^^^^^^^^^^^^^^^^^^^^^^^^^^
  File "/Users/sachinmishra/Desktop/MCP/.venv/lib/python3.12/site-packages/sqlalchemy/util/_concurrency_py3k.py", line 196, in greenlet_spawn
    value = await result
            ^^^^^^^^^^^^
  File "/Users/sachinmishra/Desktop/MCP/.venv/lib/python3.12/site-packages/sqlalchemy/dialects/postgresql/asyncpg.py", line 563, in _prepare_and_execute
    self._handle_exception(error)
  File "/Users/sachinmishra/Desktop/MCP/.venv/lib/python3.12/site-packages/sqlalchemy/dialects/postgresql/asyncpg.py", line 513, in _handle_exception
    self._adapt_connection._handle_exception(error)
  File "/Users/sachinmishra/Desktop/MCP/.venv/lib/python3.12/site-packages/sqlalchemy/dialects/postgresql/asyncpg.py", line 797, in _handle_exception
    raise translated_error from error
sqlalchemy.exc.DBAPIError: (sqlalchemy.dialects.postgresql.asyncpg.Error) <class 'asyncpg.exceptions.DataError'>: invalid input for query argument $5: datetime.datetime(2026, 2, 10, 16, 1, 35... (can't subtract offset-naive and offset-aware datetimes)
[SQL: INSERT INTO vital (id, user_id, metric, value, timestamp) VALUES ($1::UUID, $2::UUID, $3::VARCHAR, $4::FLOAT, $5::TIMESTAMP WITHOUT TIME ZONE)]
[parameters: (UUID('e0b31a92-fc4d-482d-b6a2-529db62301d8'), UUID('f21c4163-ffd3-4b2b-837e-52990335c8d9'), 'heart_rate', 89.0, datetime.datetime(2026, 2, 10, 16, 1, 35, 373874, tzinfo=datetime.timezone.utc))]
(Background on this error at: https://sqlalche.me/e/20/dbapi)
INFO:     127.0.0.1:57403 - "POST /vitals HTTP/1.1" 500 Internal Server Error
ERROR:    Exception in ASGI application
Traceback (most recent call last):
  File "asyncpg/protocol/prepared_stmt.pyx", line 175, in asyncpg.protocol.protocol.PreparedStatementState._encode_bind_msg
  File "asyncpg/protocol/codecs/base.pyx", line 251, in asyncpg.protocol.protocol.Codec.encode
  File "asyncpg/protocol/codecs/base.pyx", line 153, in asyncpg.protocol.protocol.Codec.encode_scalar
  File "asyncpg/pgproto/codecs/datetime.pyx", line 152, in asyncpg.pgproto.pgproto.timestamp_encode
TypeError: can't subtract offset-naive and offset-aware datetimes

The above exception was the direct cause of the following exception:

Traceback (most recent call last):
  File "/Users/sachinmishra/Desktop/MCP/.venv/lib/python3.12/site-packages/sqlalchemy/dialects/postgresql/asyncpg.py", line 550, in _prepare_and_execute
    self._rows = deque(await prepared_stmt.fetch(*parameters))
                       ^^^^^^^^^^^^^^^^^^^^^^^^^^^^^^^^^^^^^^
  File "/Users/sachinmishra/Desktop/MCP/.venv/lib/python3.12/site-packages/asyncpg/prepared_stmt.py", line 177, in fetch
    data = await self.__bind_execute(args, 0, timeout)
           ^^^^^^^^^^^^^^^^^^^^^^^^^^^^^^^^^^^^^^^^^^^
  File "/Users/sachinmishra/Desktop/MCP/.venv/lib/python3.12/site-packages/asyncpg/prepared_stmt.py", line 268, in __bind_execute
    data, status, _ = await self.__do_execute(
                      ^^^^^^^^^^^^^^^^^^^^^^^^
  File "/Users/sachinmishra/Desktop/MCP/.venv/lib/python3.12/site-packages/asyncpg/prepared_stmt.py", line 257, in __do_execute
    return await executor(protocol)
           ^^^^^^^^^^^^^^^^^^^^^^^^
  File "asyncpg/protocol/protocol.pyx", line 184, in bind_execute
  File "asyncpg/protocol/prepared_stmt.pyx", line 204, in asyncpg.protocol.protocol.PreparedStatementState._encode_bind_msg
asyncpg.exceptions.DataError: invalid input for query argument $5: datetime.datetime(2026, 2, 10, 16, 1, 35... (can't subtract offset-naive and offset-aware datetimes)

The above exception was the direct cause of the following exception:

Traceback (most recent call last):
  File "/Users/sachinmishra/Desktop/MCP/.venv/lib/python3.12/site-packages/sqlalchemy/engine/base.py", line 1967, in _exec_single_context
    self.dialect.do_execute(
  File "/Users/sachinmishra/Desktop/MCP/.venv/lib/python3.12/site-packages/sqlalchemy/engine/default.py", line 952, in do_execute
    cursor.execute(statement, parameters)
  File "/Users/sachinmishra/Desktop/MCP/.venv/lib/python3.12/site-packages/sqlalchemy/dialects/postgresql/asyncpg.py", line 585, in execute
    self._adapt_connection.await_(
  File "/Users/sachinmishra/Desktop/MCP/.venv/lib/python3.12/site-packages/sqlalchemy/util/_concurrency_py3k.py", line 132, in await_only
    return current.parent.switch(awaitable)  # type: ignore[no-any-return,attr-defined] # noqa: E501
           ^^^^^^^^^^^^^^^^^^^^^^^^^^^^^^^^
  File "/Users/sachinmishra/Desktop/MCP/.venv/lib/python3.12/site-packages/sqlalchemy/util/_concurrency_py3k.py", line 196, in greenlet_spawn
    value = await result
            ^^^^^^^^^^^^
  File "/Users/sachinmishra/Desktop/MCP/.venv/lib/python3.12/site-packages/sqlalchemy/dialects/postgresql/asyncpg.py", line 563, in _prepare_and_execute
    self._handle_exception(error)
  File "/Users/sachinmishra/Desktop/MCP/.venv/lib/python3.12/site-packages/sqlalchemy/dialects/postgresql/asyncpg.py", line 513, in _handle_exception
    self._adapt_connection._handle_exception(error)
  File "/Users/sachinmishra/Desktop/MCP/.venv/lib/python3.12/site-packages/sqlalchemy/dialects/postgresql/asyncpg.py", line 797, in _handle_exception
    raise translated_error from error
sqlalchemy.dialects.postgresql.asyncpg.AsyncAdapt_asyncpg_dbapi.Error: <class 'asyncpg.exceptions.DataError'>: invalid input for query argument $5: datetime.datetime(2026, 2, 10, 16, 1, 35... (can't subtract offset-naive and offset-aware datetimes)

The above exception was the direct cause of the following exception:

Traceback (most recent call last):
  File "/Users/sachinmishra/Desktop/MCP/.venv/lib/python3.12/site-packages/uvicorn/protocols/http/httptools_impl.py", line 416, in run_asgi
    result = await app(  # type: ignore[func-returns-value]
             ^^^^^^^^^^^^^^^^^^^^^^^^^^^^^^^^^^^^^^^^^^^^^^
  File "/Users/sachinmishra/Desktop/MCP/.venv/lib/python3.12/site-packages/uvicorn/middleware/proxy_headers.py", line 60, in __call__
    return await self.app(scope, receive, send)
           ^^^^^^^^^^^^^^^^^^^^^^^^^^^^^^^^^^^^
  File "/Users/sachinmishra/Desktop/MCP/.venv/lib/python3.12/site-packages/fastapi/applications.py", line 1138, in __call__
    await super().__call__(scope, receive, send)
  File "/Users/sachinmishra/Desktop/MCP/.venv/lib/python3.12/site-packages/starlette/applications.py", line 107, in __call__
    await self.middleware_stack(scope, receive, send)
  File "/Users/sachinmishra/Desktop/MCP/.venv/lib/python3.12/site-packages/starlette/middleware/errors.py", line 186, in __call__
    raise exc
  File "/Users/sachinmishra/Desktop/MCP/.venv/lib/python3.12/site-packages/starlette/middleware/errors.py", line 164, in __call__
    await self.app(scope, receive, _send)
  File "/Users/sachinmishra/Desktop/MCP/.venv/lib/python3.12/site-packages/starlette/middleware/exceptions.py", line 63, in __call__
    await wrap_app_handling_exceptions(self.app, conn)(scope, receive, send)
  File "/Users/sachinmishra/Desktop/MCP/.venv/lib/python3.12/site-packages/starlette/_exception_handler.py", line 53, in wrapped_app
    raise exc
  File "/Users/sachinmishra/Desktop/MCP/.venv/lib/python3.12/site-packages/starlette/_exception_handler.py", line 42, in wrapped_app
    await app(scope, receive, sender)
  File "/Users/sachinmishra/Desktop/MCP/.venv/lib/python3.12/site-packages/fastapi/middleware/asyncexitstack.py", line 18, in __call__
    await self.app(scope, receive, send)
  File "/Users/sachinmishra/Desktop/MCP/.venv/lib/python3.12/site-packages/starlette/routing.py", line 716, in __call__
    await self.middleware_stack(scope, receive, send)
  File "/Users/sachinmishra/Desktop/MCP/.venv/lib/python3.12/site-packages/starlette/routing.py", line 736, in app
    await route.handle(scope, receive, send)
  File "/Users/sachinmishra/Desktop/MCP/.venv/lib/python3.12/site-packages/starlette/routing.py", line 290, in handle
    await self.app(scope, receive, send)
  File "/Users/sachinmishra/Desktop/MCP/.venv/lib/python3.12/site-packages/fastapi/routing.py", line 121, in app
    await wrap_app_handling_exceptions(app, request)(scope, receive, send)
  File "/Users/sachinmishra/Desktop/MCP/.venv/lib/python3.12/site-packages/starlette/_exception_handler.py", line 53, in wrapped_app
    raise exc
  File "/Users/sachinmishra/Desktop/MCP/.venv/lib/python3.12/site-packages/starlette/_exception_handler.py", line 42, in wrapped_app
    await app(scope, receive, sender)
  File "/Users/sachinmishra/Desktop/MCP/.venv/lib/python3.12/site-packages/fastapi/routing.py", line 107, in app
    response = await f(request)
               ^^^^^^^^^^^^^^^^
  File "/Users/sachinmishra/Desktop/MCP/.venv/lib/python3.12/site-packages/fastapi/routing.py", line 426, in app
    raw_response = await run_endpoint_function(
                   ^^^^^^^^^^^^^^^^^^^^^^^^^^^^
  File "/Users/sachinmishra/Desktop/MCP/.venv/lib/python3.12/site-packages/fastapi/routing.py", line 314, in run_endpoint_function
    return await dependant.call(**values)
           ^^^^^^^^^^^^^^^^^^^^^^^^^^^^^^
  File "/Users/sachinmishra/Desktop/MCP/health-monitor/backend/main.py", line 45, in ingest_vital
    await session.commit()
  File "/Users/sachinmishra/Desktop/MCP/.venv/lib/python3.12/site-packages/sqlalchemy/ext/asyncio/session.py", line 1000, in commit
    await greenlet_spawn(self.sync_session.commit)
  File "/Users/sachinmishra/Desktop/MCP/.venv/lib/python3.12/site-packages/sqlalchemy/util/_concurrency_py3k.py", line 203, in greenlet_spawn
    result = context.switch(value)
             ^^^^^^^^^^^^^^^^^^^^^
  File "/Users/sachinmishra/Desktop/MCP/.venv/lib/python3.12/site-packages/sqlalchemy/orm/session.py", line 2030, in commit
    trans.commit(_to_root=True)
  File "<string>", line 2, in commit
  File "/Users/sachinmishra/Desktop/MCP/.venv/lib/python3.12/site-packages/sqlalchemy/orm/state_changes.py", line 137, in _go
    ret_value = fn(self, *arg, **kw)
                ^^^^^^^^^^^^^^^^^^^^
  File "/Users/sachinmishra/Desktop/MCP/.venv/lib/python3.12/site-packages/sqlalchemy/orm/session.py", line 1311, in commit
    self._prepare_impl()
  File "<string>", line 2, in _prepare_impl
  File "/Users/sachinmishra/Desktop/MCP/.venv/lib/python3.12/site-packages/sqlalchemy/orm/state_changes.py", line 137, in _go
    ret_value = fn(self, *arg, **kw)
                ^^^^^^^^^^^^^^^^^^^^
  File "/Users/sachinmishra/Desktop/MCP/.venv/lib/python3.12/site-packages/sqlalchemy/orm/session.py", line 1286, in _prepare_impl
    self.session.flush()
  File "/Users/sachinmishra/Desktop/MCP/.venv/lib/python3.12/site-packages/sqlalchemy/orm/session.py", line 4331, in flush
    self._flush(objects)
  File "/Users/sachinmishra/Desktop/MCP/.venv/lib/python3.12/site-packages/sqlalchemy/orm/session.py", line 4466, in _flush
    with util.safe_reraise():
  File "/Users/sachinmishra/Desktop/MCP/.venv/lib/python3.12/site-packages/sqlalchemy/util/langhelpers.py", line 224, in __exit__
    raise exc_value.with_traceback(exc_tb)
  File "/Users/sachinmishra/Desktop/MCP/.venv/lib/python3.12/site-packages/sqlalchemy/orm/session.py", line 4427, in _flush
    flush_context.execute()
  File "/Users/sachinmishra/Desktop/MCP/.venv/lib/python3.12/site-packages/sqlalchemy/orm/unitofwork.py", line 466, in execute
    rec.execute(self)
  File "/Users/sachinmishra/Desktop/MCP/.venv/lib/python3.12/site-packages/sqlalchemy/orm/unitofwork.py", line 642, in execute
    util.preloaded.orm_persistence.save_obj(
  File "/Users/sachinmishra/Desktop/MCP/.venv/lib/python3.12/site-packages/sqlalchemy/orm/persistence.py", line 93, in save_obj
    _emit_insert_statements(
  File "/Users/sachinmishra/Desktop/MCP/.venv/lib/python3.12/site-packages/sqlalchemy/orm/persistence.py", line 1048, in _emit_insert_statements
    result = connection.execute(
             ^^^^^^^^^^^^^^^^^^^
  File "/Users/sachinmishra/Desktop/MCP/.venv/lib/python3.12/site-packages/sqlalchemy/engine/base.py", line 1419, in execute
    return meth(
           ^^^^^
  File "/Users/sachinmishra/Desktop/MCP/.venv/lib/python3.12/site-packages/sqlalchemy/sql/elements.py", line 527, in _execute_on_connection
    return connection._execute_clauseelement(
           ^^^^^^^^^^^^^^^^^^^^^^^^^^^^^^^^^^
  File "/Users/sachinmishra/Desktop/MCP/.venv/lib/python3.12/site-packages/sqlalchemy/engine/base.py", line 1641, in _execute_clauseelement
    ret = self._execute_context(
          ^^^^^^^^^^^^^^^^^^^^^^
  File "/Users/sachinmishra/Desktop/MCP/.venv/lib/python3.12/site-packages/sqlalchemy/engine/base.py", line 1846, in _execute_context
    return self._exec_single_context(
           ^^^^^^^^^^^^^^^^^^^^^^^^^^
  File "/Users/sachinmishra/Desktop/MCP/.venv/lib/python3.12/site-packages/sqlalchemy/engine/base.py", line 1986, in _exec_single_context
    self._handle_dbapi_exception(
  File "/Users/sachinmishra/Desktop/MCP/.venv/lib/python3.12/site-packages/sqlalchemy/engine/base.py", line 2363, in _handle_dbapi_exception
    raise sqlalchemy_exception.with_traceback(exc_info[2]) from e
  File "/Users/sachinmishra/Desktop/MCP/.venv/lib/python3.12/site-packages/sqlalchemy/engine/base.py", line 1967, in _exec_single_context
    self.dialect.do_execute(
  File "/Users/sachinmishra/Desktop/MCP/.venv/lib/python3.12/site-packages/sqlalchemy/engine/default.py", line 952, in do_execute
    cursor.execute(statement, parameters)
  File "/Users/sachinmishra/Desktop/MCP/.venv/lib/python3.12/site-packages/sqlalchemy/dialects/postgresql/asyncpg.py", line 585, in execute
    self._adapt_connection.await_(
  File "/Users/sachinmishra/Desktop/MCP/.venv/lib/python3.12/site-packages/sqlalchemy/util/_concurrency_py3k.py", line 132, in await_only
    return current.parent.switch(awaitable)  # type: ignore[no-any-return,attr-defined] # noqa: E501
           ^^^^^^^^^^^^^^^^^^^^^^^^^^^^^^^^
  File "/Users/sachinmishra/Desktop/MCP/.venv/lib/python3.12/site-packages/sqlalchemy/util/_concurrency_py3k.py", line 196, in greenlet_spawn
    value = await result
            ^^^^^^^^^^^^
  File "/Users/sachinmishra/Desktop/MCP/.venv/lib/python3.12/site-packages/sqlalchemy/dialects/postgresql/asyncpg.py", line 563, in _prepare_and_execute
    self._handle_exception(error)
  File "/Users/sachinmishra/Desktop/MCP/.venv/lib/python3.12/site-packages/sqlalchemy/dialects/postgresql/asyncpg.py", line 513, in _handle_exception
    self._adapt_connection._handle_exception(error)
  File "/Users/sachinmishra/Desktop/MCP/.venv/lib/python3.12/site-packages/sqlalchemy/dialects/postgresql/asyncpg.py", line 797, in _handle_exception
    raise translated_error from error
sqlalchemy.exc.DBAPIError: (sqlalchemy.dialects.postgresql.asyncpg.Error) <class 'asyncpg.exceptions.DataError'>: invalid input for query argument $5: datetime.datetime(2026, 2, 10, 16, 1, 35... (can't subtract offset-naive and offset-aware datetimes)
[SQL: INSERT INTO vital (id, user_id, metric, value, timestamp) VALUES ($1::UUID, $2::UUID, $3::VARCHAR, $4::FLOAT, $5::TIMESTAMP WITHOUT TIME ZONE)]
[parameters: (UUID('7ccefd4d-5b89-4592-9145-956079d933b4'), UUID('f21c4163-ffd3-4b2b-837e-52990335c8d9'), 'glucose', 93.0, datetime.datetime(2026, 2, 10, 16, 1, 35, 835499, tzinfo=datetime.timezone.utc))]
(Background on this error at: https://sqlalche.me/e/20/dbapi)
INFO:     127.0.0.1:57407 - "POST /vitals HTTP/1.1" 500 Internal Server Error
ERROR:    Exception in ASGI application
Traceback (most recent call last):
  File "asyncpg/protocol/prepared_stmt.pyx", line 175, in asyncpg.protocol.protocol.PreparedStatementState._encode_bind_msg
  File "asyncpg/protocol/codecs/base.pyx", line 251, in asyncpg.protocol.protocol.Codec.encode
  File "asyncpg/protocol/codecs/base.pyx", line 153, in asyncpg.protocol.protocol.Codec.encode_scalar
  File "asyncpg/pgproto/codecs/datetime.pyx", line 152, in asyncpg.pgproto.pgproto.timestamp_encode
TypeError: can't subtract offset-naive and offset-aware datetimes

The above exception was the direct cause of the following exception:

Traceback (most recent call last):
  File "/Users/sachinmishra/Desktop/MCP/.venv/lib/python3.12/site-packages/sqlalchemy/dialects/postgresql/asyncpg.py", line 550, in _prepare_and_execute
    self._rows = deque(await prepared_stmt.fetch(*parameters))
                       ^^^^^^^^^^^^^^^^^^^^^^^^^^^^^^^^^^^^^^
  File "/Users/sachinmishra/Desktop/MCP/.venv/lib/python3.12/site-packages/asyncpg/prepared_stmt.py", line 177, in fetch
    data = await self.__bind_execute(args, 0, timeout)
           ^^^^^^^^^^^^^^^^^^^^^^^^^^^^^^^^^^^^^^^^^^^
  File "/Users/sachinmishra/Desktop/MCP/.venv/lib/python3.12/site-packages/asyncpg/prepared_stmt.py", line 268, in __bind_execute
    data, status, _ = await self.__do_execute(
                      ^^^^^^^^^^^^^^^^^^^^^^^^
  File "/Users/sachinmishra/Desktop/MCP/.venv/lib/python3.12/site-packages/asyncpg/prepared_stmt.py", line 257, in __do_execute
    return await executor(protocol)
           ^^^^^^^^^^^^^^^^^^^^^^^^
  File "asyncpg/protocol/protocol.pyx", line 184, in bind_execute
  File "asyncpg/protocol/prepared_stmt.pyx", line 204, in asyncpg.protocol.protocol.PreparedStatementState._encode_bind_msg
asyncpg.exceptions.DataError: invalid input for query argument $5: datetime.datetime(2026, 2, 10, 16, 1, 37... (can't subtract offset-naive and offset-aware datetimes)

The above exception was the direct cause of the following exception:

Traceback (most recent call last):
  File "/Users/sachinmishra/Desktop/MCP/.venv/lib/python3.12/site-packages/sqlalchemy/engine/base.py", line 1967, in _exec_single_context
    self.dialect.do_execute(
  File "/Users/sachinmishra/Desktop/MCP/.venv/lib/python3.12/site-packages/sqlalchemy/engine/default.py", line 952, in do_execute
    cursor.execute(statement, parameters)
  File "/Users/sachinmishra/Desktop/MCP/.venv/lib/python3.12/site-packages/sqlalchemy/dialects/postgresql/asyncpg.py", line 585, in execute
    self._adapt_connection.await_(
  File "/Users/sachinmishra/Desktop/MCP/.venv/lib/python3.12/site-packages/sqlalchemy/util/_concurrency_py3k.py", line 132, in await_only
    return current.parent.switch(awaitable)  # type: ignore[no-any-return,attr-defined] # noqa: E501
           ^^^^^^^^^^^^^^^^^^^^^^^^^^^^^^^^
  File "/Users/sachinmishra/Desktop/MCP/.venv/lib/python3.12/site-packages/sqlalchemy/util/_concurrency_py3k.py", line 196, in greenlet_spawn
    value = await result
            ^^^^^^^^^^^^
  File "/Users/sachinmishra/Desktop/MCP/.venv/lib/python3.12/site-packages/sqlalchemy/dialects/postgresql/asyncpg.py", line 563, in _prepare_and_execute
    self._handle_exception(error)
  File "/Users/sachinmishra/Desktop/MCP/.venv/lib/python3.12/site-packages/sqlalchemy/dialects/postgresql/asyncpg.py", line 513, in _handle_exception
    self._adapt_connection._handle_exception(error)
  File "/Users/sachinmishra/Desktop/MCP/.venv/lib/python3.12/site-packages/sqlalchemy/dialects/postgresql/asyncpg.py", line 797, in _handle_exception
    raise translated_error from error
sqlalchemy.dialects.postgresql.asyncpg.AsyncAdapt_asyncpg_dbapi.Error: <class 'asyncpg.exceptions.DataError'>: invalid input for query argument $5: datetime.datetime(2026, 2, 10, 16, 1, 37... (can't subtract offset-naive and offset-aware datetimes)

The above exception was the direct cause of the following exception:

Traceback (most recent call last):
  File "/Users/sachinmishra/Desktop/MCP/.venv/lib/python3.12/site-packages/uvicorn/protocols/http/httptools_impl.py", line 416, in run_asgi
    result = await app(  # type: ignore[func-returns-value]
             ^^^^^^^^^^^^^^^^^^^^^^^^^^^^^^^^^^^^^^^^^^^^^^
  File "/Users/sachinmishra/Desktop/MCP/.venv/lib/python3.12/site-packages/uvicorn/middleware/proxy_headers.py", line 60, in __call__
    return await self.app(scope, receive, send)
           ^^^^^^^^^^^^^^^^^^^^^^^^^^^^^^^^^^^^
  File "/Users/sachinmishra/Desktop/MCP/.venv/lib/python3.12/site-packages/fastapi/applications.py", line 1138, in __call__
    await super().__call__(scope, receive, send)
  File "/Users/sachinmishra/Desktop/MCP/.venv/lib/python3.12/site-packages/starlette/applications.py", line 107, in __call__
    await self.middleware_stack(scope, receive, send)
  File "/Users/sachinmishra/Desktop/MCP/.venv/lib/python3.12/site-packages/starlette/middleware/errors.py", line 186, in __call__
    raise exc
  File "/Users/sachinmishra/Desktop/MCP/.venv/lib/python3.12/site-packages/starlette/middleware/errors.py", line 164, in __call__
    await self.app(scope, receive, _send)
  File "/Users/sachinmishra/Desktop/MCP/.venv/lib/python3.12/site-packages/starlette/middleware/exceptions.py", line 63, in __call__
    await wrap_app_handling_exceptions(self.app, conn)(scope, receive, send)
  File "/Users/sachinmishra/Desktop/MCP/.venv/lib/python3.12/site-packages/starlette/_exception_handler.py", line 53, in wrapped_app
    raise exc
  File "/Users/sachinmishra/Desktop/MCP/.venv/lib/python3.12/site-packages/starlette/_exception_handler.py", line 42, in wrapped_app
    await app(scope, receive, sender)
  File "/Users/sachinmishra/Desktop/MCP/.venv/lib/python3.12/site-packages/fastapi/middleware/asyncexitstack.py", line 18, in __call__
    await self.app(scope, receive, send)
  File "/Users/sachinmishra/Desktop/MCP/.venv/lib/python3.12/site-packages/starlette/routing.py", line 716, in __call__
    await self.middleware_stack(scope, receive, send)
  File "/Users/sachinmishra/Desktop/MCP/.venv/lib/python3.12/site-packages/starlette/routing.py", line 736, in app
    await route.handle(scope, receive, send)
  File "/Users/sachinmishra/Desktop/MCP/.venv/lib/python3.12/site-packages/starlette/routing.py", line 290, in handle
    await self.app(scope, receive, send)
  File "/Users/sachinmishra/Desktop/MCP/.venv/lib/python3.12/site-packages/fastapi/routing.py", line 121, in app
    await wrap_app_handling_exceptions(app, request)(scope, receive, send)
  File "/Users/sachinmishra/Desktop/MCP/.venv/lib/python3.12/site-packages/starlette/_exception_handler.py", line 53, in wrapped_app
    raise exc
  File "/Users/sachinmishra/Desktop/MCP/.venv/lib/python3.12/site-packages/starlette/_exception_handler.py", line 42, in wrapped_app
    await app(scope, receive, sender)
  File "/Users/sachinmishra/Desktop/MCP/.venv/lib/python3.12/site-packages/fastapi/routing.py", line 107, in app
    response = await f(request)
               ^^^^^^^^^^^^^^^^
  File "/Users/sachinmishra/Desktop/MCP/.venv/lib/python3.12/site-packages/fastapi/routing.py", line 426, in app
    raw_response = await run_endpoint_function(
                   ^^^^^^^^^^^^^^^^^^^^^^^^^^^^
  File "/Users/sachinmishra/Desktop/MCP/.venv/lib/python3.12/site-packages/fastapi/routing.py", line 314, in run_endpoint_function
    return await dependant.call(**values)
           ^^^^^^^^^^^^^^^^^^^^^^^^^^^^^^
  File "/Users/sachinmishra/Desktop/MCP/health-monitor/backend/main.py", line 45, in ingest_vital
    await session.commit()
  File "/Users/sachinmishra/Desktop/MCP/.venv/lib/python3.12/site-packages/sqlalchemy/ext/asyncio/session.py", line 1000, in commit
    await greenlet_spawn(self.sync_session.commit)
  File "/Users/sachinmishra/Desktop/MCP/.venv/lib/python3.12/site-packages/sqlalchemy/util/_concurrency_py3k.py", line 203, in greenlet_spawn
    result = context.switch(value)
             ^^^^^^^^^^^^^^^^^^^^^
  File "/Users/sachinmishra/Desktop/MCP/.venv/lib/python3.12/site-packages/sqlalchemy/orm/session.py", line 2030, in commit
    trans.commit(_to_root=True)
  File "<string>", line 2, in commit
  File "/Users/sachinmishra/Desktop/MCP/.venv/lib/python3.12/site-packages/sqlalchemy/orm/state_changes.py", line 137, in _go
    ret_value = fn(self, *arg, **kw)
                ^^^^^^^^^^^^^^^^^^^^
  File "/Users/sachinmishra/Desktop/MCP/.venv/lib/python3.12/site-packages/sqlalchemy/orm/session.py", line 1311, in commit
    self._prepare_impl()
  File "<string>", line 2, in _prepare_impl
  File "/Users/sachinmishra/Desktop/MCP/.venv/lib/python3.12/site-packages/sqlalchemy/orm/state_changes.py", line 137, in _go
    ret_value = fn(self, *arg, **kw)
                ^^^^^^^^^^^^^^^^^^^^
  File "/Users/sachinmishra/Desktop/MCP/.venv/lib/python3.12/site-packages/sqlalchemy/orm/session.py", line 1286, in _prepare_impl
    self.session.flush()
  File "/Users/sachinmishra/Desktop/MCP/.venv/lib/python3.12/site-packages/sqlalchemy/orm/session.py", line 4331, in flush
    self._flush(objects)
  File "/Users/sachinmishra/Desktop/MCP/.venv/lib/python3.12/site-packages/sqlalchemy/orm/session.py", line 4466, in _flush
    with util.safe_reraise():
  File "/Users/sachinmishra/Desktop/MCP/.venv/lib/python3.12/site-packages/sqlalchemy/util/langhelpers.py", line 224, in __exit__
    raise exc_value.with_traceback(exc_tb)
  File "/Users/sachinmishra/Desktop/MCP/.venv/lib/python3.12/site-packages/sqlalchemy/orm/session.py", line 4427, in _flush
    flush_context.execute()
  File "/Users/sachinmishra/Desktop/MCP/.venv/lib/python3.12/site-packages/sqlalchemy/orm/unitofwork.py", line 466, in execute
    rec.execute(self)
  File "/Users/sachinmishra/Desktop/MCP/.venv/lib/python3.12/site-packages/sqlalchemy/orm/unitofwork.py", line 642, in execute
    util.preloaded.orm_persistence.save_obj(
  File "/Users/sachinmishra/Desktop/MCP/.venv/lib/python3.12/site-packages/sqlalchemy/orm/persistence.py", line 93, in save_obj
    _emit_insert_statements(
  File "/Users/sachinmishra/Desktop/MCP/.venv/lib/python3.12/site-packages/sqlalchemy/orm/persistence.py", line 1048, in _emit_insert_statements
    result = connection.execute(
             ^^^^^^^^^^^^^^^^^^^
  File "/Users/sachinmishra/Desktop/MCP/.venv/lib/python3.12/site-packages/sqlalchemy/engine/base.py", line 1419, in execute
    return meth(
           ^^^^^
  File "/Users/sachinmishra/Desktop/MCP/.venv/lib/python3.12/site-packages/sqlalchemy/sql/elements.py", line 527, in _execute_on_connection
    return connection._execute_clauseelement(
           ^^^^^^^^^^^^^^^^^^^^^^^^^^^^^^^^^^
  File "/Users/sachinmishra/Desktop/MCP/.venv/lib/python3.12/site-packages/sqlalchemy/engine/base.py", line 1641, in _execute_clauseelement
    ret = self._execute_context(
          ^^^^^^^^^^^^^^^^^^^^^^
  File "/Users/sachinmishra/Desktop/MCP/.venv/lib/python3.12/site-packages/sqlalchemy/engine/base.py", line 1846, in _execute_context
    return self._exec_single_context(
           ^^^^^^^^^^^^^^^^^^^^^^^^^^
  File "/Users/sachinmishra/Desktop/MCP/.venv/lib/python3.12/site-packages/sqlalchemy/engine/base.py", line 1986, in _exec_single_context
    self._handle_dbapi_exception(
  File "/Users/sachinmishra/Desktop/MCP/.venv/lib/python3.12/site-packages/sqlalchemy/engine/base.py", line 2363, in _handle_dbapi_exception
    raise sqlalchemy_exception.with_traceback(exc_info[2]) from e
  File "/Users/sachinmishra/Desktop/MCP/.venv/lib/python3.12/site-packages/sqlalchemy/engine/base.py", line 1967, in _exec_single_context
    self.dialect.do_execute(
  File "/Users/sachinmishra/Desktop/MCP/.venv/lib/python3.12/site-packages/sqlalchemy/engine/default.py", line 952, in do_execute
    cursor.execute(statement, parameters)
  File "/Users/sachinmishra/Desktop/MCP/.venv/lib/python3.12/site-packages/sqlalchemy/dialects/postgresql/asyncpg.py", line 585, in execute
    self._adapt_connection.await_(
  File "/Users/sachinmishra/Desktop/MCP/.venv/lib/python3.12/site-packages/sqlalchemy/util/_concurrency_py3k.py", line 132, in await_only
    return current.parent.switch(awaitable)  # type: ignore[no-any-return,attr-defined] # noqa: E501
           ^^^^^^^^^^^^^^^^^^^^^^^^^^^^^^^^
  File "/Users/sachinmishra/Desktop/MCP/.venv/lib/python3.12/site-packages/sqlalchemy/util/_concurrency_py3k.py", line 196, in greenlet_spawn
    value = await result
            ^^^^^^^^^^^^
  File "/Users/sachinmishra/Desktop/MCP/.venv/lib/python3.12/site-packages/sqlalchemy/dialects/postgresql/asyncpg.py", line 563, in _prepare_and_execute
    self._handle_exception(error)
  File "/Users/sachinmishra/Desktop/MCP/.venv/lib/python3.12/site-packages/sqlalchemy/dialects/postgresql/asyncpg.py", line 513, in _handle_exception
    self._adapt_connection._handle_exception(error)
  File "/Users/sachinmishra/Desktop/MCP/.venv/lib/python3.12/site-packages/sqlalchemy/dialects/postgresql/asyncpg.py", line 797, in _handle_exception
    raise translated_error from error
sqlalchemy.exc.DBAPIError: (sqlalchemy.dialects.postgresql.asyncpg.Error) <class 'asyncpg.exceptions.DataError'>: invalid input for query argument $5: datetime.datetime(2026, 2, 10, 16, 1, 37... (can't subtract offset-naive and offset-aware datetimes)
[SQL: INSERT INTO vital (id, user_id, metric, value, timestamp) VALUES ($1::UUID, $2::UUID, $3::VARCHAR, $4::FLOAT, $5::TIMESTAMP WITHOUT TIME ZONE)]
[parameters: (UUID('eea4a770-74d8-49a2-8f27-22796389b437'), UUID('f21c4163-ffd3-4b2b-837e-52990335c8d9'), 'heart_rate', 92.0, datetime.datetime(2026, 2, 10, 16, 1, 37, 853546, tzinfo=datetime.timezone.utc))]
(Background on this error at: https://sqlalche.me/e/20/dbapi)
INFO:     127.0.0.1:57409 - "POST /vitals HTTP/1.1" 500 Internal Server Error
ERROR:    Exception in ASGI application
Traceback (most recent call last):
  File "asyncpg/protocol/prepared_stmt.pyx", line 175, in asyncpg.protocol.protocol.PreparedStatementState._encode_bind_msg
  File "asyncpg/protocol/codecs/base.pyx", line 251, in asyncpg.protocol.protocol.Codec.encode
  File "asyncpg/protocol/codecs/base.pyx", line 153, in asyncpg.protocol.protocol.Codec.encode_scalar
  File "asyncpg/pgproto/codecs/datetime.pyx", line 152, in asyncpg.pgproto.pgproto.timestamp_encode
TypeError: can't subtract offset-naive and offset-aware datetimes

The above exception was the direct cause of the following exception:

Traceback (most recent call last):
  File "/Users/sachinmishra/Desktop/MCP/.venv/lib/python3.12/site-packages/sqlalchemy/dialects/postgresql/asyncpg.py", line 550, in _prepare_and_execute
    self._rows = deque(await prepared_stmt.fetch(*parameters))
                       ^^^^^^^^^^^^^^^^^^^^^^^^^^^^^^^^^^^^^^
  File "/Users/sachinmishra/Desktop/MCP/.venv/lib/python3.12/site-packages/asyncpg/prepared_stmt.py", line 177, in fetch
    data = await self.__bind_execute(args, 0, timeout)
           ^^^^^^^^^^^^^^^^^^^^^^^^^^^^^^^^^^^^^^^^^^^
  File "/Users/sachinmishra/Desktop/MCP/.venv/lib/python3.12/site-packages/asyncpg/prepared_stmt.py", line 268, in __bind_execute
    data, status, _ = await self.__do_execute(
                      ^^^^^^^^^^^^^^^^^^^^^^^^
  File "/Users/sachinmishra/Desktop/MCP/.venv/lib/python3.12/site-packages/asyncpg/prepared_stmt.py", line 257, in __do_execute
    return await executor(protocol)
           ^^^^^^^^^^^^^^^^^^^^^^^^
  File "asyncpg/protocol/protocol.pyx", line 184, in bind_execute
  File "asyncpg/protocol/prepared_stmt.pyx", line 204, in asyncpg.protocol.protocol.PreparedStatementState._encode_bind_msg
asyncpg.exceptions.DataError: invalid input for query argument $5: datetime.datetime(2026, 2, 10, 16, 1, 39... (can't subtract offset-naive and offset-aware datetimes)

The above exception was the direct cause of the following exception:

Traceback (most recent call last):
  File "/Users/sachinmishra/Desktop/MCP/.venv/lib/python3.12/site-packages/sqlalchemy/engine/base.py", line 1967, in _exec_single_context
    self.dialect.do_execute(
  File "/Users/sachinmishra/Desktop/MCP/.venv/lib/python3.12/site-packages/sqlalchemy/engine/default.py", line 952, in do_execute
    cursor.execute(statement, parameters)
  File "/Users/sachinmishra/Desktop/MCP/.venv/lib/python3.12/site-packages/sqlalchemy/dialects/postgresql/asyncpg.py", line 585, in execute
    self._adapt_connection.await_(
  File "/Users/sachinmishra/Desktop/MCP/.venv/lib/python3.12/site-packages/sqlalchemy/util/_concurrency_py3k.py", line 132, in await_only
    return current.parent.switch(awaitable)  # type: ignore[no-any-return,attr-defined] # noqa: E501
           ^^^^^^^^^^^^^^^^^^^^^^^^^^^^^^^^
  File "/Users/sachinmishra/Desktop/MCP/.venv/lib/python3.12/site-packages/sqlalchemy/util/_concurrency_py3k.py", line 196, in greenlet_spawn
    value = await result
            ^^^^^^^^^^^^
  File "/Users/sachinmishra/Desktop/MCP/.venv/lib/python3.12/site-packages/sqlalchemy/dialects/postgresql/asyncpg.py", line 563, in _prepare_and_execute
    self._handle_exception(error)
  File "/Users/sachinmishra/Desktop/MCP/.venv/lib/python3.12/site-packages/sqlalchemy/dialects/postgresql/asyncpg.py", line 513, in _handle_exception
    self._adapt_connection._handle_exception(error)
  File "/Users/sachinmishra/Desktop/MCP/.venv/lib/python3.12/site-packages/sqlalchemy/dialects/postgresql/asyncpg.py", line 797, in _handle_exception
    raise translated_error from error
sqlalchemy.dialects.postgresql.asyncpg.AsyncAdapt_asyncpg_dbapi.Error: <class 'asyncpg.exceptions.DataError'>: invalid input for query argument $5: datetime.datetime(2026, 2, 10, 16, 1, 39... (can't subtract offset-naive and offset-aware datetimes)

The above exception was the direct cause of the following exception:

Traceback (most recent call last):
  File "/Users/sachinmishra/Desktop/MCP/.venv/lib/python3.12/site-packages/uvicorn/protocols/http/httptools_impl.py", line 416, in run_asgi
    result = await app(  # type: ignore[func-returns-value]
             ^^^^^^^^^^^^^^^^^^^^^^^^^^^^^^^^^^^^^^^^^^^^^^
  File "/Users/sachinmishra/Desktop/MCP/.venv/lib/python3.12/site-packages/uvicorn/middleware/proxy_headers.py", line 60, in __call__
    return await self.app(scope, receive, send)
           ^^^^^^^^^^^^^^^^^^^^^^^^^^^^^^^^^^^^
  File "/Users/sachinmishra/Desktop/MCP/.venv/lib/python3.12/site-packages/fastapi/applications.py", line 1138, in __call__
    await super().__call__(scope, receive, send)
  File "/Users/sachinmishra/Desktop/MCP/.venv/lib/python3.12/site-packages/starlette/applications.py", line 107, in __call__
    await self.middleware_stack(scope, receive, send)
  File "/Users/sachinmishra/Desktop/MCP/.venv/lib/python3.12/site-packages/starlette/middleware/errors.py", line 186, in __call__
    raise exc
  File "/Users/sachinmishra/Desktop/MCP/.venv/lib/python3.12/site-packages/starlette/middleware/errors.py", line 164, in __call__
    await self.app(scope, receive, _send)
  File "/Users/sachinmishra/Desktop/MCP/.venv/lib/python3.12/site-packages/starlette/middleware/exceptions.py", line 63, in __call__
    await wrap_app_handling_exceptions(self.app, conn)(scope, receive, send)
  File "/Users/sachinmishra/Desktop/MCP/.venv/lib/python3.12/site-packages/starlette/_exception_handler.py", line 53, in wrapped_app
    raise exc
  File "/Users/sachinmishra/Desktop/MCP/.venv/lib/python3.12/site-packages/starlette/_exception_handler.py", line 42, in wrapped_app
    await app(scope, receive, sender)
  File "/Users/sachinmishra/Desktop/MCP/.venv/lib/python3.12/site-packages/fastapi/middleware/asyncexitstack.py", line 18, in __call__
    await self.app(scope, receive, send)
  File "/Users/sachinmishra/Desktop/MCP/.venv/lib/python3.12/site-packages/starlette/routing.py", line 716, in __call__
    await self.middleware_stack(scope, receive, send)
  File "/Users/sachinmishra/Desktop/MCP/.venv/lib/python3.12/site-packages/starlette/routing.py", line 736, in app
    await route.handle(scope, receive, send)
  File "/Users/sachinmishra/Desktop/MCP/.venv/lib/python3.12/site-packages/starlette/routing.py", line 290, in handle
    await self.app(scope, receive, send)
  File "/Users/sachinmishra/Desktop/MCP/.venv/lib/python3.12/site-packages/fastapi/routing.py", line 121, in app
    await wrap_app_handling_exceptions(app, request)(scope, receive, send)
  File "/Users/sachinmishra/Desktop/MCP/.venv/lib/python3.12/site-packages/starlette/_exception_handler.py", line 53, in wrapped_app
    raise exc
  File "/Users/sachinmishra/Desktop/MCP/.venv/lib/python3.12/site-packages/starlette/_exception_handler.py", line 42, in wrapped_app
    await app(scope, receive, sender)
  File "/Users/sachinmishra/Desktop/MCP/.venv/lib/python3.12/site-packages/fastapi/routing.py", line 107, in app
    response = await f(request)
               ^^^^^^^^^^^^^^^^
  File "/Users/sachinmishra/Desktop/MCP/.venv/lib/python3.12/site-packages/fastapi/routing.py", line 426, in app
    raw_response = await run_endpoint_function(
                   ^^^^^^^^^^^^^^^^^^^^^^^^^^^^
  File "/Users/sachinmishra/Desktop/MCP/.venv/lib/python3.12/site-packages/fastapi/routing.py", line 314, in run_endpoint_function
    return await dependant.call(**values)
           ^^^^^^^^^^^^^^^^^^^^^^^^^^^^^^
  File "/Users/sachinmishra/Desktop/MCP/health-monitor/backend/main.py", line 45, in ingest_vital
    await session.commit()
  File "/Users/sachinmishra/Desktop/MCP/.venv/lib/python3.12/site-packages/sqlalchemy/ext/asyncio/session.py", line 1000, in commit
    await greenlet_spawn(self.sync_session.commit)
  File "/Users/sachinmishra/Desktop/MCP/.venv/lib/python3.12/site-packages/sqlalchemy/util/_concurrency_py3k.py", line 203, in greenlet_spawn
    result = context.switch(value)
             ^^^^^^^^^^^^^^^^^^^^^
  File "/Users/sachinmishra/Desktop/MCP/.venv/lib/python3.12/site-packages/sqlalchemy/orm/session.py", line 2030, in commit
    trans.commit(_to_root=True)
  File "<string>", line 2, in commit
  File "/Users/sachinmishra/Desktop/MCP/.venv/lib/python3.12/site-packages/sqlalchemy/orm/state_changes.py", line 137, in _go
    ret_value = fn(self, *arg, **kw)
                ^^^^^^^^^^^^^^^^^^^^
  File "/Users/sachinmishra/Desktop/MCP/.venv/lib/python3.12/site-packages/sqlalchemy/orm/session.py", line 1311, in commit
    self._prepare_impl()
  File "<string>", line 2, in _prepare_impl
  File "/Users/sachinmishra/Desktop/MCP/.venv/lib/python3.12/site-packages/sqlalchemy/orm/state_changes.py", line 137, in _go
    ret_value = fn(self, *arg, **kw)
                ^^^^^^^^^^^^^^^^^^^^
  File "/Users/sachinmishra/Desktop/MCP/.venv/lib/python3.12/site-packages/sqlalchemy/orm/session.py", line 1286, in _prepare_impl
    self.session.flush()
  File "/Users/sachinmishra/Desktop/MCP/.venv/lib/python3.12/site-packages/sqlalchemy/orm/session.py", line 4331, in flush
    self._flush(objects)
  File "/Users/sachinmishra/Desktop/MCP/.venv/lib/python3.12/site-packages/sqlalchemy/orm/session.py", line 4466, in _flush
    with util.safe_reraise():
  File "/Users/sachinmishra/Desktop/MCP/.venv/lib/python3.12/site-packages/sqlalchemy/util/langhelpers.py", line 224, in __exit__
    raise exc_value.with_traceback(exc_tb)
  File "/Users/sachinmishra/Desktop/MCP/.venv/lib/python3.12/site-packages/sqlalchemy/orm/session.py", line 4427, in _flush
    flush_context.execute()
  File "/Users/sachinmishra/Desktop/MCP/.venv/lib/python3.12/site-packages/sqlalchemy/orm/unitofwork.py", line 466, in execute
    rec.execute(self)
  File "/Users/sachinmishra/Desktop/MCP/.venv/lib/python3.12/site-packages/sqlalchemy/orm/unitofwork.py", line 642, in execute
    util.preloaded.orm_persistence.save_obj(
  File "/Users/sachinmishra/Desktop/MCP/.venv/lib/python3.12/site-packages/sqlalchemy/orm/persistence.py", line 93, in save_obj
    _emit_insert_statements(
  File "/Users/sachinmishra/Desktop/MCP/.venv/lib/python3.12/site-packages/sqlalchemy/orm/persistence.py", line 1048, in _emit_insert_statements
    result = connection.execute(
             ^^^^^^^^^^^^^^^^^^^
  File "/Users/sachinmishra/Desktop/MCP/.venv/lib/python3.12/site-packages/sqlalchemy/engine/base.py", line 1419, in execute
    return meth(
           ^^^^^
  File "/Users/sachinmishra/Desktop/MCP/.venv/lib/python3.12/site-packages/sqlalchemy/sql/elements.py", line 527, in _execute_on_connection
    return connection._execute_clauseelement(
           ^^^^^^^^^^^^^^^^^^^^^^^^^^^^^^^^^^
  File "/Users/sachinmishra/Desktop/MCP/.venv/lib/python3.12/site-packages/sqlalchemy/engine/base.py", line 1641, in _execute_clauseelement
    ret = self._execute_context(
          ^^^^^^^^^^^^^^^^^^^^^^
  File "/Users/sachinmishra/Desktop/MCP/.venv/lib/python3.12/site-packages/sqlalchemy/engine/base.py", line 1846, in _execute_context
    return self._exec_single_context(
           ^^^^^^^^^^^^^^^^^^^^^^^^^^
  File "/Users/sachinmishra/Desktop/MCP/.venv/lib/python3.12/site-packages/sqlalchemy/engine/base.py", line 1986, in _exec_single_context
    self._handle_dbapi_exception(
  File "/Users/sachinmishra/Desktop/MCP/.venv/lib/python3.12/site-packages/sqlalchemy/engine/base.py", line 2363, in _handle_dbapi_exception
    raise sqlalchemy_exception.with_traceback(exc_info[2]) from e
  File "/Users/sachinmishra/Desktop/MCP/.venv/lib/python3.12/site-packages/sqlalchemy/engine/base.py", line 1967, in _exec_single_context
    self.dialect.do_execute(
  File "/Users/sachinmishra/Desktop/MCP/.venv/lib/python3.12/site-packages/sqlalchemy/engine/default.py", line 952, in do_execute
    cursor.execute(statement, parameters)
  File "/Users/sachinmishra/Desktop/MCP/.venv/lib/python3.12/site-packages/sqlalchemy/dialects/postgresql/asyncpg.py", line 585, in execute
    self._adapt_connection.await_(
  File "/Users/sachinmishra/Desktop/MCP/.venv/lib/python3.12/site-packages/sqlalchemy/util/_concurrency_py3k.py", line 132, in await_only
    return current.parent.switch(awaitable)  # type: ignore[no-any-return,attr-defined] # noqa: E501
           ^^^^^^^^^^^^^^^^^^^^^^^^^^^^^^^^
  File "/Users/sachinmishra/Desktop/MCP/.venv/lib/python3.12/site-packages/sqlalchemy/util/_concurrency_py3k.py", line 196, in greenlet_spawn
    value = await result
            ^^^^^^^^^^^^
  File "/Users/sachinmishra/Desktop/MCP/.venv/lib/python3.12/site-packages/sqlalchemy/dialects/postgresql/asyncpg.py", line 563, in _prepare_and_execute
    self._handle_exception(error)
  File "/Users/sachinmishra/Desktop/MCP/.venv/lib/python3.12/site-packages/sqlalchemy/dialects/postgresql/asyncpg.py", line 513, in _handle_exception
    self._adapt_connection._handle_exception(error)
  File "/Users/sachinmishra/Desktop/MCP/.venv/lib/python3.12/site-packages/sqlalchemy/dialects/postgresql/asyncpg.py", line 797, in _handle_exception
    raise translated_error from error
sqlalchemy.exc.DBAPIError: (sqlalchemy.dialects.postgresql.asyncpg.Error) <class 'asyncpg.exceptions.DataError'>: invalid input for query argument $5: datetime.datetime(2026, 2, 10, 16, 1, 39... (can't subtract offset-naive and offset-aware datetimes)
[SQL: INSERT INTO vital (id, user_id, metric, value, timestamp) VALUES ($1::UUID, $2::UUID, $3::VARCHAR, $4::FLOAT, $5::TIMESTAMP WITHOUT TIME ZONE)]
[parameters: (UUID('b3aa4595-c223-4a17-9f90-f213c61ada66'), UUID('f21c4163-ffd3-4b2b-837e-52990335c8d9'), 'heart_rate', 76.0, datetime.datetime(2026, 2, 10, 16, 1, 39, 872825, tzinfo=datetime.timezone.utc))]
(Background on this error at: https://sqlalche.me/e/20/dbapi)
INFO:     127.0.0.1:57413 - "POST /vitals HTTP/1.1" 500 Internal Server Error
ERROR:    Exception in ASGI application
Traceback (most recent call last):
  File "asyncpg/protocol/prepared_stmt.pyx", line 175, in asyncpg.protocol.protocol.PreparedStatementState._encode_bind_msg
  File "asyncpg/protocol/codecs/base.pyx", line 251, in asyncpg.protocol.protocol.Codec.encode
  File "asyncpg/protocol/codecs/base.pyx", line 153, in asyncpg.protocol.protocol.Codec.encode_scalar
  File "asyncpg/pgproto/codecs/datetime.pyx", line 152, in asyncpg.pgproto.pgproto.timestamp_encode
TypeError: can't subtract offset-naive and offset-aware datetimes

The above exception was the direct cause of the following exception:

Traceback (most recent call last):
  File "/Users/sachinmishra/Desktop/MCP/.venv/lib/python3.12/site-packages/sqlalchemy/dialects/postgresql/asyncpg.py", line 550, in _prepare_and_execute
    self._rows = deque(await prepared_stmt.fetch(*parameters))
                       ^^^^^^^^^^^^^^^^^^^^^^^^^^^^^^^^^^^^^^
  File "/Users/sachinmishra/Desktop/MCP/.venv/lib/python3.12/site-packages/asyncpg/prepared_stmt.py", line 177, in fetch
    data = await self.__bind_execute(args, 0, timeout)
           ^^^^^^^^^^^^^^^^^^^^^^^^^^^^^^^^^^^^^^^^^^^
  File "/Users/sachinmishra/Desktop/MCP/.venv/lib/python3.12/site-packages/asyncpg/prepared_stmt.py", line 268, in __bind_execute
    data, status, _ = await self.__do_execute(
                      ^^^^^^^^^^^^^^^^^^^^^^^^
  File "/Users/sachinmishra/Desktop/MCP/.venv/lib/python3.12/site-packages/asyncpg/prepared_stmt.py", line 257, in __do_execute
    return await executor(protocol)
           ^^^^^^^^^^^^^^^^^^^^^^^^
  File "asyncpg/protocol/protocol.pyx", line 184, in bind_execute
  File "asyncpg/protocol/prepared_stmt.pyx", line 204, in asyncpg.protocol.protocol.PreparedStatementState._encode_bind_msg
asyncpg.exceptions.DataError: invalid input for query argument $5: datetime.datetime(2026, 2, 10, 16, 1, 41... (can't subtract offset-naive and offset-aware datetimes)

The above exception was the direct cause of the following exception:

Traceback (most recent call last):
  File "/Users/sachinmishra/Desktop/MCP/.venv/lib/python3.12/site-packages/sqlalchemy/engine/base.py", line 1967, in _exec_single_context
    self.dialect.do_execute(
  File "/Users/sachinmishra/Desktop/MCP/.venv/lib/python3.12/site-packages/sqlalchemy/engine/default.py", line 952, in do_execute
    cursor.execute(statement, parameters)
  File "/Users/sachinmishra/Desktop/MCP/.venv/lib/python3.12/site-packages/sqlalchemy/dialects/postgresql/asyncpg.py", line 585, in execute
    self._adapt_connection.await_(
  File "/Users/sachinmishra/Desktop/MCP/.venv/lib/python3.12/site-packages/sqlalchemy/util/_concurrency_py3k.py", line 132, in await_only
    return current.parent.switch(awaitable)  # type: ignore[no-any-return,attr-defined] # noqa: E501
           ^^^^^^^^^^^^^^^^^^^^^^^^^^^^^^^^
  File "/Users/sachinmishra/Desktop/MCP/.venv/lib/python3.12/site-packages/sqlalchemy/util/_concurrency_py3k.py", line 196, in greenlet_spawn
    value = await result
            ^^^^^^^^^^^^
  File "/Users/sachinmishra/Desktop/MCP/.venv/lib/python3.12/site-packages/sqlalchemy/dialects/postgresql/asyncpg.py", line 563, in _prepare_and_execute
    self._handle_exception(error)
  File "/Users/sachinmishra/Desktop/MCP/.venv/lib/python3.12/site-packages/sqlalchemy/dialects/postgresql/asyncpg.py", line 513, in _handle_exception
    self._adapt_connection._handle_exception(error)
  File "/Users/sachinmishra/Desktop/MCP/.venv/lib/python3.12/site-packages/sqlalchemy/dialects/postgresql/asyncpg.py", line 797, in _handle_exception
    raise translated_error from error
sqlalchemy.dialects.postgresql.asyncpg.AsyncAdapt_asyncpg_dbapi.Error: <class 'asyncpg.exceptions.DataError'>: invalid input for query argument $5: datetime.datetime(2026, 2, 10, 16, 1, 41... (can't subtract offset-naive and offset-aware datetimes)

The above exception was the direct cause of the following exception:

Traceback (most recent call last):
  File "/Users/sachinmishra/Desktop/MCP/.venv/lib/python3.12/site-packages/uvicorn/protocols/http/httptools_impl.py", line 416, in run_asgi
    result = await app(  # type: ignore[func-returns-value]
             ^^^^^^^^^^^^^^^^^^^^^^^^^^^^^^^^^^^^^^^^^^^^^^
  File "/Users/sachinmishra/Desktop/MCP/.venv/lib/python3.12/site-packages/uvicorn/middleware/proxy_headers.py", line 60, in __call__
    return await self.app(scope, receive, send)
           ^^^^^^^^^^^^^^^^^^^^^^^^^^^^^^^^^^^^
  File "/Users/sachinmishra/Desktop/MCP/.venv/lib/python3.12/site-packages/fastapi/applications.py", line 1138, in __call__
    await super().__call__(scope, receive, send)
  File "/Users/sachinmishra/Desktop/MCP/.venv/lib/python3.12/site-packages/starlette/applications.py", line 107, in __call__
    await self.middleware_stack(scope, receive, send)
  File "/Users/sachinmishra/Desktop/MCP/.venv/lib/python3.12/site-packages/starlette/middleware/errors.py", line 186, in __call__
    raise exc
  File "/Users/sachinmishra/Desktop/MCP/.venv/lib/python3.12/site-packages/starlette/middleware/errors.py", line 164, in __call__
    await self.app(scope, receive, _send)
  File "/Users/sachinmishra/Desktop/MCP/.venv/lib/python3.12/site-packages/starlette/middleware/exceptions.py", line 63, in __call__
    await wrap_app_handling_exceptions(self.app, conn)(scope, receive, send)
  File "/Users/sachinmishra/Desktop/MCP/.venv/lib/python3.12/site-packages/starlette/_exception_handler.py", line 53, in wrapped_app
    raise exc
  File "/Users/sachinmishra/Desktop/MCP/.venv/lib/python3.12/site-packages/starlette/_exception_handler.py", line 42, in wrapped_app
    await app(scope, receive, sender)
  File "/Users/sachinmishra/Desktop/MCP/.venv/lib/python3.12/site-packages/fastapi/middleware/asyncexitstack.py", line 18, in __call__
    await self.app(scope, receive, send)
  File "/Users/sachinmishra/Desktop/MCP/.venv/lib/python3.12/site-packages/starlette/routing.py", line 716, in __call__
    await self.middleware_stack(scope, receive, send)
  File "/Users/sachinmishra/Desktop/MCP/.venv/lib/python3.12/site-packages/starlette/routing.py", line 736, in app
    await route.handle(scope, receive, send)
  File "/Users/sachinmishra/Desktop/MCP/.venv/lib/python3.12/site-packages/starlette/routing.py", line 290, in handle
    await self.app(scope, receive, send)
  File "/Users/sachinmishra/Desktop/MCP/.venv/lib/python3.12/site-packages/fastapi/routing.py", line 121, in app
    await wrap_app_handling_exceptions(app, request)(scope, receive, send)
  File "/Users/sachinmishra/Desktop/MCP/.venv/lib/python3.12/site-packages/starlette/_exception_handler.py", line 53, in wrapped_app
    raise exc
  File "/Users/sachinmishra/Desktop/MCP/.venv/lib/python3.12/site-packages/starlette/_exception_handler.py", line 42, in wrapped_app
    await app(scope, receive, sender)
  File "/Users/sachinmishra/Desktop/MCP/.venv/lib/python3.12/site-packages/fastapi/routing.py", line 107, in app
    response = await f(request)
               ^^^^^^^^^^^^^^^^
  File "/Users/sachinmishra/Desktop/MCP/.venv/lib/python3.12/site-packages/fastapi/routing.py", line 426, in app
    raw_response = await run_endpoint_function(
                   ^^^^^^^^^^^^^^^^^^^^^^^^^^^^
  File "/Users/sachinmishra/Desktop/MCP/.venv/lib/python3.12/site-packages/fastapi/routing.py", line 314, in run_endpoint_function
    return await dependant.call(**values)
           ^^^^^^^^^^^^^^^^^^^^^^^^^^^^^^
  File "/Users/sachinmishra/Desktop/MCP/health-monitor/backend/main.py", line 45, in ingest_vital
    await session.commit()
  File "/Users/sachinmishra/Desktop/MCP/.venv/lib/python3.12/site-packages/sqlalchemy/ext/asyncio/session.py", line 1000, in commit
    await greenlet_spawn(self.sync_session.commit)
  File "/Users/sachinmishra/Desktop/MCP/.venv/lib/python3.12/site-packages/sqlalchemy/util/_concurrency_py3k.py", line 203, in greenlet_spawn
    result = context.switch(value)
             ^^^^^^^^^^^^^^^^^^^^^
  File "/Users/sachinmishra/Desktop/MCP/.venv/lib/python3.12/site-packages/sqlalchemy/orm/session.py", line 2030, in commit
    trans.commit(_to_root=True)
  File "<string>", line 2, in commit
  File "/Users/sachinmishra/Desktop/MCP/.venv/lib/python3.12/site-packages/sqlalchemy/orm/state_changes.py", line 137, in _go
    ret_value = fn(self, *arg, **kw)
                ^^^^^^^^^^^^^^^^^^^^
  File "/Users/sachinmishra/Desktop/MCP/.venv/lib/python3.12/site-packages/sqlalchemy/orm/session.py", line 1311, in commit
    self._prepare_impl()
  File "<string>", line 2, in _prepare_impl
  File "/Users/sachinmishra/Desktop/MCP/.venv/lib/python3.12/site-packages/sqlalchemy/orm/state_changes.py", line 137, in _go
    ret_value = fn(self, *arg, **kw)
                ^^^^^^^^^^^^^^^^^^^^
  File "/Users/sachinmishra/Desktop/MCP/.venv/lib/python3.12/site-packages/sqlalchemy/orm/session.py", line 1286, in _prepare_impl
    self.session.flush()
  File "/Users/sachinmishra/Desktop/MCP/.venv/lib/python3.12/site-packages/sqlalchemy/orm/session.py", line 4331, in flush
    self._flush(objects)
  File "/Users/sachinmishra/Desktop/MCP/.venv/lib/python3.12/site-packages/sqlalchemy/orm/session.py", line 4466, in _flush
    with util.safe_reraise():
  File "/Users/sachinmishra/Desktop/MCP/.venv/lib/python3.12/site-packages/sqlalchemy/util/langhelpers.py", line 224, in __exit__
    raise exc_value.with_traceback(exc_tb)
  File "/Users/sachinmishra/Desktop/MCP/.venv/lib/python3.12/site-packages/sqlalchemy/orm/session.py", line 4427, in _flush
    flush_context.execute()
  File "/Users/sachinmishra/Desktop/MCP/.venv/lib/python3.12/site-packages/sqlalchemy/orm/unitofwork.py", line 466, in execute
    rec.execute(self)
  File "/Users/sachinmishra/Desktop/MCP/.venv/lib/python3.12/site-packages/sqlalchemy/orm/unitofwork.py", line 642, in execute
    util.preloaded.orm_persistence.save_obj(
  File "/Users/sachinmishra/Desktop/MCP/.venv/lib/python3.12/site-packages/sqlalchemy/orm/persistence.py", line 93, in save_obj
    _emit_insert_statements(
  File "/Users/sachinmishra/Desktop/MCP/.venv/lib/python3.12/site-packages/sqlalchemy/orm/persistence.py", line 1048, in _emit_insert_statements
    result = connection.execute(
             ^^^^^^^^^^^^^^^^^^^
  File "/Users/sachinmishra/Desktop/MCP/.venv/lib/python3.12/site-packages/sqlalchemy/engine/base.py", line 1419, in execute
    return meth(
           ^^^^^
  File "/Users/sachinmishra/Desktop/MCP/.venv/lib/python3.12/site-packages/sqlalchemy/sql/elements.py", line 527, in _execute_on_connection
    return connection._execute_clauseelement(
           ^^^^^^^^^^^^^^^^^^^^^^^^^^^^^^^^^^
  File "/Users/sachinmishra/Desktop/MCP/.venv/lib/python3.12/site-packages/sqlalchemy/engine/base.py", line 1641, in _execute_clauseelement
    ret = self._execute_context(
          ^^^^^^^^^^^^^^^^^^^^^^
  File "/Users/sachinmishra/Desktop/MCP/.venv/lib/python3.12/site-packages/sqlalchemy/engine/base.py", line 1846, in _execute_context
    return self._exec_single_context(
           ^^^^^^^^^^^^^^^^^^^^^^^^^^
  File "/Users/sachinmishra/Desktop/MCP/.venv/lib/python3.12/site-packages/sqlalchemy/engine/base.py", line 1986, in _exec_single_context
    self._handle_dbapi_exception(
  File "/Users/sachinmishra/Desktop/MCP/.venv/lib/python3.12/site-packages/sqlalchemy/engine/base.py", line 2363, in _handle_dbapi_exception
    raise sqlalchemy_exception.with_traceback(exc_info[2]) from e
  File "/Users/sachinmishra/Desktop/MCP/.venv/lib/python3.12/site-packages/sqlalchemy/engine/base.py", line 1967, in _exec_single_context
    self.dialect.do_execute(
  File "/Users/sachinmishra/Desktop/MCP/.venv/lib/python3.12/site-packages/sqlalchemy/engine/default.py", line 952, in do_execute
    cursor.execute(statement, parameters)
  File "/Users/sachinmishra/Desktop/MCP/.venv/lib/python3.12/site-packages/sqlalchemy/dialects/postgresql/asyncpg.py", line 585, in execute
    self._adapt_connection.await_(
  File "/Users/sachinmishra/Desktop/MCP/.venv/lib/python3.12/site-packages/sqlalchemy/util/_concurrency_py3k.py", line 132, in await_only
    return current.parent.switch(awaitable)  # type: ignore[no-any-return,attr-defined] # noqa: E501
           ^^^^^^^^^^^^^^^^^^^^^^^^^^^^^^^^
  File "/Users/sachinmishra/Desktop/MCP/.venv/lib/python3.12/site-packages/sqlalchemy/util/_concurrency_py3k.py", line 196, in greenlet_spawn
    value = await result
            ^^^^^^^^^^^^
  File "/Users/sachinmishra/Desktop/MCP/.venv/lib/python3.12/site-packages/sqlalchemy/dialects/postgresql/asyncpg.py", line 563, in _prepare_and_execute
    self._handle_exception(error)
  File "/Users/sachinmishra/Desktop/MCP/.venv/lib/python3.12/site-packages/sqlalchemy/dialects/postgresql/asyncpg.py", line 513, in _handle_exception
    self._adapt_connection._handle_exception(error)
  File "/Users/sachinmishra/Desktop/MCP/.venv/lib/python3.12/site-packages/sqlalchemy/dialects/postgresql/asyncpg.py", line 797, in _handle_exception
    raise translated_error from error
sqlalchemy.exc.DBAPIError: (sqlalchemy.dialects.postgresql.asyncpg.Error) <class 'asyncpg.exceptions.DataError'>: invalid input for query argument $5: datetime.datetime(2026, 2, 10, 16, 1, 41... (can't subtract offset-naive and offset-aware datetimes)
[SQL: INSERT INTO vital (id, user_id, metric, value, timestamp) VALUES ($1::UUID, $2::UUID, $3::VARCHAR, $4::FLOAT, $5::TIMESTAMP WITHOUT TIME ZONE)]
[parameters: (UUID('72150249-83ce-4529-8112-bf8c3654f7e4'), UUID('f21c4163-ffd3-4b2b-837e-52990335c8d9'), 'heart_rate', 42.0, datetime.datetime(2026, 2, 10, 16, 1, 41, 889554, tzinfo=datetime.timezone.utc))]
(Background on this error at: https://sqlalche.me/e/20/dbapi)
INFO:     127.0.0.1:57417 - "POST /vitals HTTP/1.1" 500 Internal Server Error
ERROR:    Exception in ASGI application
Traceback (most recent call last):
  File "asyncpg/protocol/prepared_stmt.pyx", line 175, in asyncpg.protocol.protocol.PreparedStatementState._encode_bind_msg
  File "asyncpg/protocol/codecs/base.pyx", line 251, in asyncpg.protocol.protocol.Codec.encode
  File "asyncpg/protocol/codecs/base.pyx", line 153, in asyncpg.protocol.protocol.Codec.encode_scalar
  File "asyncpg/pgproto/codecs/datetime.pyx", line 152, in asyncpg.pgproto.pgproto.timestamp_encode
TypeError: can't subtract offset-naive and offset-aware datetimes

The above exception was the direct cause of the following exception:

Traceback (most recent call last):
  File "/Users/sachinmishra/Desktop/MCP/.venv/lib/python3.12/site-packages/sqlalchemy/dialects/postgresql/asyncpg.py", line 550, in _prepare_and_execute
    self._rows = deque(await prepared_stmt.fetch(*parameters))
                       ^^^^^^^^^^^^^^^^^^^^^^^^^^^^^^^^^^^^^^
  File "/Users/sachinmishra/Desktop/MCP/.venv/lib/python3.12/site-packages/asyncpg/prepared_stmt.py", line 177, in fetch
    data = await self.__bind_execute(args, 0, timeout)
           ^^^^^^^^^^^^^^^^^^^^^^^^^^^^^^^^^^^^^^^^^^^
  File "/Users/sachinmishra/Desktop/MCP/.venv/lib/python3.12/site-packages/asyncpg/prepared_stmt.py", line 268, in __bind_execute
    data, status, _ = await self.__do_execute(
                      ^^^^^^^^^^^^^^^^^^^^^^^^
  File "/Users/sachinmishra/Desktop/MCP/.venv/lib/python3.12/site-packages/asyncpg/prepared_stmt.py", line 257, in __do_execute
    return await executor(protocol)
           ^^^^^^^^^^^^^^^^^^^^^^^^
  File "asyncpg/protocol/protocol.pyx", line 184, in bind_execute
  File "asyncpg/protocol/prepared_stmt.pyx", line 204, in asyncpg.protocol.protocol.PreparedStatementState._encode_bind_msg
asyncpg.exceptions.DataError: invalid input for query argument $5: datetime.datetime(2026, 2, 10, 16, 1, 43... (can't subtract offset-naive and offset-aware datetimes)

The above exception was the direct cause of the following exception:

Traceback (most recent call last):
  File "/Users/sachinmishra/Desktop/MCP/.venv/lib/python3.12/site-packages/sqlalchemy/engine/base.py", line 1967, in _exec_single_context
    self.dialect.do_execute(
  File "/Users/sachinmishra/Desktop/MCP/.venv/lib/python3.12/site-packages/sqlalchemy/engine/default.py", line 952, in do_execute
    cursor.execute(statement, parameters)
  File "/Users/sachinmishra/Desktop/MCP/.venv/lib/python3.12/site-packages/sqlalchemy/dialects/postgresql/asyncpg.py", line 585, in execute
    self._adapt_connection.await_(
  File "/Users/sachinmishra/Desktop/MCP/.venv/lib/python3.12/site-packages/sqlalchemy/util/_concurrency_py3k.py", line 132, in await_only
    return current.parent.switch(awaitable)  # type: ignore[no-any-return,attr-defined] # noqa: E501
           ^^^^^^^^^^^^^^^^^^^^^^^^^^^^^^^^
  File "/Users/sachinmishra/Desktop/MCP/.venv/lib/python3.12/site-packages/sqlalchemy/util/_concurrency_py3k.py", line 196, in greenlet_spawn
    value = await result
            ^^^^^^^^^^^^
  File "/Users/sachinmishra/Desktop/MCP/.venv/lib/python3.12/site-packages/sqlalchemy/dialects/postgresql/asyncpg.py", line 563, in _prepare_and_execute
    self._handle_exception(error)
  File "/Users/sachinmishra/Desktop/MCP/.venv/lib/python3.12/site-packages/sqlalchemy/dialects/postgresql/asyncpg.py", line 513, in _handle_exception
    self._adapt_connection._handle_exception(error)
  File "/Users/sachinmishra/Desktop/MCP/.venv/lib/python3.12/site-packages/sqlalchemy/dialects/postgresql/asyncpg.py", line 797, in _handle_exception
    raise translated_error from error
sqlalchemy.dialects.postgresql.asyncpg.AsyncAdapt_asyncpg_dbapi.Error: <class 'asyncpg.exceptions.DataError'>: invalid input for query argument $5: datetime.datetime(2026, 2, 10, 16, 1, 43... (can't subtract offset-naive and offset-aware datetimes)

The above exception was the direct cause of the following exception:

Traceback (most recent call last):
  File "/Users/sachinmishra/Desktop/MCP/.venv/lib/python3.12/site-packages/uvicorn/protocols/http/httptools_impl.py", line 416, in run_asgi
    result = await app(  # type: ignore[func-returns-value]
             ^^^^^^^^^^^^^^^^^^^^^^^^^^^^^^^^^^^^^^^^^^^^^^
  File "/Users/sachinmishra/Desktop/MCP/.venv/lib/python3.12/site-packages/uvicorn/middleware/proxy_headers.py", line 60, in __call__
    return await self.app(scope, receive, send)
           ^^^^^^^^^^^^^^^^^^^^^^^^^^^^^^^^^^^^
  File "/Users/sachinmishra/Desktop/MCP/.venv/lib/python3.12/site-packages/fastapi/applications.py", line 1138, in __call__
    await super().__call__(scope, receive, send)
  File "/Users/sachinmishra/Desktop/MCP/.venv/lib/python3.12/site-packages/starlette/applications.py", line 107, in __call__
    await self.middleware_stack(scope, receive, send)
  File "/Users/sachinmishra/Desktop/MCP/.venv/lib/python3.12/site-packages/starlette/middleware/errors.py", line 186, in __call__
    raise exc
  File "/Users/sachinmishra/Desktop/MCP/.venv/lib/python3.12/site-packages/starlette/middleware/errors.py", line 164, in __call__
    await self.app(scope, receive, _send)
  File "/Users/sachinmishra/Desktop/MCP/.venv/lib/python3.12/site-packages/starlette/middleware/exceptions.py", line 63, in __call__
    await wrap_app_handling_exceptions(self.app, conn)(scope, receive, send)
  File "/Users/sachinmishra/Desktop/MCP/.venv/lib/python3.12/site-packages/starlette/_exception_handler.py", line 53, in wrapped_app
    raise exc
  File "/Users/sachinmishra/Desktop/MCP/.venv/lib/python3.12/site-packages/starlette/_exception_handler.py", line 42, in wrapped_app
    await app(scope, receive, sender)
  File "/Users/sachinmishra/Desktop/MCP/.venv/lib/python3.12/site-packages/fastapi/middleware/asyncexitstack.py", line 18, in __call__
    await self.app(scope, receive, send)
  File "/Users/sachinmishra/Desktop/MCP/.venv/lib/python3.12/site-packages/starlette/routing.py", line 716, in __call__
    await self.middleware_stack(scope, receive, send)
  File "/Users/sachinmishra/Desktop/MCP/.venv/lib/python3.12/site-packages/starlette/routing.py", line 736, in app
    await route.handle(scope, receive, send)
  File "/Users/sachinmishra/Desktop/MCP/.venv/lib/python3.12/site-packages/starlette/routing.py", line 290, in handle
    await self.app(scope, receive, send)
  File "/Users/sachinmishra/Desktop/MCP/.venv/lib/python3.12/site-packages/fastapi/routing.py", line 121, in app
    await wrap_app_handling_exceptions(app, request)(scope, receive, send)
  File "/Users/sachinmishra/Desktop/MCP/.venv/lib/python3.12/site-packages/starlette/_exception_handler.py", line 53, in wrapped_app
    raise exc
  File "/Users/sachinmishra/Desktop/MCP/.venv/lib/python3.12/site-packages/starlette/_exception_handler.py", line 42, in wrapped_app
    await app(scope, receive, sender)
  File "/Users/sachinmishra/Desktop/MCP/.venv/lib/python3.12/site-packages/fastapi/routing.py", line 107, in app
    response = await f(request)
               ^^^^^^^^^^^^^^^^
  File "/Users/sachinmishra/Desktop/MCP/.venv/lib/python3.12/site-packages/fastapi/routing.py", line 426, in app
    raw_response = await run_endpoint_function(
                   ^^^^^^^^^^^^^^^^^^^^^^^^^^^^
  File "/Users/sachinmishra/Desktop/MCP/.venv/lib/python3.12/site-packages/fastapi/routing.py", line 314, in run_endpoint_function
    return await dependant.call(**values)
           ^^^^^^^^^^^^^^^^^^^^^^^^^^^^^^
  File "/Users/sachinmishra/Desktop/MCP/health-monitor/backend/main.py", line 45, in ingest_vital
    await session.commit()
  File "/Users/sachinmishra/Desktop/MCP/.venv/lib/python3.12/site-packages/sqlalchemy/ext/asyncio/session.py", line 1000, in commit
    await greenlet_spawn(self.sync_session.commit)
  File "/Users/sachinmishra/Desktop/MCP/.venv/lib/python3.12/site-packages/sqlalchemy/util/_concurrency_py3k.py", line 203, in greenlet_spawn
    result = context.switch(value)
             ^^^^^^^^^^^^^^^^^^^^^
  File "/Users/sachinmishra/Desktop/MCP/.venv/lib/python3.12/site-packages/sqlalchemy/orm/session.py", line 2030, in commit
    trans.commit(_to_root=True)
  File "<string>", line 2, in commit
  File "/Users/sachinmishra/Desktop/MCP/.venv/lib/python3.12/site-packages/sqlalchemy/orm/state_changes.py", line 137, in _go
    ret_value = fn(self, *arg, **kw)
                ^^^^^^^^^^^^^^^^^^^^
  File "/Users/sachinmishra/Desktop/MCP/.venv/lib/python3.12/site-packages/sqlalchemy/orm/session.py", line 1311, in commit
    self._prepare_impl()
  File "<string>", line 2, in _prepare_impl
  File "/Users/sachinmishra/Desktop/MCP/.venv/lib/python3.12/site-packages/sqlalchemy/orm/state_changes.py", line 137, in _go
    ret_value = fn(self, *arg, **kw)
                ^^^^^^^^^^^^^^^^^^^^
  File "/Users/sachinmishra/Desktop/MCP/.venv/lib/python3.12/site-packages/sqlalchemy/orm/session.py", line 1286, in _prepare_impl
    self.session.flush()
  File "/Users/sachinmishra/Desktop/MCP/.venv/lib/python3.12/site-packages/sqlalchemy/orm/session.py", line 4331, in flush
    self._flush(objects)
  File "/Users/sachinmishra/Desktop/MCP/.venv/lib/python3.12/site-packages/sqlalchemy/orm/session.py", line 4466, in _flush
    with util.safe_reraise():
  File "/Users/sachinmishra/Desktop/MCP/.venv/lib/python3.12/site-packages/sqlalchemy/util/langhelpers.py", line 224, in __exit__
    raise exc_value.with_traceback(exc_tb)
  File "/Users/sachinmishra/Desktop/MCP/.venv/lib/python3.12/site-packages/sqlalchemy/orm/session.py", line 4427, in _flush
    flush_context.execute()
  File "/Users/sachinmishra/Desktop/MCP/.venv/lib/python3.12/site-packages/sqlalchemy/orm/unitofwork.py", line 466, in execute
    rec.execute(self)
  File "/Users/sachinmishra/Desktop/MCP/.venv/lib/python3.12/site-packages/sqlalchemy/orm/unitofwork.py", line 642, in execute
    util.preloaded.orm_persistence.save_obj(
  File "/Users/sachinmishra/Desktop/MCP/.venv/lib/python3.12/site-packages/sqlalchemy/orm/persistence.py", line 93, in save_obj
    _emit_insert_statements(
  File "/Users/sachinmishra/Desktop/MCP/.venv/lib/python3.12/site-packages/sqlalchemy/orm/persistence.py", line 1048, in _emit_insert_statements
    result = connection.execute(
             ^^^^^^^^^^^^^^^^^^^
  File "/Users/sachinmishra/Desktop/MCP/.venv/lib/python3.12/site-packages/sqlalchemy/engine/base.py", line 1419, in execute
    return meth(
           ^^^^^
  File "/Users/sachinmishra/Desktop/MCP/.venv/lib/python3.12/site-packages/sqlalchemy/sql/elements.py", line 527, in _execute_on_connection
    return connection._execute_clauseelement(
           ^^^^^^^^^^^^^^^^^^^^^^^^^^^^^^^^^^
  File "/Users/sachinmishra/Desktop/MCP/.venv/lib/python3.12/site-packages/sqlalchemy/engine/base.py", line 1641, in _execute_clauseelement
    ret = self._execute_context(
          ^^^^^^^^^^^^^^^^^^^^^^
  File "/Users/sachinmishra/Desktop/MCP/.venv/lib/python3.12/site-packages/sqlalchemy/engine/base.py", line 1846, in _execute_context
    return self._exec_single_context(
           ^^^^^^^^^^^^^^^^^^^^^^^^^^
  File "/Users/sachinmishra/Desktop/MCP/.venv/lib/python3.12/site-packages/sqlalchemy/engine/base.py", line 1986, in _exec_single_context
    self._handle_dbapi_exception(
  File "/Users/sachinmishra/Desktop/MCP/.venv/lib/python3.12/site-packages/sqlalchemy/engine/base.py", line 2363, in _handle_dbapi_exception
    raise sqlalchemy_exception.with_traceback(exc_info[2]) from e
  File "/Users/sachinmishra/Desktop/MCP/.venv/lib/python3.12/site-packages/sqlalchemy/engine/base.py", line 1967, in _exec_single_context
    self.dialect.do_execute(
  File "/Users/sachinmishra/Desktop/MCP/.venv/lib/python3.12/site-packages/sqlalchemy/engine/default.py", line 952, in do_execute
    cursor.execute(statement, parameters)
  File "/Users/sachinmishra/Desktop/MCP/.venv/lib/python3.12/site-packages/sqlalchemy/dialects/postgresql/asyncpg.py", line 585, in execute
    self._adapt_connection.await_(
  File "/Users/sachinmishra/Desktop/MCP/.venv/lib/python3.12/site-packages/sqlalchemy/util/_concurrency_py3k.py", line 132, in await_only
    return current.parent.switch(awaitable)  # type: ignore[no-any-return,attr-defined] # noqa: E501
           ^^^^^^^^^^^^^^^^^^^^^^^^^^^^^^^^
  File "/Users/sachinmishra/Desktop/MCP/.venv/lib/python3.12/site-packages/sqlalchemy/util/_concurrency_py3k.py", line 196, in greenlet_spawn
    value = await result
            ^^^^^^^^^^^^
  File "/Users/sachinmishra/Desktop/MCP/.venv/lib/python3.12/site-packages/sqlalchemy/dialects/postgresql/asyncpg.py", line 563, in _prepare_and_execute
    self._handle_exception(error)
  File "/Users/sachinmishra/Desktop/MCP/.venv/lib/python3.12/site-packages/sqlalchemy/dialects/postgresql/asyncpg.py", line 513, in _handle_exception
    self._adapt_connection._handle_exception(error)
  File "/Users/sachinmishra/Desktop/MCP/.venv/lib/python3.12/site-packages/sqlalchemy/dialects/postgresql/asyncpg.py", line 797, in _handle_exception
    raise translated_error from error
sqlalchemy.exc.DBAPIError: (sqlalchemy.dialects.postgresql.asyncpg.Error) <class 'asyncpg.exceptions.DataError'>: invalid input for query argument $5: datetime.datetime(2026, 2, 10, 16, 1, 43... (can't subtract offset-naive and offset-aware datetimes)
[SQL: INSERT INTO vital (id, user_id, metric, value, timestamp) VALUES ($1::UUID, $2::UUID, $3::VARCHAR, $4::FLOAT, $5::TIMESTAMP WITHOUT TIME ZONE)]
[parameters: (UUID('bf5d05c7-fe7c-47bc-b4c6-f377c8176136'), UUID('f21c4163-ffd3-4b2b-837e-52990335c8d9'), 'heart_rate', 131.0, datetime.datetime(2026, 2, 10, 16, 1, 43, 902084, tzinfo=datetime.timezone.utc))]
(Background on this error at: https://sqlalche.me/e/20/dbapi)
INFO:     127.0.0.1:57422 - "POST /vitals HTTP/1.1" 500 Internal Server Error
ERROR:    Exception in ASGI application
Traceback (most recent call last):
  File "asyncpg/protocol/prepared_stmt.pyx", line 175, in asyncpg.protocol.protocol.PreparedStatementState._encode_bind_msg
  File "asyncpg/protocol/codecs/base.pyx", line 251, in asyncpg.protocol.protocol.Codec.encode
  File "asyncpg/protocol/codecs/base.pyx", line 153, in asyncpg.protocol.protocol.Codec.encode_scalar
  File "asyncpg/pgproto/codecs/datetime.pyx", line 152, in asyncpg.pgproto.pgproto.timestamp_encode
TypeError: can't subtract offset-naive and offset-aware datetimes

The above exception was the direct cause of the following exception:

Traceback (most recent call last):
  File "/Users/sachinmishra/Desktop/MCP/.venv/lib/python3.12/site-packages/sqlalchemy/dialects/postgresql/asyncpg.py", line 550, in _prepare_and_execute
    self._rows = deque(await prepared_stmt.fetch(*parameters))
                       ^^^^^^^^^^^^^^^^^^^^^^^^^^^^^^^^^^^^^^
  File "/Users/sachinmishra/Desktop/MCP/.venv/lib/python3.12/site-packages/asyncpg/prepared_stmt.py", line 177, in fetch
    data = await self.__bind_execute(args, 0, timeout)
           ^^^^^^^^^^^^^^^^^^^^^^^^^^^^^^^^^^^^^^^^^^^
  File "/Users/sachinmishra/Desktop/MCP/.venv/lib/python3.12/site-packages/asyncpg/prepared_stmt.py", line 268, in __bind_execute
    data, status, _ = await self.__do_execute(
                      ^^^^^^^^^^^^^^^^^^^^^^^^
  File "/Users/sachinmishra/Desktop/MCP/.venv/lib/python3.12/site-packages/asyncpg/prepared_stmt.py", line 257, in __do_execute
    return await executor(protocol)
           ^^^^^^^^^^^^^^^^^^^^^^^^
  File "asyncpg/protocol/protocol.pyx", line 184, in bind_execute
  File "asyncpg/protocol/prepared_stmt.pyx", line 204, in asyncpg.protocol.protocol.PreparedStatementState._encode_bind_msg
asyncpg.exceptions.DataError: invalid input for query argument $5: datetime.datetime(2026, 2, 10, 16, 1, 45... (can't subtract offset-naive and offset-aware datetimes)

The above exception was the direct cause of the following exception:

Traceback (most recent call last):
  File "/Users/sachinmishra/Desktop/MCP/.venv/lib/python3.12/site-packages/sqlalchemy/engine/base.py", line 1967, in _exec_single_context
    self.dialect.do_execute(
  File "/Users/sachinmishra/Desktop/MCP/.venv/lib/python3.12/site-packages/sqlalchemy/engine/default.py", line 952, in do_execute
    cursor.execute(statement, parameters)
  File "/Users/sachinmishra/Desktop/MCP/.venv/lib/python3.12/site-packages/sqlalchemy/dialects/postgresql/asyncpg.py", line 585, in execute
    self._adapt_connection.await_(
  File "/Users/sachinmishra/Desktop/MCP/.venv/lib/python3.12/site-packages/sqlalchemy/util/_concurrency_py3k.py", line 132, in await_only
    return current.parent.switch(awaitable)  # type: ignore[no-any-return,attr-defined] # noqa: E501
           ^^^^^^^^^^^^^^^^^^^^^^^^^^^^^^^^
  File "/Users/sachinmishra/Desktop/MCP/.venv/lib/python3.12/site-packages/sqlalchemy/util/_concurrency_py3k.py", line 196, in greenlet_spawn
    value = await result
            ^^^^^^^^^^^^
  File "/Users/sachinmishra/Desktop/MCP/.venv/lib/python3.12/site-packages/sqlalchemy/dialects/postgresql/asyncpg.py", line 563, in _prepare_and_execute
    self._handle_exception(error)
  File "/Users/sachinmishra/Desktop/MCP/.venv/lib/python3.12/site-packages/sqlalchemy/dialects/postgresql/asyncpg.py", line 513, in _handle_exception
    self._adapt_connection._handle_exception(error)
  File "/Users/sachinmishra/Desktop/MCP/.venv/lib/python3.12/site-packages/sqlalchemy/dialects/postgresql/asyncpg.py", line 797, in _handle_exception
    raise translated_error from error
sqlalchemy.dialects.postgresql.asyncpg.AsyncAdapt_asyncpg_dbapi.Error: <class 'asyncpg.exceptions.DataError'>: invalid input for query argument $5: datetime.datetime(2026, 2, 10, 16, 1, 45... (can't subtract offset-naive and offset-aware datetimes)

The above exception was the direct cause of the following exception:

Traceback (most recent call last):
  File "/Users/sachinmishra/Desktop/MCP/.venv/lib/python3.12/site-packages/uvicorn/protocols/http/httptools_impl.py", line 416, in run_asgi
    result = await app(  # type: ignore[func-returns-value]
             ^^^^^^^^^^^^^^^^^^^^^^^^^^^^^^^^^^^^^^^^^^^^^^
  File "/Users/sachinmishra/Desktop/MCP/.venv/lib/python3.12/site-packages/uvicorn/middleware/proxy_headers.py", line 60, in __call__
    return await self.app(scope, receive, send)
           ^^^^^^^^^^^^^^^^^^^^^^^^^^^^^^^^^^^^
  File "/Users/sachinmishra/Desktop/MCP/.venv/lib/python3.12/site-packages/fastapi/applications.py", line 1138, in __call__
    await super().__call__(scope, receive, send)
  File "/Users/sachinmishra/Desktop/MCP/.venv/lib/python3.12/site-packages/starlette/applications.py", line 107, in __call__
    await self.middleware_stack(scope, receive, send)
  File "/Users/sachinmishra/Desktop/MCP/.venv/lib/python3.12/site-packages/starlette/middleware/errors.py", line 186, in __call__
    raise exc
  File "/Users/sachinmishra/Desktop/MCP/.venv/lib/python3.12/site-packages/starlette/middleware/errors.py", line 164, in __call__
    await self.app(scope, receive, _send)
  File "/Users/sachinmishra/Desktop/MCP/.venv/lib/python3.12/site-packages/starlette/middleware/exceptions.py", line 63, in __call__
    await wrap_app_handling_exceptions(self.app, conn)(scope, receive, send)
  File "/Users/sachinmishra/Desktop/MCP/.venv/lib/python3.12/site-packages/starlette/_exception_handler.py", line 53, in wrapped_app
    raise exc
  File "/Users/sachinmishra/Desktop/MCP/.venv/lib/python3.12/site-packages/starlette/_exception_handler.py", line 42, in wrapped_app
    await app(scope, receive, sender)
  File "/Users/sachinmishra/Desktop/MCP/.venv/lib/python3.12/site-packages/fastapi/middleware/asyncexitstack.py", line 18, in __call__
    await self.app(scope, receive, send)
  File "/Users/sachinmishra/Desktop/MCP/.venv/lib/python3.12/site-packages/starlette/routing.py", line 716, in __call__
    await self.middleware_stack(scope, receive, send)
  File "/Users/sachinmishra/Desktop/MCP/.venv/lib/python3.12/site-packages/starlette/routing.py", line 736, in app
    await route.handle(scope, receive, send)
  File "/Users/sachinmishra/Desktop/MCP/.venv/lib/python3.12/site-packages/starlette/routing.py", line 290, in handle
    await self.app(scope, receive, send)
  File "/Users/sachinmishra/Desktop/MCP/.venv/lib/python3.12/site-packages/fastapi/routing.py", line 121, in app
    await wrap_app_handling_exceptions(app, request)(scope, receive, send)
  File "/Users/sachinmishra/Desktop/MCP/.venv/lib/python3.12/site-packages/starlette/_exception_handler.py", line 53, in wrapped_app
    raise exc
  File "/Users/sachinmishra/Desktop/MCP/.venv/lib/python3.12/site-packages/starlette/_exception_handler.py", line 42, in wrapped_app
    await app(scope, receive, sender)
  File "/Users/sachinmishra/Desktop/MCP/.venv/lib/python3.12/site-packages/fastapi/routing.py", line 107, in app
    response = await f(request)
               ^^^^^^^^^^^^^^^^
  File "/Users/sachinmishra/Desktop/MCP/.venv/lib/python3.12/site-packages/fastapi/routing.py", line 426, in app
    raw_response = await run_endpoint_function(
                   ^^^^^^^^^^^^^^^^^^^^^^^^^^^^
  File "/Users/sachinmishra/Desktop/MCP/.venv/lib/python3.12/site-packages/fastapi/routing.py", line 314, in run_endpoint_function
    return await dependant.call(**values)
           ^^^^^^^^^^^^^^^^^^^^^^^^^^^^^^
  File "/Users/sachinmishra/Desktop/MCP/health-monitor/backend/main.py", line 45, in ingest_vital
    await session.commit()
  File "/Users/sachinmishra/Desktop/MCP/.venv/lib/python3.12/site-packages/sqlalchemy/ext/asyncio/session.py", line 1000, in commit
    await greenlet_spawn(self.sync_session.commit)
  File "/Users/sachinmishra/Desktop/MCP/.venv/lib/python3.12/site-packages/sqlalchemy/util/_concurrency_py3k.py", line 203, in greenlet_spawn
    result = context.switch(value)
             ^^^^^^^^^^^^^^^^^^^^^
  File "/Users/sachinmishra/Desktop/MCP/.venv/lib/python3.12/site-packages/sqlalchemy/orm/session.py", line 2030, in commit
    trans.commit(_to_root=True)
  File "<string>", line 2, in commit
  File "/Users/sachinmishra/Desktop/MCP/.venv/lib/python3.12/site-packages/sqlalchemy/orm/state_changes.py", line 137, in _go
    ret_value = fn(self, *arg, **kw)
                ^^^^^^^^^^^^^^^^^^^^
  File "/Users/sachinmishra/Desktop/MCP/.venv/lib/python3.12/site-packages/sqlalchemy/orm/session.py", line 1311, in commit
    self._prepare_impl()
  File "<string>", line 2, in _prepare_impl
  File "/Users/sachinmishra/Desktop/MCP/.venv/lib/python3.12/site-packages/sqlalchemy/orm/state_changes.py", line 137, in _go
    ret_value = fn(self, *arg, **kw)
                ^^^^^^^^^^^^^^^^^^^^
  File "/Users/sachinmishra/Desktop/MCP/.venv/lib/python3.12/site-packages/sqlalchemy/orm/session.py", line 1286, in _prepare_impl
    self.session.flush()
  File "/Users/sachinmishra/Desktop/MCP/.venv/lib/python3.12/site-packages/sqlalchemy/orm/session.py", line 4331, in flush
    self._flush(objects)
  File "/Users/sachinmishra/Desktop/MCP/.venv/lib/python3.12/site-packages/sqlalchemy/orm/session.py", line 4466, in _flush
    with util.safe_reraise():
  File "/Users/sachinmishra/Desktop/MCP/.venv/lib/python3.12/site-packages/sqlalchemy/util/langhelpers.py", line 224, in __exit__
    raise exc_value.with_traceback(exc_tb)
  File "/Users/sachinmishra/Desktop/MCP/.venv/lib/python3.12/site-packages/sqlalchemy/orm/session.py", line 4427, in _flush
    flush_context.execute()
  File "/Users/sachinmishra/Desktop/MCP/.venv/lib/python3.12/site-packages/sqlalchemy/orm/unitofwork.py", line 466, in execute
    rec.execute(self)
  File "/Users/sachinmishra/Desktop/MCP/.venv/lib/python3.12/site-packages/sqlalchemy/orm/unitofwork.py", line 642, in execute
    util.preloaded.orm_persistence.save_obj(
  File "/Users/sachinmishra/Desktop/MCP/.venv/lib/python3.12/site-packages/sqlalchemy/orm/persistence.py", line 93, in save_obj
    _emit_insert_statements(
  File "/Users/sachinmishra/Desktop/MCP/.venv/lib/python3.12/site-packages/sqlalchemy/orm/persistence.py", line 1048, in _emit_insert_statements
    result = connection.execute(
             ^^^^^^^^^^^^^^^^^^^
  File "/Users/sachinmishra/Desktop/MCP/.venv/lib/python3.12/site-packages/sqlalchemy/engine/base.py", line 1419, in execute
    return meth(
           ^^^^^
  File "/Users/sachinmishra/Desktop/MCP/.venv/lib/python3.12/site-packages/sqlalchemy/sql/elements.py", line 527, in _execute_on_connection
    return connection._execute_clauseelement(
           ^^^^^^^^^^^^^^^^^^^^^^^^^^^^^^^^^^
  File "/Users/sachinmishra/Desktop/MCP/.venv/lib/python3.12/site-packages/sqlalchemy/engine/base.py", line 1641, in _execute_clauseelement
    ret = self._execute_context(
          ^^^^^^^^^^^^^^^^^^^^^^
  File "/Users/sachinmishra/Desktop/MCP/.venv/lib/python3.12/site-packages/sqlalchemy/engine/base.py", line 1846, in _execute_context
    return self._exec_single_context(
           ^^^^^^^^^^^^^^^^^^^^^^^^^^
  File "/Users/sachinmishra/Desktop/MCP/.venv/lib/python3.12/site-packages/sqlalchemy/engine/base.py", line 1986, in _exec_single_context
    self._handle_dbapi_exception(
  File "/Users/sachinmishra/Desktop/MCP/.venv/lib/python3.12/site-packages/sqlalchemy/engine/base.py", line 2363, in _handle_dbapi_exception
    raise sqlalchemy_exception.with_traceback(exc_info[2]) from e
  File "/Users/sachinmishra/Desktop/MCP/.venv/lib/python3.12/site-packages/sqlalchemy/engine/base.py", line 1967, in _exec_single_context
    self.dialect.do_execute(
  File "/Users/sachinmishra/Desktop/MCP/.venv/lib/python3.12/site-packages/sqlalchemy/engine/default.py", line 952, in do_execute
    cursor.execute(statement, parameters)
  File "/Users/sachinmishra/Desktop/MCP/.venv/lib/python3.12/site-packages/sqlalchemy/dialects/postgresql/asyncpg.py", line 585, in execute
    self._adapt_connection.await_(
  File "/Users/sachinmishra/Desktop/MCP/.venv/lib/python3.12/site-packages/sqlalchemy/util/_concurrency_py3k.py", line 132, in await_only
    return current.parent.switch(awaitable)  # type: ignore[no-any-return,attr-defined] # noqa: E501
           ^^^^^^^^^^^^^^^^^^^^^^^^^^^^^^^^
  File "/Users/sachinmishra/Desktop/MCP/.venv/lib/python3.12/site-packages/sqlalchemy/util/_concurrency_py3k.py", line 196, in greenlet_spawn
    value = await result
            ^^^^^^^^^^^^
  File "/Users/sachinmishra/Desktop/MCP/.venv/lib/python3.12/site-packages/sqlalchemy/dialects/postgresql/asyncpg.py", line 563, in _prepare_and_execute
    self._handle_exception(error)
  File "/Users/sachinmishra/Desktop/MCP/.venv/lib/python3.12/site-packages/sqlalchemy/dialects/postgresql/asyncpg.py", line 513, in _handle_exception
    self._adapt_connection._handle_exception(error)
  File "/Users/sachinmishra/Desktop/MCP/.venv/lib/python3.12/site-packages/sqlalchemy/dialects/postgresql/asyncpg.py", line 797, in _handle_exception
    raise translated_error from error
sqlalchemy.exc.DBAPIError: (sqlalchemy.dialects.postgresql.asyncpg.Error) <class 'asyncpg.exceptions.DataError'>: invalid input for query argument $5: datetime.datetime(2026, 2, 10, 16, 1, 45... (can't subtract offset-naive and offset-aware datetimes)
[SQL: INSERT INTO vital (id, user_id, metric, value, timestamp) VALUES ($1::UUID, $2::UUID, $3::VARCHAR, $4::FLOAT, $5::TIMESTAMP WITHOUT TIME ZONE)]
[parameters: (UUID('b6410659-0794-47ae-a8ec-24e0e96ca51f'), UUID('f21c4163-ffd3-4b2b-837e-52990335c8d9'), 'spo2', 96.0, datetime.datetime(2026, 2, 10, 16, 1, 45, 914197, tzinfo=datetime.timezone.utc))]
(Background on this error at: https://sqlalche.me/e/20/dbapi)
INFO:     127.0.0.1:57424 - "POST /vitals HTTP/1.1" 500 Internal Server Error
ERROR:    Exception in ASGI application
Traceback (most recent call last):
  File "asyncpg/protocol/prepared_stmt.pyx", line 175, in asyncpg.protocol.protocol.PreparedStatementState._encode_bind_msg
  File "asyncpg/protocol/codecs/base.pyx", line 251, in asyncpg.protocol.protocol.Codec.encode
  File "asyncpg/protocol/codecs/base.pyx", line 153, in asyncpg.protocol.protocol.Codec.encode_scalar
  File "asyncpg/pgproto/codecs/datetime.pyx", line 152, in asyncpg.pgproto.pgproto.timestamp_encode
TypeError: can't subtract offset-naive and offset-aware datetimes

The above exception was the direct cause of the following exception:

Traceback (most recent call last):
  File "/Users/sachinmishra/Desktop/MCP/.venv/lib/python3.12/site-packages/sqlalchemy/dialects/postgresql/asyncpg.py", line 550, in _prepare_and_execute
    self._rows = deque(await prepared_stmt.fetch(*parameters))
                       ^^^^^^^^^^^^^^^^^^^^^^^^^^^^^^^^^^^^^^
  File "/Users/sachinmishra/Desktop/MCP/.venv/lib/python3.12/site-packages/asyncpg/prepared_stmt.py", line 177, in fetch
    data = await self.__bind_execute(args, 0, timeout)
           ^^^^^^^^^^^^^^^^^^^^^^^^^^^^^^^^^^^^^^^^^^^
  File "/Users/sachinmishra/Desktop/MCP/.venv/lib/python3.12/site-packages/asyncpg/prepared_stmt.py", line 268, in __bind_execute
    data, status, _ = await self.__do_execute(
                      ^^^^^^^^^^^^^^^^^^^^^^^^
  File "/Users/sachinmishra/Desktop/MCP/.venv/lib/python3.12/site-packages/asyncpg/prepared_stmt.py", line 257, in __do_execute
    return await executor(protocol)
           ^^^^^^^^^^^^^^^^^^^^^^^^
  File "asyncpg/protocol/protocol.pyx", line 184, in bind_execute
  File "asyncpg/protocol/prepared_stmt.pyx", line 204, in asyncpg.protocol.protocol.PreparedStatementState._encode_bind_msg
asyncpg.exceptions.DataError: invalid input for query argument $5: datetime.datetime(2026, 2, 10, 16, 1, 47... (can't subtract offset-naive and offset-aware datetimes)

The above exception was the direct cause of the following exception:

Traceback (most recent call last):
  File "/Users/sachinmishra/Desktop/MCP/.venv/lib/python3.12/site-packages/sqlalchemy/engine/base.py", line 1967, in _exec_single_context
    self.dialect.do_execute(
  File "/Users/sachinmishra/Desktop/MCP/.venv/lib/python3.12/site-packages/sqlalchemy/engine/default.py", line 952, in do_execute
    cursor.execute(statement, parameters)
  File "/Users/sachinmishra/Desktop/MCP/.venv/lib/python3.12/site-packages/sqlalchemy/dialects/postgresql/asyncpg.py", line 585, in execute
    self._adapt_connection.await_(
  File "/Users/sachinmishra/Desktop/MCP/.venv/lib/python3.12/site-packages/sqlalchemy/util/_concurrency_py3k.py", line 132, in await_only
    return current.parent.switch(awaitable)  # type: ignore[no-any-return,attr-defined] # noqa: E501
           ^^^^^^^^^^^^^^^^^^^^^^^^^^^^^^^^
  File "/Users/sachinmishra/Desktop/MCP/.venv/lib/python3.12/site-packages/sqlalchemy/util/_concurrency_py3k.py", line 196, in greenlet_spawn
    value = await result
            ^^^^^^^^^^^^
  File "/Users/sachinmishra/Desktop/MCP/.venv/lib/python3.12/site-packages/sqlalchemy/dialects/postgresql/asyncpg.py", line 563, in _prepare_and_execute
    self._handle_exception(error)
  File "/Users/sachinmishra/Desktop/MCP/.venv/lib/python3.12/site-packages/sqlalchemy/dialects/postgresql/asyncpg.py", line 513, in _handle_exception
    self._adapt_connection._handle_exception(error)
  File "/Users/sachinmishra/Desktop/MCP/.venv/lib/python3.12/site-packages/sqlalchemy/dialects/postgresql/asyncpg.py", line 797, in _handle_exception
    raise translated_error from error
sqlalchemy.dialects.postgresql.asyncpg.AsyncAdapt_asyncpg_dbapi.Error: <class 'asyncpg.exceptions.DataError'>: invalid input for query argument $5: datetime.datetime(2026, 2, 10, 16, 1, 47... (can't subtract offset-naive and offset-aware datetimes)

The above exception was the direct cause of the following exception:

Traceback (most recent call last):
  File "/Users/sachinmishra/Desktop/MCP/.venv/lib/python3.12/site-packages/uvicorn/protocols/http/httptools_impl.py", line 416, in run_asgi
    result = await app(  # type: ignore[func-returns-value]
             ^^^^^^^^^^^^^^^^^^^^^^^^^^^^^^^^^^^^^^^^^^^^^^
  File "/Users/sachinmishra/Desktop/MCP/.venv/lib/python3.12/site-packages/uvicorn/middleware/proxy_headers.py", line 60, in __call__
    return await self.app(scope, receive, send)
           ^^^^^^^^^^^^^^^^^^^^^^^^^^^^^^^^^^^^
  File "/Users/sachinmishra/Desktop/MCP/.venv/lib/python3.12/site-packages/fastapi/applications.py", line 1138, in __call__
    await super().__call__(scope, receive, send)
  File "/Users/sachinmishra/Desktop/MCP/.venv/lib/python3.12/site-packages/starlette/applications.py", line 107, in __call__
    await self.middleware_stack(scope, receive, send)
  File "/Users/sachinmishra/Desktop/MCP/.venv/lib/python3.12/site-packages/starlette/middleware/errors.py", line 186, in __call__
    raise exc
  File "/Users/sachinmishra/Desktop/MCP/.venv/lib/python3.12/site-packages/starlette/middleware/errors.py", line 164, in __call__
    await self.app(scope, receive, _send)
  File "/Users/sachinmishra/Desktop/MCP/.venv/lib/python3.12/site-packages/starlette/middleware/exceptions.py", line 63, in __call__
    await wrap_app_handling_exceptions(self.app, conn)(scope, receive, send)
  File "/Users/sachinmishra/Desktop/MCP/.venv/lib/python3.12/site-packages/starlette/_exception_handler.py", line 53, in wrapped_app
    raise exc
  File "/Users/sachinmishra/Desktop/MCP/.venv/lib/python3.12/site-packages/starlette/_exception_handler.py", line 42, in wrapped_app
    await app(scope, receive, sender)
  File "/Users/sachinmishra/Desktop/MCP/.venv/lib/python3.12/site-packages/fastapi/middleware/asyncexitstack.py", line 18, in __call__
    await self.app(scope, receive, send)
  File "/Users/sachinmishra/Desktop/MCP/.venv/lib/python3.12/site-packages/starlette/routing.py", line 716, in __call__
    await self.middleware_stack(scope, receive, send)
  File "/Users/sachinmishra/Desktop/MCP/.venv/lib/python3.12/site-packages/starlette/routing.py", line 736, in app
    await route.handle(scope, receive, send)
  File "/Users/sachinmishra/Desktop/MCP/.venv/lib/python3.12/site-packages/starlette/routing.py", line 290, in handle
    await self.app(scope, receive, send)
  File "/Users/sachinmishra/Desktop/MCP/.venv/lib/python3.12/site-packages/fastapi/routing.py", line 121, in app
    await wrap_app_handling_exceptions(app, request)(scope, receive, send)
  File "/Users/sachinmishra/Desktop/MCP/.venv/lib/python3.12/site-packages/starlette/_exception_handler.py", line 53, in wrapped_app
    raise exc
  File "/Users/sachinmishra/Desktop/MCP/.venv/lib/python3.12/site-packages/starlette/_exception_handler.py", line 42, in wrapped_app
    await app(scope, receive, sender)
  File "/Users/sachinmishra/Desktop/MCP/.venv/lib/python3.12/site-packages/fastapi/routing.py", line 107, in app
    response = await f(request)
               ^^^^^^^^^^^^^^^^
  File "/Users/sachinmishra/Desktop/MCP/.venv/lib/python3.12/site-packages/fastapi/routing.py", line 426, in app
    raw_response = await run_endpoint_function(
                   ^^^^^^^^^^^^^^^^^^^^^^^^^^^^
  File "/Users/sachinmishra/Desktop/MCP/.venv/lib/python3.12/site-packages/fastapi/routing.py", line 314, in run_endpoint_function
    return await dependant.call(**values)
           ^^^^^^^^^^^^^^^^^^^^^^^^^^^^^^
  File "/Users/sachinmishra/Desktop/MCP/health-monitor/backend/main.py", line 45, in ingest_vital
    await session.commit()
  File "/Users/sachinmishra/Desktop/MCP/.venv/lib/python3.12/site-packages/sqlalchemy/ext/asyncio/session.py", line 1000, in commit
    await greenlet_spawn(self.sync_session.commit)
  File "/Users/sachinmishra/Desktop/MCP/.venv/lib/python3.12/site-packages/sqlalchemy/util/_concurrency_py3k.py", line 203, in greenlet_spawn
    result = context.switch(value)
             ^^^^^^^^^^^^^^^^^^^^^
  File "/Users/sachinmishra/Desktop/MCP/.venv/lib/python3.12/site-packages/sqlalchemy/orm/session.py", line 2030, in commit
    trans.commit(_to_root=True)
  File "<string>", line 2, in commit
  File "/Users/sachinmishra/Desktop/MCP/.venv/lib/python3.12/site-packages/sqlalchemy/orm/state_changes.py", line 137, in _go
    ret_value = fn(self, *arg, **kw)
                ^^^^^^^^^^^^^^^^^^^^
  File "/Users/sachinmishra/Desktop/MCP/.venv/lib/python3.12/site-packages/sqlalchemy/orm/session.py", line 1311, in commit
    self._prepare_impl()
  File "<string>", line 2, in _prepare_impl
  File "/Users/sachinmishra/Desktop/MCP/.venv/lib/python3.12/site-packages/sqlalchemy/orm/state_changes.py", line 137, in _go
    ret_value = fn(self, *arg, **kw)
                ^^^^^^^^^^^^^^^^^^^^
  File "/Users/sachinmishra/Desktop/MCP/.venv/lib/python3.12/site-packages/sqlalchemy/orm/session.py", line 1286, in _prepare_impl
    self.session.flush()
  File "/Users/sachinmishra/Desktop/MCP/.venv/lib/python3.12/site-packages/sqlalchemy/orm/session.py", line 4331, in flush
    self._flush(objects)
  File "/Users/sachinmishra/Desktop/MCP/.venv/lib/python3.12/site-packages/sqlalchemy/orm/session.py", line 4466, in _flush
    with util.safe_reraise():
  File "/Users/sachinmishra/Desktop/MCP/.venv/lib/python3.12/site-packages/sqlalchemy/util/langhelpers.py", line 224, in __exit__
    raise exc_value.with_traceback(exc_tb)
  File "/Users/sachinmishra/Desktop/MCP/.venv/lib/python3.12/site-packages/sqlalchemy/orm/session.py", line 4427, in _flush
    flush_context.execute()
  File "/Users/sachinmishra/Desktop/MCP/.venv/lib/python3.12/site-packages/sqlalchemy/orm/unitofwork.py", line 466, in execute
    rec.execute(self)
  File "/Users/sachinmishra/Desktop/MCP/.venv/lib/python3.12/site-packages/sqlalchemy/orm/unitofwork.py", line 642, in execute
    util.preloaded.orm_persistence.save_obj(
  File "/Users/sachinmishra/Desktop/MCP/.venv/lib/python3.12/site-packages/sqlalchemy/orm/persistence.py", line 93, in save_obj
    _emit_insert_statements(
  File "/Users/sachinmishra/Desktop/MCP/.venv/lib/python3.12/site-packages/sqlalchemy/orm/persistence.py", line 1048, in _emit_insert_statements
    result = connection.execute(
             ^^^^^^^^^^^^^^^^^^^
  File "/Users/sachinmishra/Desktop/MCP/.venv/lib/python3.12/site-packages/sqlalchemy/engine/base.py", line 1419, in execute
    return meth(
           ^^^^^
  File "/Users/sachinmishra/Desktop/MCP/.venv/lib/python3.12/site-packages/sqlalchemy/sql/elements.py", line 527, in _execute_on_connection
    return connection._execute_clauseelement(
           ^^^^^^^^^^^^^^^^^^^^^^^^^^^^^^^^^^
  File "/Users/sachinmishra/Desktop/MCP/.venv/lib/python3.12/site-packages/sqlalchemy/engine/base.py", line 1641, in _execute_clauseelement
    ret = self._execute_context(
          ^^^^^^^^^^^^^^^^^^^^^^
  File "/Users/sachinmishra/Desktop/MCP/.venv/lib/python3.12/site-packages/sqlalchemy/engine/base.py", line 1846, in _execute_context
    return self._exec_single_context(
           ^^^^^^^^^^^^^^^^^^^^^^^^^^
  File "/Users/sachinmishra/Desktop/MCP/.venv/lib/python3.12/site-packages/sqlalchemy/engine/base.py", line 1986, in _exec_single_context
    self._handle_dbapi_exception(
  File "/Users/sachinmishra/Desktop/MCP/.venv/lib/python3.12/site-packages/sqlalchemy/engine/base.py", line 2363, in _handle_dbapi_exception
    raise sqlalchemy_exception.with_traceback(exc_info[2]) from e
  File "/Users/sachinmishra/Desktop/MCP/.venv/lib/python3.12/site-packages/sqlalchemy/engine/base.py", line 1967, in _exec_single_context
    self.dialect.do_execute(
  File "/Users/sachinmishra/Desktop/MCP/.venv/lib/python3.12/site-packages/sqlalchemy/engine/default.py", line 952, in do_execute
    cursor.execute(statement, parameters)
  File "/Users/sachinmishra/Desktop/MCP/.venv/lib/python3.12/site-packages/sqlalchemy/dialects/postgresql/asyncpg.py", line 585, in execute
    self._adapt_connection.await_(
  File "/Users/sachinmishra/Desktop/MCP/.venv/lib/python3.12/site-packages/sqlalchemy/util/_concurrency_py3k.py", line 132, in await_only
    return current.parent.switch(awaitable)  # type: ignore[no-any-return,attr-defined] # noqa: E501
           ^^^^^^^^^^^^^^^^^^^^^^^^^^^^^^^^
  File "/Users/sachinmishra/Desktop/MCP/.venv/lib/python3.12/site-packages/sqlalchemy/util/_concurrency_py3k.py", line 196, in greenlet_spawn
    value = await result
            ^^^^^^^^^^^^
  File "/Users/sachinmishra/Desktop/MCP/.venv/lib/python3.12/site-packages/sqlalchemy/dialects/postgresql/asyncpg.py", line 563, in _prepare_and_execute
    self._handle_exception(error)
  File "/Users/sachinmishra/Desktop/MCP/.venv/lib/python3.12/site-packages/sqlalchemy/dialects/postgresql/asyncpg.py", line 513, in _handle_exception
    self._adapt_connection._handle_exception(error)
  File "/Users/sachinmishra/Desktop/MCP/.venv/lib/python3.12/site-packages/sqlalchemy/dialects/postgresql/asyncpg.py", line 797, in _handle_exception
    raise translated_error from error
sqlalchemy.exc.DBAPIError: (sqlalchemy.dialects.postgresql.asyncpg.Error) <class 'asyncpg.exceptions.DataError'>: invalid input for query argument $5: datetime.datetime(2026, 2, 10, 16, 1, 47... (can't subtract offset-naive and offset-aware datetimes)
[SQL: INSERT INTO vital (id, user_id, metric, value, timestamp) VALUES ($1::UUID, $2::UUID, $3::VARCHAR, $4::FLOAT, $5::TIMESTAMP WITHOUT TIME ZONE)]
[parameters: (UUID('87786be0-6795-4031-93c5-4d1a187fced1'), UUID('f21c4163-ffd3-4b2b-837e-52990335c8d9'), 'heart_rate', 71.0, datetime.datetime(2026, 2, 10, 16, 1, 47, 928003, tzinfo=datetime.timezone.utc))]
(Background on this error at: https://sqlalche.me/e/20/dbapi)
INFO:     127.0.0.1:57428 - "POST /vitals HTTP/1.1" 500 Internal Server Error
ERROR:    Exception in ASGI application
Traceback (most recent call last):
  File "asyncpg/protocol/prepared_stmt.pyx", line 175, in asyncpg.protocol.protocol.PreparedStatementState._encode_bind_msg
  File "asyncpg/protocol/codecs/base.pyx", line 251, in asyncpg.protocol.protocol.Codec.encode
  File "asyncpg/protocol/codecs/base.pyx", line 153, in asyncpg.protocol.protocol.Codec.encode_scalar
  File "asyncpg/pgproto/codecs/datetime.pyx", line 152, in asyncpg.pgproto.pgproto.timestamp_encode
TypeError: can't subtract offset-naive and offset-aware datetimes

The above exception was the direct cause of the following exception:

Traceback (most recent call last):
  File "/Users/sachinmishra/Desktop/MCP/.venv/lib/python3.12/site-packages/sqlalchemy/dialects/postgresql/asyncpg.py", line 550, in _prepare_and_execute
    self._rows = deque(await prepared_stmt.fetch(*parameters))
                       ^^^^^^^^^^^^^^^^^^^^^^^^^^^^^^^^^^^^^^
  File "/Users/sachinmishra/Desktop/MCP/.venv/lib/python3.12/site-packages/asyncpg/prepared_stmt.py", line 177, in fetch
    data = await self.__bind_execute(args, 0, timeout)
           ^^^^^^^^^^^^^^^^^^^^^^^^^^^^^^^^^^^^^^^^^^^
  File "/Users/sachinmishra/Desktop/MCP/.venv/lib/python3.12/site-packages/asyncpg/prepared_stmt.py", line 268, in __bind_execute
    data, status, _ = await self.__do_execute(
                      ^^^^^^^^^^^^^^^^^^^^^^^^
  File "/Users/sachinmishra/Desktop/MCP/.venv/lib/python3.12/site-packages/asyncpg/prepared_stmt.py", line 257, in __do_execute
    return await executor(protocol)
           ^^^^^^^^^^^^^^^^^^^^^^^^
  File "asyncpg/protocol/protocol.pyx", line 184, in bind_execute
  File "asyncpg/protocol/prepared_stmt.pyx", line 204, in asyncpg.protocol.protocol.PreparedStatementState._encode_bind_msg
asyncpg.exceptions.DataError: invalid input for query argument $5: datetime.datetime(2026, 2, 10, 16, 1, 49... (can't subtract offset-naive and offset-aware datetimes)

The above exception was the direct cause of the following exception:

Traceback (most recent call last):
  File "/Users/sachinmishra/Desktop/MCP/.venv/lib/python3.12/site-packages/sqlalchemy/engine/base.py", line 1967, in _exec_single_context
    self.dialect.do_execute(
  File "/Users/sachinmishra/Desktop/MCP/.venv/lib/python3.12/site-packages/sqlalchemy/engine/default.py", line 952, in do_execute
    cursor.execute(statement, parameters)
  File "/Users/sachinmishra/Desktop/MCP/.venv/lib/python3.12/site-packages/sqlalchemy/dialects/postgresql/asyncpg.py", line 585, in execute
    self._adapt_connection.await_(
  File "/Users/sachinmishra/Desktop/MCP/.venv/lib/python3.12/site-packages/sqlalchemy/util/_concurrency_py3k.py", line 132, in await_only
    return current.parent.switch(awaitable)  # type: ignore[no-any-return,attr-defined] # noqa: E501
           ^^^^^^^^^^^^^^^^^^^^^^^^^^^^^^^^
  File "/Users/sachinmishra/Desktop/MCP/.venv/lib/python3.12/site-packages/sqlalchemy/util/_concurrency_py3k.py", line 196, in greenlet_spawn
    value = await result
            ^^^^^^^^^^^^
  File "/Users/sachinmishra/Desktop/MCP/.venv/lib/python3.12/site-packages/sqlalchemy/dialects/postgresql/asyncpg.py", line 563, in _prepare_and_execute
    self._handle_exception(error)
  File "/Users/sachinmishra/Desktop/MCP/.venv/lib/python3.12/site-packages/sqlalchemy/dialects/postgresql/asyncpg.py", line 513, in _handle_exception
    self._adapt_connection._handle_exception(error)
  File "/Users/sachinmishra/Desktop/MCP/.venv/lib/python3.12/site-packages/sqlalchemy/dialects/postgresql/asyncpg.py", line 797, in _handle_exception
    raise translated_error from error
sqlalchemy.dialects.postgresql.asyncpg.AsyncAdapt_asyncpg_dbapi.Error: <class 'asyncpg.exceptions.DataError'>: invalid input for query argument $5: datetime.datetime(2026, 2, 10, 16, 1, 49... (can't subtract offset-naive and offset-aware datetimes)

The above exception was the direct cause of the following exception:

Traceback (most recent call last):
  File "/Users/sachinmishra/Desktop/MCP/.venv/lib/python3.12/site-packages/uvicorn/protocols/http/httptools_impl.py", line 416, in run_asgi
    result = await app(  # type: ignore[func-returns-value]
             ^^^^^^^^^^^^^^^^^^^^^^^^^^^^^^^^^^^^^^^^^^^^^^
  File "/Users/sachinmishra/Desktop/MCP/.venv/lib/python3.12/site-packages/uvicorn/middleware/proxy_headers.py", line 60, in __call__
    return await self.app(scope, receive, send)
           ^^^^^^^^^^^^^^^^^^^^^^^^^^^^^^^^^^^^
  File "/Users/sachinmishra/Desktop/MCP/.venv/lib/python3.12/site-packages/fastapi/applications.py", line 1138, in __call__
    await super().__call__(scope, receive, send)
  File "/Users/sachinmishra/Desktop/MCP/.venv/lib/python3.12/site-packages/starlette/applications.py", line 107, in __call__
    await self.middleware_stack(scope, receive, send)
  File "/Users/sachinmishra/Desktop/MCP/.venv/lib/python3.12/site-packages/starlette/middleware/errors.py", line 186, in __call__
    raise exc
  File "/Users/sachinmishra/Desktop/MCP/.venv/lib/python3.12/site-packages/starlette/middleware/errors.py", line 164, in __call__
    await self.app(scope, receive, _send)
  File "/Users/sachinmishra/Desktop/MCP/.venv/lib/python3.12/site-packages/starlette/middleware/exceptions.py", line 63, in __call__
    await wrap_app_handling_exceptions(self.app, conn)(scope, receive, send)
  File "/Users/sachinmishra/Desktop/MCP/.venv/lib/python3.12/site-packages/starlette/_exception_handler.py", line 53, in wrapped_app
    raise exc
  File "/Users/sachinmishra/Desktop/MCP/.venv/lib/python3.12/site-packages/starlette/_exception_handler.py", line 42, in wrapped_app
    await app(scope, receive, sender)
  File "/Users/sachinmishra/Desktop/MCP/.venv/lib/python3.12/site-packages/fastapi/middleware/asyncexitstack.py", line 18, in __call__
    await self.app(scope, receive, send)
  File "/Users/sachinmishra/Desktop/MCP/.venv/lib/python3.12/site-packages/starlette/routing.py", line 716, in __call__
    await self.middleware_stack(scope, receive, send)
  File "/Users/sachinmishra/Desktop/MCP/.venv/lib/python3.12/site-packages/starlette/routing.py", line 736, in app
    await route.handle(scope, receive, send)
  File "/Users/sachinmishra/Desktop/MCP/.venv/lib/python3.12/site-packages/starlette/routing.py", line 290, in handle
    await self.app(scope, receive, send)
  File "/Users/sachinmishra/Desktop/MCP/.venv/lib/python3.12/site-packages/fastapi/routing.py", line 121, in app
    await wrap_app_handling_exceptions(app, request)(scope, receive, send)
  File "/Users/sachinmishra/Desktop/MCP/.venv/lib/python3.12/site-packages/starlette/_exception_handler.py", line 53, in wrapped_app
    raise exc
  File "/Users/sachinmishra/Desktop/MCP/.venv/lib/python3.12/site-packages/starlette/_exception_handler.py", line 42, in wrapped_app
    await app(scope, receive, sender)
  File "/Users/sachinmishra/Desktop/MCP/.venv/lib/python3.12/site-packages/fastapi/routing.py", line 107, in app
    response = await f(request)
               ^^^^^^^^^^^^^^^^
  File "/Users/sachinmishra/Desktop/MCP/.venv/lib/python3.12/site-packages/fastapi/routing.py", line 426, in app
    raw_response = await run_endpoint_function(
                   ^^^^^^^^^^^^^^^^^^^^^^^^^^^^
  File "/Users/sachinmishra/Desktop/MCP/.venv/lib/python3.12/site-packages/fastapi/routing.py", line 314, in run_endpoint_function
    return await dependant.call(**values)
           ^^^^^^^^^^^^^^^^^^^^^^^^^^^^^^
  File "/Users/sachinmishra/Desktop/MCP/health-monitor/backend/main.py", line 45, in ingest_vital
    await session.commit()
  File "/Users/sachinmishra/Desktop/MCP/.venv/lib/python3.12/site-packages/sqlalchemy/ext/asyncio/session.py", line 1000, in commit
    await greenlet_spawn(self.sync_session.commit)
  File "/Users/sachinmishra/Desktop/MCP/.venv/lib/python3.12/site-packages/sqlalchemy/util/_concurrency_py3k.py", line 203, in greenlet_spawn
    result = context.switch(value)
             ^^^^^^^^^^^^^^^^^^^^^
  File "/Users/sachinmishra/Desktop/MCP/.venv/lib/python3.12/site-packages/sqlalchemy/orm/session.py", line 2030, in commit
    trans.commit(_to_root=True)
  File "<string>", line 2, in commit
  File "/Users/sachinmishra/Desktop/MCP/.venv/lib/python3.12/site-packages/sqlalchemy/orm/state_changes.py", line 137, in _go
    ret_value = fn(self, *arg, **kw)
                ^^^^^^^^^^^^^^^^^^^^
  File "/Users/sachinmishra/Desktop/MCP/.venv/lib/python3.12/site-packages/sqlalchemy/orm/session.py", line 1311, in commit
    self._prepare_impl()
  File "<string>", line 2, in _prepare_impl
  File "/Users/sachinmishra/Desktop/MCP/.venv/lib/python3.12/site-packages/sqlalchemy/orm/state_changes.py", line 137, in _go
    ret_value = fn(self, *arg, **kw)
                ^^^^^^^^^^^^^^^^^^^^
  File "/Users/sachinmishra/Desktop/MCP/.venv/lib/python3.12/site-packages/sqlalchemy/orm/session.py", line 1286, in _prepare_impl
    self.session.flush()
  File "/Users/sachinmishra/Desktop/MCP/.venv/lib/python3.12/site-packages/sqlalchemy/orm/session.py", line 4331, in flush
    self._flush(objects)
  File "/Users/sachinmishra/Desktop/MCP/.venv/lib/python3.12/site-packages/sqlalchemy/orm/session.py", line 4466, in _flush
    with util.safe_reraise():
  File "/Users/sachinmishra/Desktop/MCP/.venv/lib/python3.12/site-packages/sqlalchemy/util/langhelpers.py", line 224, in __exit__
    raise exc_value.with_traceback(exc_tb)
  File "/Users/sachinmishra/Desktop/MCP/.venv/lib/python3.12/site-packages/sqlalchemy/orm/session.py", line 4427, in _flush
    flush_context.execute()
  File "/Users/sachinmishra/Desktop/MCP/.venv/lib/python3.12/site-packages/sqlalchemy/orm/unitofwork.py", line 466, in execute
    rec.execute(self)
  File "/Users/sachinmishra/Desktop/MCP/.venv/lib/python3.12/site-packages/sqlalchemy/orm/unitofwork.py", line 642, in execute
    util.preloaded.orm_persistence.save_obj(
  File "/Users/sachinmishra/Desktop/MCP/.venv/lib/python3.12/site-packages/sqlalchemy/orm/persistence.py", line 93, in save_obj
    _emit_insert_statements(
  File "/Users/sachinmishra/Desktop/MCP/.venv/lib/python3.12/site-packages/sqlalchemy/orm/persistence.py", line 1048, in _emit_insert_statements
    result = connection.execute(
             ^^^^^^^^^^^^^^^^^^^
  File "/Users/sachinmishra/Desktop/MCP/.venv/lib/python3.12/site-packages/sqlalchemy/engine/base.py", line 1419, in execute
    return meth(
           ^^^^^
  File "/Users/sachinmishra/Desktop/MCP/.venv/lib/python3.12/site-packages/sqlalchemy/sql/elements.py", line 527, in _execute_on_connection
    return connection._execute_clauseelement(
           ^^^^^^^^^^^^^^^^^^^^^^^^^^^^^^^^^^
  File "/Users/sachinmishra/Desktop/MCP/.venv/lib/python3.12/site-packages/sqlalchemy/engine/base.py", line 1641, in _execute_clauseelement
    ret = self._execute_context(
          ^^^^^^^^^^^^^^^^^^^^^^
  File "/Users/sachinmishra/Desktop/MCP/.venv/lib/python3.12/site-packages/sqlalchemy/engine/base.py", line 1846, in _execute_context
    return self._exec_single_context(
           ^^^^^^^^^^^^^^^^^^^^^^^^^^
  File "/Users/sachinmishra/Desktop/MCP/.venv/lib/python3.12/site-packages/sqlalchemy/engine/base.py", line 1986, in _exec_single_context
    self._handle_dbapi_exception(
  File "/Users/sachinmishra/Desktop/MCP/.venv/lib/python3.12/site-packages/sqlalchemy/engine/base.py", line 2363, in _handle_dbapi_exception
    raise sqlalchemy_exception.with_traceback(exc_info[2]) from e
  File "/Users/sachinmishra/Desktop/MCP/.venv/lib/python3.12/site-packages/sqlalchemy/engine/base.py", line 1967, in _exec_single_context
    self.dialect.do_execute(
  File "/Users/sachinmishra/Desktop/MCP/.venv/lib/python3.12/site-packages/sqlalchemy/engine/default.py", line 952, in do_execute
    cursor.execute(statement, parameters)
  File "/Users/sachinmishra/Desktop/MCP/.venv/lib/python3.12/site-packages/sqlalchemy/dialects/postgresql/asyncpg.py", line 585, in execute
    self._adapt_connection.await_(
  File "/Users/sachinmishra/Desktop/MCP/.venv/lib/python3.12/site-packages/sqlalchemy/util/_concurrency_py3k.py", line 132, in await_only
    return current.parent.switch(awaitable)  # type: ignore[no-any-return,attr-defined] # noqa: E501
           ^^^^^^^^^^^^^^^^^^^^^^^^^^^^^^^^
  File "/Users/sachinmishra/Desktop/MCP/.venv/lib/python3.12/site-packages/sqlalchemy/util/_concurrency_py3k.py", line 196, in greenlet_spawn
    value = await result
            ^^^^^^^^^^^^
  File "/Users/sachinmishra/Desktop/MCP/.venv/lib/python3.12/site-packages/sqlalchemy/dialects/postgresql/asyncpg.py", line 563, in _prepare_and_execute
    self._handle_exception(error)
  File "/Users/sachinmishra/Desktop/MCP/.venv/lib/python3.12/site-packages/sqlalchemy/dialects/postgresql/asyncpg.py", line 513, in _handle_exception
    self._adapt_connection._handle_exception(error)
  File "/Users/sachinmishra/Desktop/MCP/.venv/lib/python3.12/site-packages/sqlalchemy/dialects/postgresql/asyncpg.py", line 797, in _handle_exception
    raise translated_error from error
sqlalchemy.exc.DBAPIError: (sqlalchemy.dialects.postgresql.asyncpg.Error) <class 'asyncpg.exceptions.DataError'>: invalid input for query argument $5: datetime.datetime(2026, 2, 10, 16, 1, 49... (can't subtract offset-naive and offset-aware datetimes)
[SQL: INSERT INTO vital (id, user_id, metric, value, timestamp) VALUES ($1::UUID, $2::UUID, $3::VARCHAR, $4::FLOAT, $5::TIMESTAMP WITHOUT TIME ZONE)]
[parameters: (UUID('88a8d1b3-d381-4bdf-ad9b-388d8d48e25f'), UUID('f21c4163-ffd3-4b2b-837e-52990335c8d9'), 'heart_rate', 93.0, datetime.datetime(2026, 2, 10, 16, 1, 49, 944879, tzinfo=datetime.timezone.utc))]
(Background on this error at: https://sqlalche.me/e/20/dbapi)
INFO:     127.0.0.1:57431 - "POST /vitals HTTP/1.1" 500 Internal Server Error
ERROR:    Exception in ASGI application
Traceback (most recent call last):
  File "asyncpg/protocol/prepared_stmt.pyx", line 175, in asyncpg.protocol.protocol.PreparedStatementState._encode_bind_msg
  File "asyncpg/protocol/codecs/base.pyx", line 251, in asyncpg.protocol.protocol.Codec.encode
  File "asyncpg/protocol/codecs/base.pyx", line 153, in asyncpg.protocol.protocol.Codec.encode_scalar
  File "asyncpg/pgproto/codecs/datetime.pyx", line 152, in asyncpg.pgproto.pgproto.timestamp_encode
TypeError: can't subtract offset-naive and offset-aware datetimes

The above exception was the direct cause of the following exception:

Traceback (most recent call last):
  File "/Users/sachinmishra/Desktop/MCP/.venv/lib/python3.12/site-packages/sqlalchemy/dialects/postgresql/asyncpg.py", line 550, in _prepare_and_execute
    self._rows = deque(await prepared_stmt.fetch(*parameters))
                       ^^^^^^^^^^^^^^^^^^^^^^^^^^^^^^^^^^^^^^
  File "/Users/sachinmishra/Desktop/MCP/.venv/lib/python3.12/site-packages/asyncpg/prepared_stmt.py", line 177, in fetch
    data = await self.__bind_execute(args, 0, timeout)
           ^^^^^^^^^^^^^^^^^^^^^^^^^^^^^^^^^^^^^^^^^^^
  File "/Users/sachinmishra/Desktop/MCP/.venv/lib/python3.12/site-packages/asyncpg/prepared_stmt.py", line 268, in __bind_execute
    data, status, _ = await self.__do_execute(
                      ^^^^^^^^^^^^^^^^^^^^^^^^
  File "/Users/sachinmishra/Desktop/MCP/.venv/lib/python3.12/site-packages/asyncpg/prepared_stmt.py", line 257, in __do_execute
    return await executor(protocol)
           ^^^^^^^^^^^^^^^^^^^^^^^^
  File "asyncpg/protocol/protocol.pyx", line 184, in bind_execute
  File "asyncpg/protocol/prepared_stmt.pyx", line 204, in asyncpg.protocol.protocol.PreparedStatementState._encode_bind_msg
asyncpg.exceptions.DataError: invalid input for query argument $5: datetime.datetime(2026, 2, 10, 16, 1, 51... (can't subtract offset-naive and offset-aware datetimes)

The above exception was the direct cause of the following exception:

Traceback (most recent call last):
  File "/Users/sachinmishra/Desktop/MCP/.venv/lib/python3.12/site-packages/sqlalchemy/engine/base.py", line 1967, in _exec_single_context
    self.dialect.do_execute(
  File "/Users/sachinmishra/Desktop/MCP/.venv/lib/python3.12/site-packages/sqlalchemy/engine/default.py", line 952, in do_execute
    cursor.execute(statement, parameters)
  File "/Users/sachinmishra/Desktop/MCP/.venv/lib/python3.12/site-packages/sqlalchemy/dialects/postgresql/asyncpg.py", line 585, in execute
    self._adapt_connection.await_(
  File "/Users/sachinmishra/Desktop/MCP/.venv/lib/python3.12/site-packages/sqlalchemy/util/_concurrency_py3k.py", line 132, in await_only
    return current.parent.switch(awaitable)  # type: ignore[no-any-return,attr-defined] # noqa: E501
           ^^^^^^^^^^^^^^^^^^^^^^^^^^^^^^^^
  File "/Users/sachinmishra/Desktop/MCP/.venv/lib/python3.12/site-packages/sqlalchemy/util/_concurrency_py3k.py", line 196, in greenlet_spawn
    value = await result
            ^^^^^^^^^^^^
  File "/Users/sachinmishra/Desktop/MCP/.venv/lib/python3.12/site-packages/sqlalchemy/dialects/postgresql/asyncpg.py", line 563, in _prepare_and_execute
    self._handle_exception(error)
  File "/Users/sachinmishra/Desktop/MCP/.venv/lib/python3.12/site-packages/sqlalchemy/dialects/postgresql/asyncpg.py", line 513, in _handle_exception
    self._adapt_connection._handle_exception(error)
  File "/Users/sachinmishra/Desktop/MCP/.venv/lib/python3.12/site-packages/sqlalchemy/dialects/postgresql/asyncpg.py", line 797, in _handle_exception
    raise translated_error from error
sqlalchemy.dialects.postgresql.asyncpg.AsyncAdapt_asyncpg_dbapi.Error: <class 'asyncpg.exceptions.DataError'>: invalid input for query argument $5: datetime.datetime(2026, 2, 10, 16, 1, 51... (can't subtract offset-naive and offset-aware datetimes)

The above exception was the direct cause of the following exception:

Traceback (most recent call last):
  File "/Users/sachinmishra/Desktop/MCP/.venv/lib/python3.12/site-packages/uvicorn/protocols/http/httptools_impl.py", line 416, in run_asgi
    result = await app(  # type: ignore[func-returns-value]
             ^^^^^^^^^^^^^^^^^^^^^^^^^^^^^^^^^^^^^^^^^^^^^^
  File "/Users/sachinmishra/Desktop/MCP/.venv/lib/python3.12/site-packages/uvicorn/middleware/proxy_headers.py", line 60, in __call__
    return await self.app(scope, receive, send)
           ^^^^^^^^^^^^^^^^^^^^^^^^^^^^^^^^^^^^
  File "/Users/sachinmishra/Desktop/MCP/.venv/lib/python3.12/site-packages/fastapi/applications.py", line 1138, in __call__
    await super().__call__(scope, receive, send)
  File "/Users/sachinmishra/Desktop/MCP/.venv/lib/python3.12/site-packages/starlette/applications.py", line 107, in __call__
    await self.middleware_stack(scope, receive, send)
  File "/Users/sachinmishra/Desktop/MCP/.venv/lib/python3.12/site-packages/starlette/middleware/errors.py", line 186, in __call__
    raise exc
  File "/Users/sachinmishra/Desktop/MCP/.venv/lib/python3.12/site-packages/starlette/middleware/errors.py", line 164, in __call__
    await self.app(scope, receive, _send)
  File "/Users/sachinmishra/Desktop/MCP/.venv/lib/python3.12/site-packages/starlette/middleware/exceptions.py", line 63, in __call__
    await wrap_app_handling_exceptions(self.app, conn)(scope, receive, send)
  File "/Users/sachinmishra/Desktop/MCP/.venv/lib/python3.12/site-packages/starlette/_exception_handler.py", line 53, in wrapped_app
    raise exc
  File "/Users/sachinmishra/Desktop/MCP/.venv/lib/python3.12/site-packages/starlette/_exception_handler.py", line 42, in wrapped_app
    await app(scope, receive, sender)
  File "/Users/sachinmishra/Desktop/MCP/.venv/lib/python3.12/site-packages/fastapi/middleware/asyncexitstack.py", line 18, in __call__
    await self.app(scope, receive, send)
  File "/Users/sachinmishra/Desktop/MCP/.venv/lib/python3.12/site-packages/starlette/routing.py", line 716, in __call__
    await self.middleware_stack(scope, receive, send)
  File "/Users/sachinmishra/Desktop/MCP/.venv/lib/python3.12/site-packages/starlette/routing.py", line 736, in app
    await route.handle(scope, receive, send)
  File "/Users/sachinmishra/Desktop/MCP/.venv/lib/python3.12/site-packages/starlette/routing.py", line 290, in handle
    await self.app(scope, receive, send)
  File "/Users/sachinmishra/Desktop/MCP/.venv/lib/python3.12/site-packages/fastapi/routing.py", line 121, in app
    await wrap_app_handling_exceptions(app, request)(scope, receive, send)
  File "/Users/sachinmishra/Desktop/MCP/.venv/lib/python3.12/site-packages/starlette/_exception_handler.py", line 53, in wrapped_app
    raise exc
  File "/Users/sachinmishra/Desktop/MCP/.venv/lib/python3.12/site-packages/starlette/_exception_handler.py", line 42, in wrapped_app
    await app(scope, receive, sender)
  File "/Users/sachinmishra/Desktop/MCP/.venv/lib/python3.12/site-packages/fastapi/routing.py", line 107, in app
    response = await f(request)
               ^^^^^^^^^^^^^^^^
  File "/Users/sachinmishra/Desktop/MCP/.venv/lib/python3.12/site-packages/fastapi/routing.py", line 426, in app
    raw_response = await run_endpoint_function(
                   ^^^^^^^^^^^^^^^^^^^^^^^^^^^^
  File "/Users/sachinmishra/Desktop/MCP/.venv/lib/python3.12/site-packages/fastapi/routing.py", line 314, in run_endpoint_function
    return await dependant.call(**values)
           ^^^^^^^^^^^^^^^^^^^^^^^^^^^^^^
  File "/Users/sachinmishra/Desktop/MCP/health-monitor/backend/main.py", line 45, in ingest_vital
    await session.commit()
  File "/Users/sachinmishra/Desktop/MCP/.venv/lib/python3.12/site-packages/sqlalchemy/ext/asyncio/session.py", line 1000, in commit
    await greenlet_spawn(self.sync_session.commit)
  File "/Users/sachinmishra/Desktop/MCP/.venv/lib/python3.12/site-packages/sqlalchemy/util/_concurrency_py3k.py", line 203, in greenlet_spawn
    result = context.switch(value)
             ^^^^^^^^^^^^^^^^^^^^^
  File "/Users/sachinmishra/Desktop/MCP/.venv/lib/python3.12/site-packages/sqlalchemy/orm/session.py", line 2030, in commit
    trans.commit(_to_root=True)
  File "<string>", line 2, in commit
  File "/Users/sachinmishra/Desktop/MCP/.venv/lib/python3.12/site-packages/sqlalchemy/orm/state_changes.py", line 137, in _go
    ret_value = fn(self, *arg, **kw)
                ^^^^^^^^^^^^^^^^^^^^
  File "/Users/sachinmishra/Desktop/MCP/.venv/lib/python3.12/site-packages/sqlalchemy/orm/session.py", line 1311, in commit
    self._prepare_impl()
  File "<string>", line 2, in _prepare_impl
  File "/Users/sachinmishra/Desktop/MCP/.venv/lib/python3.12/site-packages/sqlalchemy/orm/state_changes.py", line 137, in _go
    ret_value = fn(self, *arg, **kw)
                ^^^^^^^^^^^^^^^^^^^^
  File "/Users/sachinmishra/Desktop/MCP/.venv/lib/python3.12/site-packages/sqlalchemy/orm/session.py", line 1286, in _prepare_impl
    self.session.flush()
  File "/Users/sachinmishra/Desktop/MCP/.venv/lib/python3.12/site-packages/sqlalchemy/orm/session.py", line 4331, in flush
    self._flush(objects)
  File "/Users/sachinmishra/Desktop/MCP/.venv/lib/python3.12/site-packages/sqlalchemy/orm/session.py", line 4466, in _flush
    with util.safe_reraise():
  File "/Users/sachinmishra/Desktop/MCP/.venv/lib/python3.12/site-packages/sqlalchemy/util/langhelpers.py", line 224, in __exit__
    raise exc_value.with_traceback(exc_tb)
  File "/Users/sachinmishra/Desktop/MCP/.venv/lib/python3.12/site-packages/sqlalchemy/orm/session.py", line 4427, in _flush
    flush_context.execute()
  File "/Users/sachinmishra/Desktop/MCP/.venv/lib/python3.12/site-packages/sqlalchemy/orm/unitofwork.py", line 466, in execute
    rec.execute(self)
  File "/Users/sachinmishra/Desktop/MCP/.venv/lib/python3.12/site-packages/sqlalchemy/orm/unitofwork.py", line 642, in execute
    util.preloaded.orm_persistence.save_obj(
  File "/Users/sachinmishra/Desktop/MCP/.venv/lib/python3.12/site-packages/sqlalchemy/orm/persistence.py", line 93, in save_obj
    _emit_insert_statements(
  File "/Users/sachinmishra/Desktop/MCP/.venv/lib/python3.12/site-packages/sqlalchemy/orm/persistence.py", line 1048, in _emit_insert_statements
    result = connection.execute(
             ^^^^^^^^^^^^^^^^^^^
  File "/Users/sachinmishra/Desktop/MCP/.venv/lib/python3.12/site-packages/sqlalchemy/engine/base.py", line 1419, in execute
    return meth(
           ^^^^^
  File "/Users/sachinmishra/Desktop/MCP/.venv/lib/python3.12/site-packages/sqlalchemy/sql/elements.py", line 527, in _execute_on_connection
    return connection._execute_clauseelement(
           ^^^^^^^^^^^^^^^^^^^^^^^^^^^^^^^^^^
  File "/Users/sachinmishra/Desktop/MCP/.venv/lib/python3.12/site-packages/sqlalchemy/engine/base.py", line 1641, in _execute_clauseelement
    ret = self._execute_context(
          ^^^^^^^^^^^^^^^^^^^^^^
  File "/Users/sachinmishra/Desktop/MCP/.venv/lib/python3.12/site-packages/sqlalchemy/engine/base.py", line 1846, in _execute_context
    return self._exec_single_context(
           ^^^^^^^^^^^^^^^^^^^^^^^^^^
  File "/Users/sachinmishra/Desktop/MCP/.venv/lib/python3.12/site-packages/sqlalchemy/engine/base.py", line 1986, in _exec_single_context
    self._handle_dbapi_exception(
  File "/Users/sachinmishra/Desktop/MCP/.venv/lib/python3.12/site-packages/sqlalchemy/engine/base.py", line 2363, in _handle_dbapi_exception
    raise sqlalchemy_exception.with_traceback(exc_info[2]) from e
  File "/Users/sachinmishra/Desktop/MCP/.venv/lib/python3.12/site-packages/sqlalchemy/engine/base.py", line 1967, in _exec_single_context
    self.dialect.do_execute(
  File "/Users/sachinmishra/Desktop/MCP/.venv/lib/python3.12/site-packages/sqlalchemy/engine/default.py", line 952, in do_execute
    cursor.execute(statement, parameters)
  File "/Users/sachinmishra/Desktop/MCP/.venv/lib/python3.12/site-packages/sqlalchemy/dialects/postgresql/asyncpg.py", line 585, in execute
    self._adapt_connection.await_(
  File "/Users/sachinmishra/Desktop/MCP/.venv/lib/python3.12/site-packages/sqlalchemy/util/_concurrency_py3k.py", line 132, in await_only
    return current.parent.switch(awaitable)  # type: ignore[no-any-return,attr-defined] # noqa: E501
           ^^^^^^^^^^^^^^^^^^^^^^^^^^^^^^^^
  File "/Users/sachinmishra/Desktop/MCP/.venv/lib/python3.12/site-packages/sqlalchemy/util/_concurrency_py3k.py", line 196, in greenlet_spawn
    value = await result
            ^^^^^^^^^^^^
  File "/Users/sachinmishra/Desktop/MCP/.venv/lib/python3.12/site-packages/sqlalchemy/dialects/postgresql/asyncpg.py", line 563, in _prepare_and_execute
    self._handle_exception(error)
  File "/Users/sachinmishra/Desktop/MCP/.venv/lib/python3.12/site-packages/sqlalchemy/dialects/postgresql/asyncpg.py", line 513, in _handle_exception
    self._adapt_connection._handle_exception(error)
  File "/Users/sachinmishra/Desktop/MCP/.venv/lib/python3.12/site-packages/sqlalchemy/dialects/postgresql/asyncpg.py", line 797, in _handle_exception
    raise translated_error from error
sqlalchemy.exc.DBAPIError: (sqlalchemy.dialects.postgresql.asyncpg.Error) <class 'asyncpg.exceptions.DataError'>: invalid input for query argument $5: datetime.datetime(2026, 2, 10, 16, 1, 51... (can't subtract offset-naive and offset-aware datetimes)
[SQL: INSERT INTO vital (id, user_id, metric, value, timestamp) VALUES ($1::UUID, $2::UUID, $3::VARCHAR, $4::FLOAT, $5::TIMESTAMP WITHOUT TIME ZONE)]
[parameters: (UUID('a75d3034-e69e-482d-a74e-077cf2191994'), UUID('f21c4163-ffd3-4b2b-837e-52990335c8d9'), 'heart_rate', 82.0, datetime.datetime(2026, 2, 10, 16, 1, 51, 956857, tzinfo=datetime.timezone.utc))]
(Background on this error at: https://sqlalche.me/e/20/dbapi)
INFO:     127.0.0.1:57437 - "POST /vitals HTTP/1.1" 500 Internal Server Error
ERROR:    Exception in ASGI application
Traceback (most recent call last):
  File "asyncpg/protocol/prepared_stmt.pyx", line 175, in asyncpg.protocol.protocol.PreparedStatementState._encode_bind_msg
  File "asyncpg/protocol/codecs/base.pyx", line 251, in asyncpg.protocol.protocol.Codec.encode
  File "asyncpg/protocol/codecs/base.pyx", line 153, in asyncpg.protocol.protocol.Codec.encode_scalar
  File "asyncpg/pgproto/codecs/datetime.pyx", line 152, in asyncpg.pgproto.pgproto.timestamp_encode
TypeError: can't subtract offset-naive and offset-aware datetimes

The above exception was the direct cause of the following exception:

Traceback (most recent call last):
  File "/Users/sachinmishra/Desktop/MCP/.venv/lib/python3.12/site-packages/sqlalchemy/dialects/postgresql/asyncpg.py", line 550, in _prepare_and_execute
    self._rows = deque(await prepared_stmt.fetch(*parameters))
                       ^^^^^^^^^^^^^^^^^^^^^^^^^^^^^^^^^^^^^^
  File "/Users/sachinmishra/Desktop/MCP/.venv/lib/python3.12/site-packages/asyncpg/prepared_stmt.py", line 177, in fetch
    data = await self.__bind_execute(args, 0, timeout)
           ^^^^^^^^^^^^^^^^^^^^^^^^^^^^^^^^^^^^^^^^^^^
  File "/Users/sachinmishra/Desktop/MCP/.venv/lib/python3.12/site-packages/asyncpg/prepared_stmt.py", line 268, in __bind_execute
    data, status, _ = await self.__do_execute(
                      ^^^^^^^^^^^^^^^^^^^^^^^^
  File "/Users/sachinmishra/Desktop/MCP/.venv/lib/python3.12/site-packages/asyncpg/prepared_stmt.py", line 257, in __do_execute
    return await executor(protocol)
           ^^^^^^^^^^^^^^^^^^^^^^^^
  File "asyncpg/protocol/protocol.pyx", line 184, in bind_execute
  File "asyncpg/protocol/prepared_stmt.pyx", line 204, in asyncpg.protocol.protocol.PreparedStatementState._encode_bind_msg
asyncpg.exceptions.DataError: invalid input for query argument $5: datetime.datetime(2026, 2, 10, 16, 1, 53... (can't subtract offset-naive and offset-aware datetimes)

The above exception was the direct cause of the following exception:

Traceback (most recent call last):
  File "/Users/sachinmishra/Desktop/MCP/.venv/lib/python3.12/site-packages/sqlalchemy/engine/base.py", line 1967, in _exec_single_context
    self.dialect.do_execute(
  File "/Users/sachinmishra/Desktop/MCP/.venv/lib/python3.12/site-packages/sqlalchemy/engine/default.py", line 952, in do_execute
    cursor.execute(statement, parameters)
  File "/Users/sachinmishra/Desktop/MCP/.venv/lib/python3.12/site-packages/sqlalchemy/dialects/postgresql/asyncpg.py", line 585, in execute
    self._adapt_connection.await_(
  File "/Users/sachinmishra/Desktop/MCP/.venv/lib/python3.12/site-packages/sqlalchemy/util/_concurrency_py3k.py", line 132, in await_only
    return current.parent.switch(awaitable)  # type: ignore[no-any-return,attr-defined] # noqa: E501
           ^^^^^^^^^^^^^^^^^^^^^^^^^^^^^^^^
  File "/Users/sachinmishra/Desktop/MCP/.venv/lib/python3.12/site-packages/sqlalchemy/util/_concurrency_py3k.py", line 196, in greenlet_spawn
    value = await result
            ^^^^^^^^^^^^
  File "/Users/sachinmishra/Desktop/MCP/.venv/lib/python3.12/site-packages/sqlalchemy/dialects/postgresql/asyncpg.py", line 563, in _prepare_and_execute
    self._handle_exception(error)
  File "/Users/sachinmishra/Desktop/MCP/.venv/lib/python3.12/site-packages/sqlalchemy/dialects/postgresql/asyncpg.py", line 513, in _handle_exception
    self._adapt_connection._handle_exception(error)
  File "/Users/sachinmishra/Desktop/MCP/.venv/lib/python3.12/site-packages/sqlalchemy/dialects/postgresql/asyncpg.py", line 797, in _handle_exception
    raise translated_error from error
sqlalchemy.dialects.postgresql.asyncpg.AsyncAdapt_asyncpg_dbapi.Error: <class 'asyncpg.exceptions.DataError'>: invalid input for query argument $5: datetime.datetime(2026, 2, 10, 16, 1, 53... (can't subtract offset-naive and offset-aware datetimes)

The above exception was the direct cause of the following exception:

Traceback (most recent call last):
  File "/Users/sachinmishra/Desktop/MCP/.venv/lib/python3.12/site-packages/uvicorn/protocols/http/httptools_impl.py", line 416, in run_asgi
    result = await app(  # type: ignore[func-returns-value]
             ^^^^^^^^^^^^^^^^^^^^^^^^^^^^^^^^^^^^^^^^^^^^^^
  File "/Users/sachinmishra/Desktop/MCP/.venv/lib/python3.12/site-packages/uvicorn/middleware/proxy_headers.py", line 60, in __call__
    return await self.app(scope, receive, send)
           ^^^^^^^^^^^^^^^^^^^^^^^^^^^^^^^^^^^^
  File "/Users/sachinmishra/Desktop/MCP/.venv/lib/python3.12/site-packages/fastapi/applications.py", line 1138, in __call__
    await super().__call__(scope, receive, send)
  File "/Users/sachinmishra/Desktop/MCP/.venv/lib/python3.12/site-packages/starlette/applications.py", line 107, in __call__
    await self.middleware_stack(scope, receive, send)
  File "/Users/sachinmishra/Desktop/MCP/.venv/lib/python3.12/site-packages/starlette/middleware/errors.py", line 186, in __call__
    raise exc
  File "/Users/sachinmishra/Desktop/MCP/.venv/lib/python3.12/site-packages/starlette/middleware/errors.py", line 164, in __call__
    await self.app(scope, receive, _send)
  File "/Users/sachinmishra/Desktop/MCP/.venv/lib/python3.12/site-packages/starlette/middleware/exceptions.py", line 63, in __call__
    await wrap_app_handling_exceptions(self.app, conn)(scope, receive, send)
  File "/Users/sachinmishra/Desktop/MCP/.venv/lib/python3.12/site-packages/starlette/_exception_handler.py", line 53, in wrapped_app
    raise exc
  File "/Users/sachinmishra/Desktop/MCP/.venv/lib/python3.12/site-packages/starlette/_exception_handler.py", line 42, in wrapped_app
    await app(scope, receive, sender)
  File "/Users/sachinmishra/Desktop/MCP/.venv/lib/python3.12/site-packages/fastapi/middleware/asyncexitstack.py", line 18, in __call__
    await self.app(scope, receive, send)
  File "/Users/sachinmishra/Desktop/MCP/.venv/lib/python3.12/site-packages/starlette/routing.py", line 716, in __call__
    await self.middleware_stack(scope, receive, send)
  File "/Users/sachinmishra/Desktop/MCP/.venv/lib/python3.12/site-packages/starlette/routing.py", line 736, in app
    await route.handle(scope, receive, send)
  File "/Users/sachinmishra/Desktop/MCP/.venv/lib/python3.12/site-packages/starlette/routing.py", line 290, in handle
    await self.app(scope, receive, send)
  File "/Users/sachinmishra/Desktop/MCP/.venv/lib/python3.12/site-packages/fastapi/routing.py", line 121, in app
    await wrap_app_handling_exceptions(app, request)(scope, receive, send)
  File "/Users/sachinmishra/Desktop/MCP/.venv/lib/python3.12/site-packages/starlette/_exception_handler.py", line 53, in wrapped_app
    raise exc
  File "/Users/sachinmishra/Desktop/MCP/.venv/lib/python3.12/site-packages/starlette/_exception_handler.py", line 42, in wrapped_app
    await app(scope, receive, sender)
  File "/Users/sachinmishra/Desktop/MCP/.venv/lib/python3.12/site-packages/fastapi/routing.py", line 107, in app
    response = await f(request)
               ^^^^^^^^^^^^^^^^
  File "/Users/sachinmishra/Desktop/MCP/.venv/lib/python3.12/site-packages/fastapi/routing.py", line 426, in app
    raw_response = await run_endpoint_function(
                   ^^^^^^^^^^^^^^^^^^^^^^^^^^^^
  File "/Users/sachinmishra/Desktop/MCP/.venv/lib/python3.12/site-packages/fastapi/routing.py", line 314, in run_endpoint_function
    return await dependant.call(**values)
           ^^^^^^^^^^^^^^^^^^^^^^^^^^^^^^
  File "/Users/sachinmishra/Desktop/MCP/health-monitor/backend/main.py", line 45, in ingest_vital
    await session.commit()
  File "/Users/sachinmishra/Desktop/MCP/.venv/lib/python3.12/site-packages/sqlalchemy/ext/asyncio/session.py", line 1000, in commit
    await greenlet_spawn(self.sync_session.commit)
  File "/Users/sachinmishra/Desktop/MCP/.venv/lib/python3.12/site-packages/sqlalchemy/util/_concurrency_py3k.py", line 203, in greenlet_spawn
    result = context.switch(value)
             ^^^^^^^^^^^^^^^^^^^^^
  File "/Users/sachinmishra/Desktop/MCP/.venv/lib/python3.12/site-packages/sqlalchemy/orm/session.py", line 2030, in commit
    trans.commit(_to_root=True)
  File "<string>", line 2, in commit
  File "/Users/sachinmishra/Desktop/MCP/.venv/lib/python3.12/site-packages/sqlalchemy/orm/state_changes.py", line 137, in _go
    ret_value = fn(self, *arg, **kw)
                ^^^^^^^^^^^^^^^^^^^^
  File "/Users/sachinmishra/Desktop/MCP/.venv/lib/python3.12/site-packages/sqlalchemy/orm/session.py", line 1311, in commit
    self._prepare_impl()
  File "<string>", line 2, in _prepare_impl
  File "/Users/sachinmishra/Desktop/MCP/.venv/lib/python3.12/site-packages/sqlalchemy/orm/state_changes.py", line 137, in _go
    ret_value = fn(self, *arg, **kw)
                ^^^^^^^^^^^^^^^^^^^^
  File "/Users/sachinmishra/Desktop/MCP/.venv/lib/python3.12/site-packages/sqlalchemy/orm/session.py", line 1286, in _prepare_impl
    self.session.flush()
  File "/Users/sachinmishra/Desktop/MCP/.venv/lib/python3.12/site-packages/sqlalchemy/orm/session.py", line 4331, in flush
    self._flush(objects)
  File "/Users/sachinmishra/Desktop/MCP/.venv/lib/python3.12/site-packages/sqlalchemy/orm/session.py", line 4466, in _flush
    with util.safe_reraise():
  File "/Users/sachinmishra/Desktop/MCP/.venv/lib/python3.12/site-packages/sqlalchemy/util/langhelpers.py", line 224, in __exit__
    raise exc_value.with_traceback(exc_tb)
  File "/Users/sachinmishra/Desktop/MCP/.venv/lib/python3.12/site-packages/sqlalchemy/orm/session.py", line 4427, in _flush
    flush_context.execute()
  File "/Users/sachinmishra/Desktop/MCP/.venv/lib/python3.12/site-packages/sqlalchemy/orm/unitofwork.py", line 466, in execute
    rec.execute(self)
  File "/Users/sachinmishra/Desktop/MCP/.venv/lib/python3.12/site-packages/sqlalchemy/orm/unitofwork.py", line 642, in execute
    util.preloaded.orm_persistence.save_obj(
  File "/Users/sachinmishra/Desktop/MCP/.venv/lib/python3.12/site-packages/sqlalchemy/orm/persistence.py", line 93, in save_obj
    _emit_insert_statements(
  File "/Users/sachinmishra/Desktop/MCP/.venv/lib/python3.12/site-packages/sqlalchemy/orm/persistence.py", line 1048, in _emit_insert_statements
    result = connection.execute(
             ^^^^^^^^^^^^^^^^^^^
  File "/Users/sachinmishra/Desktop/MCP/.venv/lib/python3.12/site-packages/sqlalchemy/engine/base.py", line 1419, in execute
    return meth(
           ^^^^^
  File "/Users/sachinmishra/Desktop/MCP/.venv/lib/python3.12/site-packages/sqlalchemy/sql/elements.py", line 527, in _execute_on_connection
    return connection._execute_clauseelement(
           ^^^^^^^^^^^^^^^^^^^^^^^^^^^^^^^^^^
  File "/Users/sachinmishra/Desktop/MCP/.venv/lib/python3.12/site-packages/sqlalchemy/engine/base.py", line 1641, in _execute_clauseelement
    ret = self._execute_context(
          ^^^^^^^^^^^^^^^^^^^^^^
  File "/Users/sachinmishra/Desktop/MCP/.venv/lib/python3.12/site-packages/sqlalchemy/engine/base.py", line 1846, in _execute_context
    return self._exec_single_context(
           ^^^^^^^^^^^^^^^^^^^^^^^^^^
  File "/Users/sachinmishra/Desktop/MCP/.venv/lib/python3.12/site-packages/sqlalchemy/engine/base.py", line 1986, in _exec_single_context
    self._handle_dbapi_exception(
  File "/Users/sachinmishra/Desktop/MCP/.venv/lib/python3.12/site-packages/sqlalchemy/engine/base.py", line 2363, in _handle_dbapi_exception
    raise sqlalchemy_exception.with_traceback(exc_info[2]) from e
  File "/Users/sachinmishra/Desktop/MCP/.venv/lib/python3.12/site-packages/sqlalchemy/engine/base.py", line 1967, in _exec_single_context
    self.dialect.do_execute(
  File "/Users/sachinmishra/Desktop/MCP/.venv/lib/python3.12/site-packages/sqlalchemy/engine/default.py", line 952, in do_execute
    cursor.execute(statement, parameters)
  File "/Users/sachinmishra/Desktop/MCP/.venv/lib/python3.12/site-packages/sqlalchemy/dialects/postgresql/asyncpg.py", line 585, in execute
    self._adapt_connection.await_(
  File "/Users/sachinmishra/Desktop/MCP/.venv/lib/python3.12/site-packages/sqlalchemy/util/_concurrency_py3k.py", line 132, in await_only
    return current.parent.switch(awaitable)  # type: ignore[no-any-return,attr-defined] # noqa: E501
           ^^^^^^^^^^^^^^^^^^^^^^^^^^^^^^^^
  File "/Users/sachinmishra/Desktop/MCP/.venv/lib/python3.12/site-packages/sqlalchemy/util/_concurrency_py3k.py", line 196, in greenlet_spawn
    value = await result
            ^^^^^^^^^^^^
  File "/Users/sachinmishra/Desktop/MCP/.venv/lib/python3.12/site-packages/sqlalchemy/dialects/postgresql/asyncpg.py", line 563, in _prepare_and_execute
    self._handle_exception(error)
  File "/Users/sachinmishra/Desktop/MCP/.venv/lib/python3.12/site-packages/sqlalchemy/dialects/postgresql/asyncpg.py", line 513, in _handle_exception
    self._adapt_connection._handle_exception(error)
  File "/Users/sachinmishra/Desktop/MCP/.venv/lib/python3.12/site-packages/sqlalchemy/dialects/postgresql/asyncpg.py", line 797, in _handle_exception
    raise translated_error from error
sqlalchemy.exc.DBAPIError: (sqlalchemy.dialects.postgresql.asyncpg.Error) <class 'asyncpg.exceptions.DataError'>: invalid input for query argument $5: datetime.datetime(2026, 2, 10, 16, 1, 53... (can't subtract offset-naive and offset-aware datetimes)
[SQL: INSERT INTO vital (id, user_id, metric, value, timestamp) VALUES ($1::UUID, $2::UUID, $3::VARCHAR, $4::FLOAT, $5::TIMESTAMP WITHOUT TIME ZONE)]
[parameters: (UUID('f36f62ed-33f9-45b7-95d8-1876f96c7cd9'), UUID('f21c4163-ffd3-4b2b-837e-52990335c8d9'), 'glucose', 120.0, datetime.datetime(2026, 2, 10, 16, 1, 53, 971592, tzinfo=datetime.timezone.utc))]
(Background on this error at: https://sqlalche.me/e/20/dbapi)
INFO:     127.0.0.1:57439 - "POST /vitals HTTP/1.1" 500 Internal Server Error
ERROR:    Exception in ASGI application
Traceback (most recent call last):
  File "asyncpg/protocol/prepared_stmt.pyx", line 175, in asyncpg.protocol.protocol.PreparedStatementState._encode_bind_msg
  File "asyncpg/protocol/codecs/base.pyx", line 251, in asyncpg.protocol.protocol.Codec.encode
  File "asyncpg/protocol/codecs/base.pyx", line 153, in asyncpg.protocol.protocol.Codec.encode_scalar
  File "asyncpg/pgproto/codecs/datetime.pyx", line 152, in asyncpg.pgproto.pgproto.timestamp_encode
TypeError: can't subtract offset-naive and offset-aware datetimes

The above exception was the direct cause of the following exception:

Traceback (most recent call last):
  File "/Users/sachinmishra/Desktop/MCP/.venv/lib/python3.12/site-packages/sqlalchemy/dialects/postgresql/asyncpg.py", line 550, in _prepare_and_execute
    self._rows = deque(await prepared_stmt.fetch(*parameters))
                       ^^^^^^^^^^^^^^^^^^^^^^^^^^^^^^^^^^^^^^
  File "/Users/sachinmishra/Desktop/MCP/.venv/lib/python3.12/site-packages/asyncpg/prepared_stmt.py", line 177, in fetch
    data = await self.__bind_execute(args, 0, timeout)
           ^^^^^^^^^^^^^^^^^^^^^^^^^^^^^^^^^^^^^^^^^^^
  File "/Users/sachinmishra/Desktop/MCP/.venv/lib/python3.12/site-packages/asyncpg/prepared_stmt.py", line 268, in __bind_execute
    data, status, _ = await self.__do_execute(
                      ^^^^^^^^^^^^^^^^^^^^^^^^
  File "/Users/sachinmishra/Desktop/MCP/.venv/lib/python3.12/site-packages/asyncpg/prepared_stmt.py", line 257, in __do_execute
    return await executor(protocol)
           ^^^^^^^^^^^^^^^^^^^^^^^^
  File "asyncpg/protocol/protocol.pyx", line 184, in bind_execute
  File "asyncpg/protocol/prepared_stmt.pyx", line 204, in asyncpg.protocol.protocol.PreparedStatementState._encode_bind_msg
asyncpg.exceptions.DataError: invalid input for query argument $5: datetime.datetime(2026, 2, 10, 16, 1, 55... (can't subtract offset-naive and offset-aware datetimes)

The above exception was the direct cause of the following exception:

Traceback (most recent call last):
  File "/Users/sachinmishra/Desktop/MCP/.venv/lib/python3.12/site-packages/sqlalchemy/engine/base.py", line 1967, in _exec_single_context
    self.dialect.do_execute(
  File "/Users/sachinmishra/Desktop/MCP/.venv/lib/python3.12/site-packages/sqlalchemy/engine/default.py", line 952, in do_execute
    cursor.execute(statement, parameters)
  File "/Users/sachinmishra/Desktop/MCP/.venv/lib/python3.12/site-packages/sqlalchemy/dialects/postgresql/asyncpg.py", line 585, in execute
    self._adapt_connection.await_(
  File "/Users/sachinmishra/Desktop/MCP/.venv/lib/python3.12/site-packages/sqlalchemy/util/_concurrency_py3k.py", line 132, in await_only
    return current.parent.switch(awaitable)  # type: ignore[no-any-return,attr-defined] # noqa: E501
           ^^^^^^^^^^^^^^^^^^^^^^^^^^^^^^^^
  File "/Users/sachinmishra/Desktop/MCP/.venv/lib/python3.12/site-packages/sqlalchemy/util/_concurrency_py3k.py", line 196, in greenlet_spawn
    value = await result
            ^^^^^^^^^^^^
  File "/Users/sachinmishra/Desktop/MCP/.venv/lib/python3.12/site-packages/sqlalchemy/dialects/postgresql/asyncpg.py", line 563, in _prepare_and_execute
    self._handle_exception(error)
  File "/Users/sachinmishra/Desktop/MCP/.venv/lib/python3.12/site-packages/sqlalchemy/dialects/postgresql/asyncpg.py", line 513, in _handle_exception
    self._adapt_connection._handle_exception(error)
  File "/Users/sachinmishra/Desktop/MCP/.venv/lib/python3.12/site-packages/sqlalchemy/dialects/postgresql/asyncpg.py", line 797, in _handle_exception
    raise translated_error from error
sqlalchemy.dialects.postgresql.asyncpg.AsyncAdapt_asyncpg_dbapi.Error: <class 'asyncpg.exceptions.DataError'>: invalid input for query argument $5: datetime.datetime(2026, 2, 10, 16, 1, 55... (can't subtract offset-naive and offset-aware datetimes)

The above exception was the direct cause of the following exception:

Traceback (most recent call last):
  File "/Users/sachinmishra/Desktop/MCP/.venv/lib/python3.12/site-packages/uvicorn/protocols/http/httptools_impl.py", line 416, in run_asgi
    result = await app(  # type: ignore[func-returns-value]
             ^^^^^^^^^^^^^^^^^^^^^^^^^^^^^^^^^^^^^^^^^^^^^^
  File "/Users/sachinmishra/Desktop/MCP/.venv/lib/python3.12/site-packages/uvicorn/middleware/proxy_headers.py", line 60, in __call__
    return await self.app(scope, receive, send)
           ^^^^^^^^^^^^^^^^^^^^^^^^^^^^^^^^^^^^
  File "/Users/sachinmishra/Desktop/MCP/.venv/lib/python3.12/site-packages/fastapi/applications.py", line 1138, in __call__
    await super().__call__(scope, receive, send)
  File "/Users/sachinmishra/Desktop/MCP/.venv/lib/python3.12/site-packages/starlette/applications.py", line 107, in __call__
    await self.middleware_stack(scope, receive, send)
  File "/Users/sachinmishra/Desktop/MCP/.venv/lib/python3.12/site-packages/starlette/middleware/errors.py", line 186, in __call__
    raise exc
  File "/Users/sachinmishra/Desktop/MCP/.venv/lib/python3.12/site-packages/starlette/middleware/errors.py", line 164, in __call__
    await self.app(scope, receive, _send)
  File "/Users/sachinmishra/Desktop/MCP/.venv/lib/python3.12/site-packages/starlette/middleware/exceptions.py", line 63, in __call__
    await wrap_app_handling_exceptions(self.app, conn)(scope, receive, send)
  File "/Users/sachinmishra/Desktop/MCP/.venv/lib/python3.12/site-packages/starlette/_exception_handler.py", line 53, in wrapped_app
    raise exc
  File "/Users/sachinmishra/Desktop/MCP/.venv/lib/python3.12/site-packages/starlette/_exception_handler.py", line 42, in wrapped_app
    await app(scope, receive, sender)
  File "/Users/sachinmishra/Desktop/MCP/.venv/lib/python3.12/site-packages/fastapi/middleware/asyncexitstack.py", line 18, in __call__
    await self.app(scope, receive, send)
  File "/Users/sachinmishra/Desktop/MCP/.venv/lib/python3.12/site-packages/starlette/routing.py", line 716, in __call__
    await self.middleware_stack(scope, receive, send)
  File "/Users/sachinmishra/Desktop/MCP/.venv/lib/python3.12/site-packages/starlette/routing.py", line 736, in app
    await route.handle(scope, receive, send)
  File "/Users/sachinmishra/Desktop/MCP/.venv/lib/python3.12/site-packages/starlette/routing.py", line 290, in handle
    await self.app(scope, receive, send)
  File "/Users/sachinmishra/Desktop/MCP/.venv/lib/python3.12/site-packages/fastapi/routing.py", line 121, in app
    await wrap_app_handling_exceptions(app, request)(scope, receive, send)
  File "/Users/sachinmishra/Desktop/MCP/.venv/lib/python3.12/site-packages/starlette/_exception_handler.py", line 53, in wrapped_app
    raise exc
  File "/Users/sachinmishra/Desktop/MCP/.venv/lib/python3.12/site-packages/starlette/_exception_handler.py", line 42, in wrapped_app
    await app(scope, receive, sender)
  File "/Users/sachinmishra/Desktop/MCP/.venv/lib/python3.12/site-packages/fastapi/routing.py", line 107, in app
    response = await f(request)
               ^^^^^^^^^^^^^^^^
  File "/Users/sachinmishra/Desktop/MCP/.venv/lib/python3.12/site-packages/fastapi/routing.py", line 426, in app
    raw_response = await run_endpoint_function(
                   ^^^^^^^^^^^^^^^^^^^^^^^^^^^^
  File "/Users/sachinmishra/Desktop/MCP/.venv/lib/python3.12/site-packages/fastapi/routing.py", line 314, in run_endpoint_function
    return await dependant.call(**values)
           ^^^^^^^^^^^^^^^^^^^^^^^^^^^^^^
  File "/Users/sachinmishra/Desktop/MCP/health-monitor/backend/main.py", line 45, in ingest_vital
    await session.commit()
  File "/Users/sachinmishra/Desktop/MCP/.venv/lib/python3.12/site-packages/sqlalchemy/ext/asyncio/session.py", line 1000, in commit
    await greenlet_spawn(self.sync_session.commit)
  File "/Users/sachinmishra/Desktop/MCP/.venv/lib/python3.12/site-packages/sqlalchemy/util/_concurrency_py3k.py", line 203, in greenlet_spawn
    result = context.switch(value)
             ^^^^^^^^^^^^^^^^^^^^^
  File "/Users/sachinmishra/Desktop/MCP/.venv/lib/python3.12/site-packages/sqlalchemy/orm/session.py", line 2030, in commit
    trans.commit(_to_root=True)
  File "<string>", line 2, in commit
  File "/Users/sachinmishra/Desktop/MCP/.venv/lib/python3.12/site-packages/sqlalchemy/orm/state_changes.py", line 137, in _go
    ret_value = fn(self, *arg, **kw)
                ^^^^^^^^^^^^^^^^^^^^
  File "/Users/sachinmishra/Desktop/MCP/.venv/lib/python3.12/site-packages/sqlalchemy/orm/session.py", line 1311, in commit
    self._prepare_impl()
  File "<string>", line 2, in _prepare_impl
  File "/Users/sachinmishra/Desktop/MCP/.venv/lib/python3.12/site-packages/sqlalchemy/orm/state_changes.py", line 137, in _go
    ret_value = fn(self, *arg, **kw)
                ^^^^^^^^^^^^^^^^^^^^
  File "/Users/sachinmishra/Desktop/MCP/.venv/lib/python3.12/site-packages/sqlalchemy/orm/session.py", line 1286, in _prepare_impl
    self.session.flush()
  File "/Users/sachinmishra/Desktop/MCP/.venv/lib/python3.12/site-packages/sqlalchemy/orm/session.py", line 4331, in flush
    self._flush(objects)
  File "/Users/sachinmishra/Desktop/MCP/.venv/lib/python3.12/site-packages/sqlalchemy/orm/session.py", line 4466, in _flush
    with util.safe_reraise():
  File "/Users/sachinmishra/Desktop/MCP/.venv/lib/python3.12/site-packages/sqlalchemy/util/langhelpers.py", line 224, in __exit__
    raise exc_value.with_traceback(exc_tb)
  File "/Users/sachinmishra/Desktop/MCP/.venv/lib/python3.12/site-packages/sqlalchemy/orm/session.py", line 4427, in _flush
    flush_context.execute()
  File "/Users/sachinmishra/Desktop/MCP/.venv/lib/python3.12/site-packages/sqlalchemy/orm/unitofwork.py", line 466, in execute
    rec.execute(self)
  File "/Users/sachinmishra/Desktop/MCP/.venv/lib/python3.12/site-packages/sqlalchemy/orm/unitofwork.py", line 642, in execute
    util.preloaded.orm_persistence.save_obj(
  File "/Users/sachinmishra/Desktop/MCP/.venv/lib/python3.12/site-packages/sqlalchemy/orm/persistence.py", line 93, in save_obj
    _emit_insert_statements(
  File "/Users/sachinmishra/Desktop/MCP/.venv/lib/python3.12/site-packages/sqlalchemy/orm/persistence.py", line 1048, in _emit_insert_statements
    result = connection.execute(
             ^^^^^^^^^^^^^^^^^^^
  File "/Users/sachinmishra/Desktop/MCP/.venv/lib/python3.12/site-packages/sqlalchemy/engine/base.py", line 1419, in execute
    return meth(
           ^^^^^
  File "/Users/sachinmishra/Desktop/MCP/.venv/lib/python3.12/site-packages/sqlalchemy/sql/elements.py", line 527, in _execute_on_connection
    return connection._execute_clauseelement(
           ^^^^^^^^^^^^^^^^^^^^^^^^^^^^^^^^^^
  File "/Users/sachinmishra/Desktop/MCP/.venv/lib/python3.12/site-packages/sqlalchemy/engine/base.py", line 1641, in _execute_clauseelement
    ret = self._execute_context(
          ^^^^^^^^^^^^^^^^^^^^^^
  File "/Users/sachinmishra/Desktop/MCP/.venv/lib/python3.12/site-packages/sqlalchemy/engine/base.py", line 1846, in _execute_context
    return self._exec_single_context(
           ^^^^^^^^^^^^^^^^^^^^^^^^^^
  File "/Users/sachinmishra/Desktop/MCP/.venv/lib/python3.12/site-packages/sqlalchemy/engine/base.py", line 1986, in _exec_single_context
    self._handle_dbapi_exception(
  File "/Users/sachinmishra/Desktop/MCP/.venv/lib/python3.12/site-packages/sqlalchemy/engine/base.py", line 2363, in _handle_dbapi_exception
    raise sqlalchemy_exception.with_traceback(exc_info[2]) from e
  File "/Users/sachinmishra/Desktop/MCP/.venv/lib/python3.12/site-packages/sqlalchemy/engine/base.py", line 1967, in _exec_single_context
    self.dialect.do_execute(
  File "/Users/sachinmishra/Desktop/MCP/.venv/lib/python3.12/site-packages/sqlalchemy/engine/default.py", line 952, in do_execute
    cursor.execute(statement, parameters)
  File "/Users/sachinmishra/Desktop/MCP/.venv/lib/python3.12/site-packages/sqlalchemy/dialects/postgresql/asyncpg.py", line 585, in execute
    self._adapt_connection.await_(
  File "/Users/sachinmishra/Desktop/MCP/.venv/lib/python3.12/site-packages/sqlalchemy/util/_concurrency_py3k.py", line 132, in await_only
    return current.parent.switch(awaitable)  # type: ignore[no-any-return,attr-defined] # noqa: E501
           ^^^^^^^^^^^^^^^^^^^^^^^^^^^^^^^^
  File "/Users/sachinmishra/Desktop/MCP/.venv/lib/python3.12/site-packages/sqlalchemy/util/_concurrency_py3k.py", line 196, in greenlet_spawn
    value = await result
            ^^^^^^^^^^^^
  File "/Users/sachinmishra/Desktop/MCP/.venv/lib/python3.12/site-packages/sqlalchemy/dialects/postgresql/asyncpg.py", line 563, in _prepare_and_execute
    self._handle_exception(error)
  File "/Users/sachinmishra/Desktop/MCP/.venv/lib/python3.12/site-packages/sqlalchemy/dialects/postgresql/asyncpg.py", line 513, in _handle_exception
    self._adapt_connection._handle_exception(error)
  File "/Users/sachinmishra/Desktop/MCP/.venv/lib/python3.12/site-packages/sqlalchemy/dialects/postgresql/asyncpg.py", line 797, in _handle_exception
    raise translated_error from error
sqlalchemy.exc.DBAPIError: (sqlalchemy.dialects.postgresql.asyncpg.Error) <class 'asyncpg.exceptions.DataError'>: invalid input for query argument $5: datetime.datetime(2026, 2, 10, 16, 1, 55... (can't subtract offset-naive and offset-aware datetimes)
[SQL: INSERT INTO vital (id, user_id, metric, value, timestamp) VALUES ($1::UUID, $2::UUID, $3::VARCHAR, $4::FLOAT, $5::TIMESTAMP WITHOUT TIME ZONE)]
[parameters: (UUID('e54cf526-43d8-475e-9da0-9e41d3e92de8'), UUID('f21c4163-ffd3-4b2b-837e-52990335c8d9'), 'spo2', 96.0, datetime.datetime(2026, 2, 10, 16, 1, 55, 991101, tzinfo=datetime.timezone.utc))]
(Background on this error at: https://sqlalche.me/e/20/dbapi)
INFO:     127.0.0.1:57443 - "POST /vitals HTTP/1.1" 500 Internal Server Error
ERROR:    Exception in ASGI application
Traceback (most recent call last):
  File "asyncpg/protocol/prepared_stmt.pyx", line 175, in asyncpg.protocol.protocol.PreparedStatementState._encode_bind_msg
  File "asyncpg/protocol/codecs/base.pyx", line 251, in asyncpg.protocol.protocol.Codec.encode
  File "asyncpg/protocol/codecs/base.pyx", line 153, in asyncpg.protocol.protocol.Codec.encode_scalar
  File "asyncpg/pgproto/codecs/datetime.pyx", line 152, in asyncpg.pgproto.pgproto.timestamp_encode
TypeError: can't subtract offset-naive and offset-aware datetimes

The above exception was the direct cause of the following exception:

Traceback (most recent call last):
  File "/Users/sachinmishra/Desktop/MCP/.venv/lib/python3.12/site-packages/sqlalchemy/dialects/postgresql/asyncpg.py", line 550, in _prepare_and_execute
    self._rows = deque(await prepared_stmt.fetch(*parameters))
                       ^^^^^^^^^^^^^^^^^^^^^^^^^^^^^^^^^^^^^^
  File "/Users/sachinmishra/Desktop/MCP/.venv/lib/python3.12/site-packages/asyncpg/prepared_stmt.py", line 177, in fetch
    data = await self.__bind_execute(args, 0, timeout)
           ^^^^^^^^^^^^^^^^^^^^^^^^^^^^^^^^^^^^^^^^^^^
  File "/Users/sachinmishra/Desktop/MCP/.venv/lib/python3.12/site-packages/asyncpg/prepared_stmt.py", line 268, in __bind_execute
    data, status, _ = await self.__do_execute(
                      ^^^^^^^^^^^^^^^^^^^^^^^^
  File "/Users/sachinmishra/Desktop/MCP/.venv/lib/python3.12/site-packages/asyncpg/prepared_stmt.py", line 257, in __do_execute
    return await executor(protocol)
           ^^^^^^^^^^^^^^^^^^^^^^^^
  File "asyncpg/protocol/protocol.pyx", line 184, in bind_execute
  File "asyncpg/protocol/prepared_stmt.pyx", line 204, in asyncpg.protocol.protocol.PreparedStatementState._encode_bind_msg
asyncpg.exceptions.DataError: invalid input for query argument $5: datetime.datetime(2026, 2, 10, 16, 1, 58... (can't subtract offset-naive and offset-aware datetimes)

The above exception was the direct cause of the following exception:

Traceback (most recent call last):
  File "/Users/sachinmishra/Desktop/MCP/.venv/lib/python3.12/site-packages/sqlalchemy/engine/base.py", line 1967, in _exec_single_context
    self.dialect.do_execute(
  File "/Users/sachinmishra/Desktop/MCP/.venv/lib/python3.12/site-packages/sqlalchemy/engine/default.py", line 952, in do_execute
    cursor.execute(statement, parameters)
  File "/Users/sachinmishra/Desktop/MCP/.venv/lib/python3.12/site-packages/sqlalchemy/dialects/postgresql/asyncpg.py", line 585, in execute
    self._adapt_connection.await_(
  File "/Users/sachinmishra/Desktop/MCP/.venv/lib/python3.12/site-packages/sqlalchemy/util/_concurrency_py3k.py", line 132, in await_only
    return current.parent.switch(awaitable)  # type: ignore[no-any-return,attr-defined] # noqa: E501
           ^^^^^^^^^^^^^^^^^^^^^^^^^^^^^^^^
  File "/Users/sachinmishra/Desktop/MCP/.venv/lib/python3.12/site-packages/sqlalchemy/util/_concurrency_py3k.py", line 196, in greenlet_spawn
    value = await result
            ^^^^^^^^^^^^
  File "/Users/sachinmishra/Desktop/MCP/.venv/lib/python3.12/site-packages/sqlalchemy/dialects/postgresql/asyncpg.py", line 563, in _prepare_and_execute
    self._handle_exception(error)
  File "/Users/sachinmishra/Desktop/MCP/.venv/lib/python3.12/site-packages/sqlalchemy/dialects/postgresql/asyncpg.py", line 513, in _handle_exception
    self._adapt_connection._handle_exception(error)
  File "/Users/sachinmishra/Desktop/MCP/.venv/lib/python3.12/site-packages/sqlalchemy/dialects/postgresql/asyncpg.py", line 797, in _handle_exception
    raise translated_error from error
sqlalchemy.dialects.postgresql.asyncpg.AsyncAdapt_asyncpg_dbapi.Error: <class 'asyncpg.exceptions.DataError'>: invalid input for query argument $5: datetime.datetime(2026, 2, 10, 16, 1, 58... (can't subtract offset-naive and offset-aware datetimes)

The above exception was the direct cause of the following exception:

Traceback (most recent call last):
  File "/Users/sachinmishra/Desktop/MCP/.venv/lib/python3.12/site-packages/uvicorn/protocols/http/httptools_impl.py", line 416, in run_asgi
    result = await app(  # type: ignore[func-returns-value]
             ^^^^^^^^^^^^^^^^^^^^^^^^^^^^^^^^^^^^^^^^^^^^^^
  File "/Users/sachinmishra/Desktop/MCP/.venv/lib/python3.12/site-packages/uvicorn/middleware/proxy_headers.py", line 60, in __call__
    return await self.app(scope, receive, send)
           ^^^^^^^^^^^^^^^^^^^^^^^^^^^^^^^^^^^^
  File "/Users/sachinmishra/Desktop/MCP/.venv/lib/python3.12/site-packages/fastapi/applications.py", line 1138, in __call__
    await super().__call__(scope, receive, send)
  File "/Users/sachinmishra/Desktop/MCP/.venv/lib/python3.12/site-packages/starlette/applications.py", line 107, in __call__
    await self.middleware_stack(scope, receive, send)
  File "/Users/sachinmishra/Desktop/MCP/.venv/lib/python3.12/site-packages/starlette/middleware/errors.py", line 186, in __call__
    raise exc
  File "/Users/sachinmishra/Desktop/MCP/.venv/lib/python3.12/site-packages/starlette/middleware/errors.py", line 164, in __call__
    await self.app(scope, receive, _send)
  File "/Users/sachinmishra/Desktop/MCP/.venv/lib/python3.12/site-packages/starlette/middleware/exceptions.py", line 63, in __call__
    await wrap_app_handling_exceptions(self.app, conn)(scope, receive, send)
  File "/Users/sachinmishra/Desktop/MCP/.venv/lib/python3.12/site-packages/starlette/_exception_handler.py", line 53, in wrapped_app
    raise exc
  File "/Users/sachinmishra/Desktop/MCP/.venv/lib/python3.12/site-packages/starlette/_exception_handler.py", line 42, in wrapped_app
    await app(scope, receive, sender)
  File "/Users/sachinmishra/Desktop/MCP/.venv/lib/python3.12/site-packages/fastapi/middleware/asyncexitstack.py", line 18, in __call__
    await self.app(scope, receive, send)
  File "/Users/sachinmishra/Desktop/MCP/.venv/lib/python3.12/site-packages/starlette/routing.py", line 716, in __call__
    await self.middleware_stack(scope, receive, send)
  File "/Users/sachinmishra/Desktop/MCP/.venv/lib/python3.12/site-packages/starlette/routing.py", line 736, in app
    await route.handle(scope, receive, send)
  File "/Users/sachinmishra/Desktop/MCP/.venv/lib/python3.12/site-packages/starlette/routing.py", line 290, in handle
    await self.app(scope, receive, send)
  File "/Users/sachinmishra/Desktop/MCP/.venv/lib/python3.12/site-packages/fastapi/routing.py", line 121, in app
    await wrap_app_handling_exceptions(app, request)(scope, receive, send)
  File "/Users/sachinmishra/Desktop/MCP/.venv/lib/python3.12/site-packages/starlette/_exception_handler.py", line 53, in wrapped_app
    raise exc
  File "/Users/sachinmishra/Desktop/MCP/.venv/lib/python3.12/site-packages/starlette/_exception_handler.py", line 42, in wrapped_app
    await app(scope, receive, sender)
  File "/Users/sachinmishra/Desktop/MCP/.venv/lib/python3.12/site-packages/fastapi/routing.py", line 107, in app
    response = await f(request)
               ^^^^^^^^^^^^^^^^
  File "/Users/sachinmishra/Desktop/MCP/.venv/lib/python3.12/site-packages/fastapi/routing.py", line 426, in app
    raw_response = await run_endpoint_function(
                   ^^^^^^^^^^^^^^^^^^^^^^^^^^^^
  File "/Users/sachinmishra/Desktop/MCP/.venv/lib/python3.12/site-packages/fastapi/routing.py", line 314, in run_endpoint_function
    return await dependant.call(**values)
           ^^^^^^^^^^^^^^^^^^^^^^^^^^^^^^
  File "/Users/sachinmishra/Desktop/MCP/health-monitor/backend/main.py", line 45, in ingest_vital
    await session.commit()
  File "/Users/sachinmishra/Desktop/MCP/.venv/lib/python3.12/site-packages/sqlalchemy/ext/asyncio/session.py", line 1000, in commit
    await greenlet_spawn(self.sync_session.commit)
  File "/Users/sachinmishra/Desktop/MCP/.venv/lib/python3.12/site-packages/sqlalchemy/util/_concurrency_py3k.py", line 203, in greenlet_spawn
    result = context.switch(value)
             ^^^^^^^^^^^^^^^^^^^^^
  File "/Users/sachinmishra/Desktop/MCP/.venv/lib/python3.12/site-packages/sqlalchemy/orm/session.py", line 2030, in commit
    trans.commit(_to_root=True)
  File "<string>", line 2, in commit
  File "/Users/sachinmishra/Desktop/MCP/.venv/lib/python3.12/site-packages/sqlalchemy/orm/state_changes.py", line 137, in _go
    ret_value = fn(self, *arg, **kw)
                ^^^^^^^^^^^^^^^^^^^^
  File "/Users/sachinmishra/Desktop/MCP/.venv/lib/python3.12/site-packages/sqlalchemy/orm/session.py", line 1311, in commit
    self._prepare_impl()
  File "<string>", line 2, in _prepare_impl
  File "/Users/sachinmishra/Desktop/MCP/.venv/lib/python3.12/site-packages/sqlalchemy/orm/state_changes.py", line 137, in _go
    ret_value = fn(self, *arg, **kw)
                ^^^^^^^^^^^^^^^^^^^^
  File "/Users/sachinmishra/Desktop/MCP/.venv/lib/python3.12/site-packages/sqlalchemy/orm/session.py", line 1286, in _prepare_impl
    self.session.flush()
  File "/Users/sachinmishra/Desktop/MCP/.venv/lib/python3.12/site-packages/sqlalchemy/orm/session.py", line 4331, in flush
    self._flush(objects)
  File "/Users/sachinmishra/Desktop/MCP/.venv/lib/python3.12/site-packages/sqlalchemy/orm/session.py", line 4466, in _flush
    with util.safe_reraise():
  File "/Users/sachinmishra/Desktop/MCP/.venv/lib/python3.12/site-packages/sqlalchemy/util/langhelpers.py", line 224, in __exit__
    raise exc_value.with_traceback(exc_tb)
  File "/Users/sachinmishra/Desktop/MCP/.venv/lib/python3.12/site-packages/sqlalchemy/orm/session.py", line 4427, in _flush
    flush_context.execute()
  File "/Users/sachinmishra/Desktop/MCP/.venv/lib/python3.12/site-packages/sqlalchemy/orm/unitofwork.py", line 466, in execute
    rec.execute(self)
  File "/Users/sachinmishra/Desktop/MCP/.venv/lib/python3.12/site-packages/sqlalchemy/orm/unitofwork.py", line 642, in execute
    util.preloaded.orm_persistence.save_obj(
  File "/Users/sachinmishra/Desktop/MCP/.venv/lib/python3.12/site-packages/sqlalchemy/orm/persistence.py", line 93, in save_obj
    _emit_insert_statements(
  File "/Users/sachinmishra/Desktop/MCP/.venv/lib/python3.12/site-packages/sqlalchemy/orm/persistence.py", line 1048, in _emit_insert_statements
    result = connection.execute(
             ^^^^^^^^^^^^^^^^^^^
  File "/Users/sachinmishra/Desktop/MCP/.venv/lib/python3.12/site-packages/sqlalchemy/engine/base.py", line 1419, in execute
    return meth(
           ^^^^^
  File "/Users/sachinmishra/Desktop/MCP/.venv/lib/python3.12/site-packages/sqlalchemy/sql/elements.py", line 527, in _execute_on_connection
    return connection._execute_clauseelement(
           ^^^^^^^^^^^^^^^^^^^^^^^^^^^^^^^^^^
  File "/Users/sachinmishra/Desktop/MCP/.venv/lib/python3.12/site-packages/sqlalchemy/engine/base.py", line 1641, in _execute_clauseelement
    ret = self._execute_context(
          ^^^^^^^^^^^^^^^^^^^^^^
  File "/Users/sachinmishra/Desktop/MCP/.venv/lib/python3.12/site-packages/sqlalchemy/engine/base.py", line 1846, in _execute_context
    return self._exec_single_context(
           ^^^^^^^^^^^^^^^^^^^^^^^^^^
  File "/Users/sachinmishra/Desktop/MCP/.venv/lib/python3.12/site-packages/sqlalchemy/engine/base.py", line 1986, in _exec_single_context
    self._handle_dbapi_exception(
  File "/Users/sachinmishra/Desktop/MCP/.venv/lib/python3.12/site-packages/sqlalchemy/engine/base.py", line 2363, in _handle_dbapi_exception
    raise sqlalchemy_exception.with_traceback(exc_info[2]) from e
  File "/Users/sachinmishra/Desktop/MCP/.venv/lib/python3.12/site-packages/sqlalchemy/engine/base.py", line 1967, in _exec_single_context
    self.dialect.do_execute(
  File "/Users/sachinmishra/Desktop/MCP/.venv/lib/python3.12/site-packages/sqlalchemy/engine/default.py", line 952, in do_execute
    cursor.execute(statement, parameters)
  File "/Users/sachinmishra/Desktop/MCP/.venv/lib/python3.12/site-packages/sqlalchemy/dialects/postgresql/asyncpg.py", line 585, in execute
    self._adapt_connection.await_(
  File "/Users/sachinmishra/Desktop/MCP/.venv/lib/python3.12/site-packages/sqlalchemy/util/_concurrency_py3k.py", line 132, in await_only
    return current.parent.switch(awaitable)  # type: ignore[no-any-return,attr-defined] # noqa: E501
           ^^^^^^^^^^^^^^^^^^^^^^^^^^^^^^^^
  File "/Users/sachinmishra/Desktop/MCP/.venv/lib/python3.12/site-packages/sqlalchemy/util/_concurrency_py3k.py", line 196, in greenlet_spawn
    value = await result
            ^^^^^^^^^^^^
  File "/Users/sachinmishra/Desktop/MCP/.venv/lib/python3.12/site-packages/sqlalchemy/dialects/postgresql/asyncpg.py", line 563, in _prepare_and_execute
    self._handle_exception(error)
  File "/Users/sachinmishra/Desktop/MCP/.venv/lib/python3.12/site-packages/sqlalchemy/dialects/postgresql/asyncpg.py", line 513, in _handle_exception
    self._adapt_connection._handle_exception(error)
  File "/Users/sachinmishra/Desktop/MCP/.venv/lib/python3.12/site-packages/sqlalchemy/dialects/postgresql/asyncpg.py", line 797, in _handle_exception
    raise translated_error from error
sqlalchemy.exc.DBAPIError: (sqlalchemy.dialects.postgresql.asyncpg.Error) <class 'asyncpg.exceptions.DataError'>: invalid input for query argument $5: datetime.datetime(2026, 2, 10, 16, 1, 58... (can't subtract offset-naive and offset-aware datetimes)
[SQL: INSERT INTO vital (id, user_id, metric, value, timestamp) VALUES ($1::UUID, $2::UUID, $3::VARCHAR, $4::FLOAT, $5::TIMESTAMP WITHOUT TIME ZONE)]
[parameters: (UUID('82b9cd1a-f843-47bb-b40b-e2b728b66869'), UUID('f21c4163-ffd3-4b2b-837e-52990335c8d9'), 'glucose', 108.0, datetime.datetime(2026, 2, 10, 16, 1, 58, 10692, tzinfo=datetime.timezone.utc))]
(Background on this error at: https://sqlalche.me/e/20/dbapi)
INFO:     127.0.0.1:57445 - "POST /vitals HTTP/1.1" 500 Internal Server Error
ERROR:    Exception in ASGI application
Traceback (most recent call last):
  File "asyncpg/protocol/prepared_stmt.pyx", line 175, in asyncpg.protocol.protocol.PreparedStatementState._encode_bind_msg
  File "asyncpg/protocol/codecs/base.pyx", line 251, in asyncpg.protocol.protocol.Codec.encode
  File "asyncpg/protocol/codecs/base.pyx", line 153, in asyncpg.protocol.protocol.Codec.encode_scalar
  File "asyncpg/pgproto/codecs/datetime.pyx", line 152, in asyncpg.pgproto.pgproto.timestamp_encode
TypeError: can't subtract offset-naive and offset-aware datetimes

The above exception was the direct cause of the following exception:

Traceback (most recent call last):
  File "/Users/sachinmishra/Desktop/MCP/.venv/lib/python3.12/site-packages/sqlalchemy/dialects/postgresql/asyncpg.py", line 550, in _prepare_and_execute
    self._rows = deque(await prepared_stmt.fetch(*parameters))
                       ^^^^^^^^^^^^^^^^^^^^^^^^^^^^^^^^^^^^^^
  File "/Users/sachinmishra/Desktop/MCP/.venv/lib/python3.12/site-packages/asyncpg/prepared_stmt.py", line 177, in fetch
    data = await self.__bind_execute(args, 0, timeout)
           ^^^^^^^^^^^^^^^^^^^^^^^^^^^^^^^^^^^^^^^^^^^
  File "/Users/sachinmishra/Desktop/MCP/.venv/lib/python3.12/site-packages/asyncpg/prepared_stmt.py", line 268, in __bind_execute
    data, status, _ = await self.__do_execute(
                      ^^^^^^^^^^^^^^^^^^^^^^^^
  File "/Users/sachinmishra/Desktop/MCP/.venv/lib/python3.12/site-packages/asyncpg/prepared_stmt.py", line 257, in __do_execute
    return await executor(protocol)
           ^^^^^^^^^^^^^^^^^^^^^^^^
  File "asyncpg/protocol/protocol.pyx", line 184, in bind_execute
  File "asyncpg/protocol/prepared_stmt.pyx", line 204, in asyncpg.protocol.protocol.PreparedStatementState._encode_bind_msg
asyncpg.exceptions.DataError: invalid input for query argument $5: datetime.datetime(2026, 2, 10, 16, 2, 0,... (can't subtract offset-naive and offset-aware datetimes)

The above exception was the direct cause of the following exception:

Traceback (most recent call last):
  File "/Users/sachinmishra/Desktop/MCP/.venv/lib/python3.12/site-packages/sqlalchemy/engine/base.py", line 1967, in _exec_single_context
    self.dialect.do_execute(
  File "/Users/sachinmishra/Desktop/MCP/.venv/lib/python3.12/site-packages/sqlalchemy/engine/default.py", line 952, in do_execute
    cursor.execute(statement, parameters)
  File "/Users/sachinmishra/Desktop/MCP/.venv/lib/python3.12/site-packages/sqlalchemy/dialects/postgresql/asyncpg.py", line 585, in execute
    self._adapt_connection.await_(
  File "/Users/sachinmishra/Desktop/MCP/.venv/lib/python3.12/site-packages/sqlalchemy/util/_concurrency_py3k.py", line 132, in await_only
    return current.parent.switch(awaitable)  # type: ignore[no-any-return,attr-defined] # noqa: E501
           ^^^^^^^^^^^^^^^^^^^^^^^^^^^^^^^^
  File "/Users/sachinmishra/Desktop/MCP/.venv/lib/python3.12/site-packages/sqlalchemy/util/_concurrency_py3k.py", line 196, in greenlet_spawn
    value = await result
            ^^^^^^^^^^^^
  File "/Users/sachinmishra/Desktop/MCP/.venv/lib/python3.12/site-packages/sqlalchemy/dialects/postgresql/asyncpg.py", line 563, in _prepare_and_execute
    self._handle_exception(error)
  File "/Users/sachinmishra/Desktop/MCP/.venv/lib/python3.12/site-packages/sqlalchemy/dialects/postgresql/asyncpg.py", line 513, in _handle_exception
    self._adapt_connection._handle_exception(error)
  File "/Users/sachinmishra/Desktop/MCP/.venv/lib/python3.12/site-packages/sqlalchemy/dialects/postgresql/asyncpg.py", line 797, in _handle_exception
    raise translated_error from error
sqlalchemy.dialects.postgresql.asyncpg.AsyncAdapt_asyncpg_dbapi.Error: <class 'asyncpg.exceptions.DataError'>: invalid input for query argument $5: datetime.datetime(2026, 2, 10, 16, 2, 0,... (can't subtract offset-naive and offset-aware datetimes)

The above exception was the direct cause of the following exception:

Traceback (most recent call last):
  File "/Users/sachinmishra/Desktop/MCP/.venv/lib/python3.12/site-packages/uvicorn/protocols/http/httptools_impl.py", line 416, in run_asgi
    result = await app(  # type: ignore[func-returns-value]
             ^^^^^^^^^^^^^^^^^^^^^^^^^^^^^^^^^^^^^^^^^^^^^^
  File "/Users/sachinmishra/Desktop/MCP/.venv/lib/python3.12/site-packages/uvicorn/middleware/proxy_headers.py", line 60, in __call__
    return await self.app(scope, receive, send)
           ^^^^^^^^^^^^^^^^^^^^^^^^^^^^^^^^^^^^
  File "/Users/sachinmishra/Desktop/MCP/.venv/lib/python3.12/site-packages/fastapi/applications.py", line 1138, in __call__
    await super().__call__(scope, receive, send)
  File "/Users/sachinmishra/Desktop/MCP/.venv/lib/python3.12/site-packages/starlette/applications.py", line 107, in __call__
    await self.middleware_stack(scope, receive, send)
  File "/Users/sachinmishra/Desktop/MCP/.venv/lib/python3.12/site-packages/starlette/middleware/errors.py", line 186, in __call__
    raise exc
  File "/Users/sachinmishra/Desktop/MCP/.venv/lib/python3.12/site-packages/starlette/middleware/errors.py", line 164, in __call__
    await self.app(scope, receive, _send)
  File "/Users/sachinmishra/Desktop/MCP/.venv/lib/python3.12/site-packages/starlette/middleware/exceptions.py", line 63, in __call__
    await wrap_app_handling_exceptions(self.app, conn)(scope, receive, send)
  File "/Users/sachinmishra/Desktop/MCP/.venv/lib/python3.12/site-packages/starlette/_exception_handler.py", line 53, in wrapped_app
    raise exc
  File "/Users/sachinmishra/Desktop/MCP/.venv/lib/python3.12/site-packages/starlette/_exception_handler.py", line 42, in wrapped_app
    await app(scope, receive, sender)
  File "/Users/sachinmishra/Desktop/MCP/.venv/lib/python3.12/site-packages/fastapi/middleware/asyncexitstack.py", line 18, in __call__
    await self.app(scope, receive, send)
  File "/Users/sachinmishra/Desktop/MCP/.venv/lib/python3.12/site-packages/starlette/routing.py", line 716, in __call__
    await self.middleware_stack(scope, receive, send)
  File "/Users/sachinmishra/Desktop/MCP/.venv/lib/python3.12/site-packages/starlette/routing.py", line 736, in app
    await route.handle(scope, receive, send)
  File "/Users/sachinmishra/Desktop/MCP/.venv/lib/python3.12/site-packages/starlette/routing.py", line 290, in handle
    await self.app(scope, receive, send)
  File "/Users/sachinmishra/Desktop/MCP/.venv/lib/python3.12/site-packages/fastapi/routing.py", line 121, in app
    await wrap_app_handling_exceptions(app, request)(scope, receive, send)
  File "/Users/sachinmishra/Desktop/MCP/.venv/lib/python3.12/site-packages/starlette/_exception_handler.py", line 53, in wrapped_app
    raise exc
  File "/Users/sachinmishra/Desktop/MCP/.venv/lib/python3.12/site-packages/starlette/_exception_handler.py", line 42, in wrapped_app
    await app(scope, receive, sender)
  File "/Users/sachinmishra/Desktop/MCP/.venv/lib/python3.12/site-packages/fastapi/routing.py", line 107, in app
    response = await f(request)
               ^^^^^^^^^^^^^^^^
  File "/Users/sachinmishra/Desktop/MCP/.venv/lib/python3.12/site-packages/fastapi/routing.py", line 426, in app
    raw_response = await run_endpoint_function(
                   ^^^^^^^^^^^^^^^^^^^^^^^^^^^^
  File "/Users/sachinmishra/Desktop/MCP/.venv/lib/python3.12/site-packages/fastapi/routing.py", line 314, in run_endpoint_function
    return await dependant.call(**values)
           ^^^^^^^^^^^^^^^^^^^^^^^^^^^^^^
  File "/Users/sachinmishra/Desktop/MCP/health-monitor/backend/main.py", line 45, in ingest_vital
    await session.commit()
  File "/Users/sachinmishra/Desktop/MCP/.venv/lib/python3.12/site-packages/sqlalchemy/ext/asyncio/session.py", line 1000, in commit
    await greenlet_spawn(self.sync_session.commit)
  File "/Users/sachinmishra/Desktop/MCP/.venv/lib/python3.12/site-packages/sqlalchemy/util/_concurrency_py3k.py", line 203, in greenlet_spawn
    result = context.switch(value)
             ^^^^^^^^^^^^^^^^^^^^^
  File "/Users/sachinmishra/Desktop/MCP/.venv/lib/python3.12/site-packages/sqlalchemy/orm/session.py", line 2030, in commit
    trans.commit(_to_root=True)
  File "<string>", line 2, in commit
  File "/Users/sachinmishra/Desktop/MCP/.venv/lib/python3.12/site-packages/sqlalchemy/orm/state_changes.py", line 137, in _go
    ret_value = fn(self, *arg, **kw)
                ^^^^^^^^^^^^^^^^^^^^
  File "/Users/sachinmishra/Desktop/MCP/.venv/lib/python3.12/site-packages/sqlalchemy/orm/session.py", line 1311, in commit
    self._prepare_impl()
  File "<string>", line 2, in _prepare_impl
  File "/Users/sachinmishra/Desktop/MCP/.venv/lib/python3.12/site-packages/sqlalchemy/orm/state_changes.py", line 137, in _go
    ret_value = fn(self, *arg, **kw)
                ^^^^^^^^^^^^^^^^^^^^
  File "/Users/sachinmishra/Desktop/MCP/.venv/lib/python3.12/site-packages/sqlalchemy/orm/session.py", line 1286, in _prepare_impl
    self.session.flush()
  File "/Users/sachinmishra/Desktop/MCP/.venv/lib/python3.12/site-packages/sqlalchemy/orm/session.py", line 4331, in flush
    self._flush(objects)
  File "/Users/sachinmishra/Desktop/MCP/.venv/lib/python3.12/site-packages/sqlalchemy/orm/session.py", line 4466, in _flush
    with util.safe_reraise():
  File "/Users/sachinmishra/Desktop/MCP/.venv/lib/python3.12/site-packages/sqlalchemy/util/langhelpers.py", line 224, in __exit__
    raise exc_value.with_traceback(exc_tb)
  File "/Users/sachinmishra/Desktop/MCP/.venv/lib/python3.12/site-packages/sqlalchemy/orm/session.py", line 4427, in _flush
    flush_context.execute()
  File "/Users/sachinmishra/Desktop/MCP/.venv/lib/python3.12/site-packages/sqlalchemy/orm/unitofwork.py", line 466, in execute
    rec.execute(self)
  File "/Users/sachinmishra/Desktop/MCP/.venv/lib/python3.12/site-packages/sqlalchemy/orm/unitofwork.py", line 642, in execute
    util.preloaded.orm_persistence.save_obj(
  File "/Users/sachinmishra/Desktop/MCP/.venv/lib/python3.12/site-packages/sqlalchemy/orm/persistence.py", line 93, in save_obj
    _emit_insert_statements(
  File "/Users/sachinmishra/Desktop/MCP/.venv/lib/python3.12/site-packages/sqlalchemy/orm/persistence.py", line 1048, in _emit_insert_statements
    result = connection.execute(
             ^^^^^^^^^^^^^^^^^^^
  File "/Users/sachinmishra/Desktop/MCP/.venv/lib/python3.12/site-packages/sqlalchemy/engine/base.py", line 1419, in execute
    return meth(
           ^^^^^
  File "/Users/sachinmishra/Desktop/MCP/.venv/lib/python3.12/site-packages/sqlalchemy/sql/elements.py", line 527, in _execute_on_connection
    return connection._execute_clauseelement(
           ^^^^^^^^^^^^^^^^^^^^^^^^^^^^^^^^^^
  File "/Users/sachinmishra/Desktop/MCP/.venv/lib/python3.12/site-packages/sqlalchemy/engine/base.py", line 1641, in _execute_clauseelement
    ret = self._execute_context(
          ^^^^^^^^^^^^^^^^^^^^^^
  File "/Users/sachinmishra/Desktop/MCP/.venv/lib/python3.12/site-packages/sqlalchemy/engine/base.py", line 1846, in _execute_context
    return self._exec_single_context(
           ^^^^^^^^^^^^^^^^^^^^^^^^^^
  File "/Users/sachinmishra/Desktop/MCP/.venv/lib/python3.12/site-packages/sqlalchemy/engine/base.py", line 1986, in _exec_single_context
    self._handle_dbapi_exception(
  File "/Users/sachinmishra/Desktop/MCP/.venv/lib/python3.12/site-packages/sqlalchemy/engine/base.py", line 2363, in _handle_dbapi_exception
    raise sqlalchemy_exception.with_traceback(exc_info[2]) from e
  File "/Users/sachinmishra/Desktop/MCP/.venv/lib/python3.12/site-packages/sqlalchemy/engine/base.py", line 1967, in _exec_single_context
    self.dialect.do_execute(
  File "/Users/sachinmishra/Desktop/MCP/.venv/lib/python3.12/site-packages/sqlalchemy/engine/default.py", line 952, in do_execute
    cursor.execute(statement, parameters)
  File "/Users/sachinmishra/Desktop/MCP/.venv/lib/python3.12/site-packages/sqlalchemy/dialects/postgresql/asyncpg.py", line 585, in execute
    self._adapt_connection.await_(
  File "/Users/sachinmishra/Desktop/MCP/.venv/lib/python3.12/site-packages/sqlalchemy/util/_concurrency_py3k.py", line 132, in await_only
    return current.parent.switch(awaitable)  # type: ignore[no-any-return,attr-defined] # noqa: E501
           ^^^^^^^^^^^^^^^^^^^^^^^^^^^^^^^^
  File "/Users/sachinmishra/Desktop/MCP/.venv/lib/python3.12/site-packages/sqlalchemy/util/_concurrency_py3k.py", line 196, in greenlet_spawn
    value = await result
            ^^^^^^^^^^^^
  File "/Users/sachinmishra/Desktop/MCP/.venv/lib/python3.12/site-packages/sqlalchemy/dialects/postgresql/asyncpg.py", line 563, in _prepare_and_execute
    self._handle_exception(error)
  File "/Users/sachinmishra/Desktop/MCP/.venv/lib/python3.12/site-packages/sqlalchemy/dialects/postgresql/asyncpg.py", line 513, in _handle_exception
    self._adapt_connection._handle_exception(error)
  File "/Users/sachinmishra/Desktop/MCP/.venv/lib/python3.12/site-packages/sqlalchemy/dialects/postgresql/asyncpg.py", line 797, in _handle_exception
    raise translated_error from error
sqlalchemy.exc.DBAPIError: (sqlalchemy.dialects.postgresql.asyncpg.Error) <class 'asyncpg.exceptions.DataError'>: invalid input for query argument $5: datetime.datetime(2026, 2, 10, 16, 2, 0,... (can't subtract offset-naive and offset-aware datetimes)
[SQL: INSERT INTO vital (id, user_id, metric, value, timestamp) VALUES ($1::UUID, $2::UUID, $3::VARCHAR, $4::FLOAT, $5::TIMESTAMP WITHOUT TIME ZONE)]
[parameters: (UUID('f9cadca5-13fd-4f04-b420-9d2d38f5bd8d'), UUID('f21c4163-ffd3-4b2b-837e-52990335c8d9'), 'spo2', 98.0, datetime.datetime(2026, 2, 10, 16, 2, 0, 30056, tzinfo=datetime.timezone.utc))]
(Background on this error at: https://sqlalche.me/e/20/dbapi)
WARNING:  WatchFiles detected changes in 'models.py'. Reloading...
INFO:     Shutting down
INFO:     Waiting for application shutdown.
INFO:     Application shutdown complete.
INFO:     Finished server process [30783]
INFO:     Started server process [31347]
INFO:     Waiting for application startup.
INFO:     Application startup complete.
INFO:     127.0.0.1:57452 - "POST /vitals HTTP/1.1" 200 OK
INFO:     127.0.0.1:57452 - "POST /vitals HTTP/1.1" 200 OK
INFO:     127.0.0.1:57452 - "POST /vitals HTTP/1.1" 200 OK
INFO:     127.0.0.1:57452 - "POST /vitals HTTP/1.1" 200 OK
WARNING:  WatchFiles detected changes in 'database.py'. Reloading...
INFO:     Shutting down
INFO:     Waiting for application shutdown.
INFO:     Application shutdown complete.
INFO:     Finished server process [31347]
INFO:     Started server process [31380]
INFO:     Waiting for application startup.
INFO:     Application startup complete.
WARNING:  WatchFiles detected changes in 'database.py'. Reloading...
INFO:     Shutting down
INFO:     Waiting for application shutdown.
INFO:     Application shutdown complete.
INFO:     Finished server process [31380]
INFO:     Started server process [31455]
INFO:     Waiting for application startup.
INFO:     Application startup complete.
INFO:     127.0.0.1:57497 - "POST /auth/register HTTP/1.1" 400 Bad Request
INFO:     127.0.0.1:57497 - "POST /auth/token HTTP/1.1" 200 OK
INFO:     127.0.0.1:57499 - "POST /vitals HTTP/1.1" 200 OK
INFO:     127.0.0.1:57499 - "POST /vitals HTTP/1.1" 200 OK
INFO:     127.0.0.1:57499 - "POST /vitals HTTP/1.1" 200 OK
INFO:     127.0.0.1:57499 - "POST /vitals HTTP/1.1" 200 OK
INFO:     127.0.0.1:57499 - "POST /vitals HTTP/1.1" 200 OK
INFO:     127.0.0.1:57499 - "POST /vitals HTTP/1.1" 200 OK
INFO:     127.0.0.1:57499 - "POST /vitals HTTP/1.1" 200 OK
INFO:     127.0.0.1:57499 - "POST /vitals HTTP/1.1" 200 OK
INFO:     127.0.0.1:57499 - "POST /vitals HTTP/1.1" 200 OK
INFO:     127.0.0.1:57499 - "POST /vitals HTTP/1.1" 200 OK
INFO:     127.0.0.1:57499 - "POST /vitals HTTP/1.1" 200 OK
INFO:     127.0.0.1:57499 - "POST /vitals HTTP/1.1" 200 OK
INFO:     127.0.0.1:57499 - "POST /vitals HTTP/1.1" 200 OK
INFO:     127.0.0.1:57499 - "POST /vitals HTTP/1.1" 200 OK
INFO:     127.0.0.1:57499 - "POST /vitals HTTP/1.1" 200 OK
INFO:     127.0.0.1:57499 - "POST /vitals HTTP/1.1" 200 OK
INFO:     127.0.0.1:57499 - "POST /vitals HTTP/1.1" 200 OK
INFO:     127.0.0.1:57499 - "POST /vitals HTTP/1.1" 200 OK
INFO:     127.0.0.1:57499 - "POST /vitals HTTP/1.1" 200 OK
INFO:     127.0.0.1:57499 - "POST /vitals HTTP/1.1" 200 OK
WARNING:  WatchFiles detected changes in 'main.py'. Reloading...
INFO:     Shutting down
INFO:     Waiting for application shutdown.
INFO:     Application shutdown complete.
INFO:     Finished server process [31455]
INFO:     Started server process [32576]
INFO:     Waiting for application startup.
INFO:     Application startup complete.
INFO:     127.0.0.1:57572 - "POST /auth/register HTTP/1.1" 400 Bad Request
INFO:     127.0.0.1:57572 - "POST /auth/token HTTP/1.1" 200 OK
INFO:     127.0.0.1:57574 - "POST /vitals HTTP/1.1" 200 OK
INFO:     127.0.0.1:57574 - "POST /vitals HTTP/1.1" 200 OK
INFO:     127.0.0.1:57574 - "POST /vitals HTTP/1.1" 200 OK
INFO:     127.0.0.1:57574 - "POST /vitals HTTP/1.1" 200 OK
INFO:     127.0.0.1:57574 - "POST /vitals HTTP/1.1" 200 OK
INFO:     127.0.0.1:57574 - "POST /vitals HTTP/1.1" 200 OK
INFO:     127.0.0.1:57574 - "POST /vitals HTTP/1.1" 200 OK
INFO:     127.0.0.1:57574 - "POST /vitals HTTP/1.1" 200 OK
INFO:     127.0.0.1:57574 - "POST /vitals HTTP/1.1" 200 OK
INFO:     127.0.0.1:57574 - "POST /vitals HTTP/1.1" 200 OK
INFO:     127.0.0.1:57574 - "POST /vitals HTTP/1.1" 200 OK
INFO:     127.0.0.1:57574 - "POST /vitals HTTP/1.1" 200 OK
INFO:     127.0.0.1:57574 - "POST /vitals HTTP/1.1" 200 OK
INFO:     127.0.0.1:57574 - "POST /vitals HTTP/1.1" 200 OK
INFO:     127.0.0.1:57574 - "POST /vitals HTTP/1.1" 200 OK
INFO:     127.0.0.1:57574 - "POST /vitals HTTP/1.1" 200 OK
INFO:     127.0.0.1:57574 - "POST /vitals HTTP/1.1" 200 OK
INFO:     127.0.0.1:57574 - "POST /vitals HTTP/1.1" 200 OK
INFO:     127.0.0.1:57574 - "POST /vitals HTTP/1.1" 200 OK
INFO:     127.0.0.1:57574 - "POST /vitals HTTP/1.1" 200 OK
